time,usage
2026-01-01T00:00:00,17.663
2026-01-01T01:00:00,18.158
2026-01-01T02:00:00,14.370
2026-01-01T03:00:00,14.167
2026-01-01T04:00:00,13.752
2026-01-01T05:00:00,13.150
2026-01-01T06:00:00,11.621
2026-01-01T07:00:00,10.086
2026-01-01T08:00:00,10.798
2026-01-01T09:00:00,10.941
2026-01-01T10:00:00,11.883
2026-01-01T11:00:00,12.584
2026-01-01T12:00:00,14.480
2026-01-01T13:00:00,16.752
2026-01-01T14:00:00,15.594
2026-01-01T15:00:00,18.038
2026-01-01T16:00:00,22.084
2026-01-01T17:00:00,20.463
2026-01-01T18:00:00,19.769
2026-01-01T19:00:00,22.207
2026-01-01T20:00:00,23.720
2026-01-01T21:00:00,22.838
2026-01-01T22:00:00,23.755
2026-01-01T23:00:00,19.982
2026-01-02T00:00:00,18.814
2026-01-02T01:00:00,17.586
2026-01-02T02:00:00,17.097
2026-01-02T03:00:00,13.360
2026-01-02T04:00:00,13.408
2026-01-02T05:00:00,12.353
2026-01-02T06:00:00,11.717
2026-01-02T07:00:00,11.468
2026-01-02T08:00:00,10.774
2026-01-02T09:00:00,11.074
2026-01-02T10:00:00,12.020
2026-01-02T11:00:00,12.524
2026-01-02T12:00:00,15.466
2026-01-02T13:00:00,15.990
2026-01-02T14:00:00,18.952
2026-01-02T15:00:00,19.168
2026-01-02T16:00:00,20.209
2026-01-02T17:00:00,21.526
2026-01-02T18:00:00,20.108
2026-01-02T19:00:00,20.187
2026-01-02T20:00:00,24.193
2026-01-02T21:00:00,20.034
2026-01-02T22:00:00,20.880
2026-01-02T23:00:00,20.807
2026-01-03T00:00:00,18.553
2026-01-03T01:00:00,17.902
2026-01-03T02:00:00,17.100
2026-01-03T03:00:00,17.429
2026-01-03T04:00:00,13.704
2026-01-03T05:00:00,11.894
2026-01-03T06:00:00,11.992
2026-01-03T07:00:00,11.728
2026-01-03T08:00:00,11.371
2026-01-03T09:00:00,11.200
2026-01-03T10:00:00,11.262
2026-01-03T11:00:00,13.553
2026-01-03T12:00:00,13.721
2026-01-03T13:00:00,15.045
2026-01-03T14:00:00,15.631
2026-01-03T15:00:00,18.146
2026-01-03T16:00:00,18.746
2026-01-03T17:00:00,20.895
2026-01-03T18:00:00,22.985
2026-01-03T19:00:00,22.671
2026-01-03T20:00:00,21.222
2026-01-03T21:00:00,22.600
2026-01-03T22:00:00,20.885
2026-01-03T23:00:00,17.879
2026-01-04T00:00:00,20.098
2026-01-04T01:00:00,17.821
2026-01-04T02:00:00,16.885
2026-01-04T03:00:00,16.254
2026-01-04T04:00:00,13.563
2026-01-04T05:00:00,13.093
2026-01-04T06:00:00,11.932
2026-01-04T07:00:00,11.176
2026-01-04T08:00:00,12.589
2026-01-04T09:00:00,11.366
2026-01-04T10:00:00,11.179
2026-01-04T11:00:00,12.375
2026-01-04T12:00:00,14.763
2026-01-04T13:00:00,13.615
2026-01-04T14:00:00,17.320
2026-01-04T15:00:00,18.979
2026-01-04T16:00:00,18.983
2026-01-04T17:00:00,21.389
2026-01-04T18:00:00,22.060
2026-01-04T19:00:00,21.122
2026-01-04T20:00:00,22.744
2026-01-04T21:00:00,21.960
2026-01-04T22:00:00,22.971
2026-01-04T23:00:00,19.524
2026-01-05T00:00:00,20.804
2026-01-05T01:00:00,17.389
2026-01-05T02:00:00,17.270
2026-01-05T03:00:00,16.088
2026-01-05T04:00:00,13.741
2026-01-05T05:00:00,11.642
2026-01-05T06:00:00,11.641
2026-01-05T07:00:00,11.018
2026-01-05T08:00:00,11.356
2026-01-05T09:00:00,11.727
2026-01-05T10:00:00,12.784
2026-01-05T11:00:00,13.003
2026-01-05T12:00:00,13.644
2026-01-05T13:00:00,15.272
2026-01-05T14:00:00,16.482
2026-01-05T15:00:00,16.610
2026-01-05T16:00:00,20.168
2026-01-05T17:00:00,21.248
2026-01-05T18:00:00,24.469
2026-01-05T19:00:00,26.619
2026-01-05T20:00:00,21.695
2026-01-05T21:00:00,24.362
2026-01-05T22:00:00,24.510
2026-01-05T23:00:00,19.747
2026-01-06T00:00:00,20.026
2026-01-06T01:00:00,18.441
2026-01-06T02:00:00,18.408
2026-01-06T03:00:00,15.848
2026-01-06T04:00:00,14.487
2026-01-06T05:00:00,12.333
2026-01-06T06:00:00,11.444
2026-01-06T07:00:00,12.120
2026-01-06T08:00:00,11.379
2026-01-06T09:00:00,12.332
2026-01-06T10:00:00,11.379
2026-01-06T11:00:00,12.408
2026-01-06T12:00:00,13.058
2026-01-06T13:00:00,14.198
2026-01-06T14:00:00,19.243
2026-01-06T15:00:00,20.553
2026-01-06T16:00:00,20.748
2026-01-06T17:00:00,21.063
2026-01-06T18:00:00,20.788
2026-01-06T19:00:00,24.067
2026-01-06T20:00:00,23.090
2026-01-06T21:00:00,22.234
2026-01-06T22:00:00,21.416
2026-01-06T23:00:00,21.799
2026-01-07T00:00:00,20.746
2026-01-07T01:00:00,16.343
2026-01-07T02:00:00,16.818
2026-01-07T03:00:00,13.590
2026-01-07T04:00:00,14.284
2026-01-07T05:00:00,13.581
2026-01-07T06:00:00,12.256
2026-01-07T07:00:00,11.838
2026-01-07T08:00:00,10.876
2026-01-07T09:00:00,11.430
2026-01-07T10:00:00,11.363
2026-01-07T11:00:00,12.789
2026-01-07T12:00:00,14.840
2026-01-07T13:00:00,16.947
2026-01-07T14:00:00,15.743
2026-01-07T15:00:00,17.323
2026-01-07T16:00:00,19.580
2026-01-07T17:00:00,20.842
2026-01-07T18:00:00,24.325
2026-01-07T19:00:00,24.852
2026-01-07T20:00:00,21.808
2026-01-07T21:00:00,23.541
2026-01-07T22:00:00,20.914
2026-01-07T23:00:00,20.084
2026-01-08T00:00:00,19.693
2026-01-08T01:00:00,19.165
2026-01-08T02:00:00,17.217
2026-01-08T03:00:00,16.375
2026-01-08T04:00:00,13.781
2026-01-08T05:00:00,12.672
2026-01-08T06:00:00,11.473
2026-01-08T07:00:00,11.589
2026-01-08T08:00:00,10.381
2026-01-08T09:00:00,11.950
2026-01-08T10:00:00,11.583
2026-01-08T11:00:00,12.590
2026-01-08T12:00:00,13.572
2026-01-08T13:00:00,15.049
2026-01-08T14:00:00,18.561
2026-01-08T15:00:00,19.092
2026-01-08T16:00:00,17.844
2026-01-08T17:00:00,21.616
2026-01-08T18:00:00,20.998
2026-01-08T19:00:00,21.611
2026-01-08T20:00:00,22.454
2026-01-08T21:00:00,21.571
2026-01-08T22:00:00,23.433
2026-01-08T23:00:00,19.497
2026-01-09T00:00:00,20.139
2026-01-09T01:00:00,17.888
2026-01-09T02:00:00,16.554
2026-01-09T03:00:00,15.134
2026-01-09T04:00:00,13.610
2026-01-09T05:00:00,13.619
2026-01-09T06:00:00,11.413
2026-01-09T07:00:00,10.615
2026-01-09T08:00:00,12.021
2026-01-09T09:00:00,11.243
2026-01-09T10:00:00,11.550
2026-01-09T11:00:00,12.780
2026-01-09T12:00:00,14.236
2026-01-09T13:00:00,14.515
2026-01-09T14:00:00,16.205
2026-01-09T15:00:00,17.608
2026-01-09T16:00:00,20.590
2026-01-09T17:00:00,20.821
2026-01-09T18:00:00,22.439
2026-01-09T19:00:00,22.469
2026-01-09T20:00:00,22.675
2026-01-09T21:00:00,24.669
2026-01-09T22:00:00,20.848
2026-01-09T23:00:00,22.215
2026-01-10T00:00:00,20.441
2026-01-10T01:00:00,18.103
2026-01-10T02:00:00,18.932
2026-01-10T03:00:00,15.568
2026-01-10T04:00:00,12.461
2026-01-10T05:00:00,13.555
2026-01-10T06:00:00,11.590
2026-01-10T07:00:00,11.069
2026-01-10T08:00:00,10.913
2026-01-10T09:00:00,12.072
2026-01-10T10:00:00,11.629
2026-01-10T11:00:00,13.080
2026-01-10T12:00:00,15.616
2026-01-10T13:00:00,14.425
2026-01-10T14:00:00,17.431
2026-01-10T15:00:00,16.536
2026-01-10T16:00:00,22.482
2026-01-10T17:00:00,21.923
2026-01-10T18:00:00,21.129
2026-01-10T19:00:00,23.686
2026-01-10T20:00:00,21.820
2026-01-10T21:00:00,21.055
2026-01-10T22:00:00,21.382
2026-01-10T23:00:00,20.950
2026-01-11T00:00:00,21.629
2026-01-11T01:00:00,18.425
2026-01-11T02:00:00,16.629
2026-01-11T03:00:00,14.213
2026-01-11T04:00:00,12.924
2026-01-11T05:00:00,12.264
2026-01-11T06:00:00,11.461
2026-01-11T07:00:00,11.109
2026-01-11T08:00:00,11.086
2026-01-11T09:00:00,10.889
2026-01-11T10:00:00,11.307
2026-01-11T11:00:00,13.313
2026-01-11T12:00:00,12.933
2026-01-11T13:00:00,16.534
2026-01-11T14:00:00,16.714
2026-01-11T15:00:00,18.496
2026-01-11T16:00:00,20.655
2026-01-11T17:00:00,20.575
2026-01-11T18:00:00,20.901
2026-01-11T19:00:00,23.581
2026-01-11T20:00:00,23.238
2026-01-11T21:00:00,23.514
2026-01-11T22:00:00,22.076
2026-01-11T23:00:00,18.598
2026-01-12T00:00:00,19.618
2026-01-12T01:00:00,17.502
2026-01-12T02:00:00,16.660
2026-01-12T03:00:00,15.132
2026-01-12T04:00:00,14.359
2026-01-12T05:00:00,11.825
2026-01-12T06:00:00,11.784
2026-01-12T07:00:00,11.753
2026-01-12T08:00:00,11.010
2026-01-12T09:00:00,10.734
2026-01-12T10:00:00,11.660
2026-01-12T11:00:00,12.513
2026-01-12T12:00:00,13.378
2026-01-12T13:00:00,16.556
2026-01-12T14:00:00,17.191
2026-01-12T15:00:00,19.138
2026-01-12T16:00:00,19.586
2026-01-12T17:00:00,18.942
2026-01-12T18:00:00,21.795
2026-01-12T19:00:00,19.498
2026-01-12T20:00:00,22.654
2026-01-12T21:00:00,20.955
2026-01-12T22:00:00,21.419
2026-01-12T23:00:00,20.794
2026-01-13T00:00:00,18.121
2026-01-13T01:00:00,17.057
2026-01-13T02:00:00,17.480
2026-01-13T03:00:00,14.396
2026-01-13T04:00:00,12.310
2026-01-13T05:00:00,13.081
2026-01-13T06:00:00,12.174
2026-01-13T07:00:00,11.571
2026-01-13T08:00:00,11.256
2026-01-13T09:00:00,10.696
2026-01-13T10:00:00,11.838
2026-01-13T11:00:00,13.023
2026-01-13T12:00:00,14.962
2026-01-13T13:00:00,14.268
2026-01-13T14:00:00,17.072
2026-01-13T15:00:00,16.642
2026-01-13T16:00:00,17.269
2026-01-13T17:00:00,22.470
2026-01-13T18:00:00,23.146
2026-01-13T19:00:00,21.311
2026-01-13T20:00:00,20.828
2026-01-13T21:00:00,23.108
2026-01-13T22:00:00,22.258
2026-01-13T23:00:00,21.020
2026-01-14T00:00:00,20.177
2026-01-14T01:00:00,16.296
2026-01-14T02:00:00,17.152
2026-01-14T03:00:00,16.416
2026-01-14T04:00:00,13.732
2026-01-14T05:00:00,12.811
2026-01-14T06:00:00,11.764
2026-01-14T07:00:00,10.454
2026-01-14T08:00:00,10.581
2026-01-14T09:00:00,10.992
2026-01-14T10:00:00,11.859
2026-01-14T11:00:00,11.758
2026-01-14T12:00:00,13.523
2026-01-14T13:00:00,15.834
2026-01-14T14:00:00,16.957
2026-01-14T15:00:00,18.724
2026-01-14T16:00:00,18.998
2026-01-14T17:00:00,18.359
2026-01-14T18:00:00,21.533
2026-01-14T19:00:00,23.151
2026-01-14T20:00:00,21.882
2026-01-14T21:00:00,21.679
2026-01-14T22:00:00,20.558
2026-01-14T23:00:00,21.907
2026-01-15T00:00:00,20.149
2026-01-15T01:00:00,19.160
2026-01-15T02:00:00,16.171
2026-01-15T03:00:00,15.199
2026-01-15T04:00:00,13.984
2026-01-15T05:00:00,13.310
2026-01-15T06:00:00,11.273
2026-01-15T07:00:00,10.690
2026-01-15T08:00:00,9.765
2026-01-15T09:00:00,11.031
2026-01-15T10:00:00,11.690
2026-01-15T11:00:00,12.686
2026-01-15T12:00:00,14.726
2026-01-15T13:00:00,15.318
2026-01-15T14:00:00,16.142
2026-01-15T15:00:00,18.232
2026-01-15T16:00:00,20.175
2026-01-15T17:00:00,17.506
2026-01-15T18:00:00,20.554
2026-01-15T19:00:00,22.555
2026-01-15T20:00:00,20.734
2026-01-15T21:00:00,25.573
2026-01-15T22:00:00,21.290
2026-01-15T23:00:00,23.776
2026-01-16T00:00:00,19.687
2026-01-16T01:00:00,16.424
2026-01-16T02:00:00,17.076
2026-01-16T03:00:00,15.317
2026-01-16T04:00:00,13.476
2026-01-16T05:00:00,11.973
2026-01-16T06:00:00,12.397
2026-01-16T07:00:00,11.488
2026-01-16T08:00:00,10.984
2026-01-16T09:00:00,10.273
2026-01-16T10:00:00,12.206
2026-01-16T11:00:00,11.354
2026-01-16T12:00:00,13.437
2026-01-16T13:00:00,15.665
2026-01-16T14:00:00,15.599
2026-01-16T15:00:00,19.718
2026-01-16T16:00:00,18.757
2026-01-16T17:00:00,21.271
2026-01-16T18:00:00,19.885
2026-01-16T19:00:00,22.884
2026-01-16T20:00:00,21.887
2026-01-16T21:00:00,21.429
2026-01-16T22:00:00,22.324
2026-01-16T23:00:00,17.747
2026-01-17T00:00:00,19.622
2026-01-17T01:00:00,18.820
2026-01-17T02:00:00,18.430
2026-01-17T03:00:00,15.631
2026-01-17T04:00:00,14.147
2026-01-17T05:00:00,12.779
2026-01-17T06:00:00,11.576
2026-01-17T07:00:00,10.778
2026-01-17T08:00:00,11.159
2026-01-17T09:00:00,11.659
2026-01-17T10:00:00,11.721
2026-01-17T11:00:00,12.705
2026-01-17T12:00:00,14.094
2026-01-17T13:00:00,16.870
2026-01-17T14:00:00,17.355
2026-01-17T15:00:00,18.022
2026-01-17T16:00:00,18.607
2026-01-17T17:00:00,20.164
2026-01-17T18:00:00,22.523
2026-01-17T19:00:00,21.676
2026-01-17T20:00:00,24.813
2026-01-17T21:00:00,21.043
2026-01-17T22:00:00,21.432
2026-01-17T23:00:00,24.372
2026-01-18T00:00:00,21.737
2026-01-18T01:00:00,17.653
2026-01-18T02:00:00,18.137
2026-01-18T03:00:00,16.214
2026-01-18T04:00:00,12.686
2026-01-18T05:00:00,12.663
2026-01-18T06:00:00,11.887
2026-01-18T07:00:00,10.981
2026-01-18T08:00:00,10.820
2026-01-18T09:00:00,11.154
2026-01-18T10:00:00,12.828
2026-01-18T11:00:00,12.392
2026-01-18T12:00:00,14.129
2026-01-18T13:00:00,12.384
2026-01-18T14:00:00,18.131
2026-01-18T15:00:00,18.625
2026-01-18T16:00:00,21.066
2026-01-18T17:00:00,21.449
2026-01-18T18:00:00,22.335
2026-01-18T19:00:00,21.292
2026-01-18T20:00:00,24.018
2026-01-18T21:00:00,21.296
2026-01-18T22:00:00,22.518
2026-01-18T23:00:00,22.597
2026-01-19T00:00:00,18.496
2026-01-19T01:00:00,17.469
2026-01-19T02:00:00,15.000
2026-01-19T03:00:00,15.898
2026-01-19T04:00:00,13.044
2026-01-19T05:00:00,13.263
2026-01-19T06:00:00,11.902
2026-01-19T07:00:00,11.128
2026-01-19T08:00:00,12.064
2026-01-19T09:00:00,10.556
2026-01-19T10:00:00,12.245
2026-01-19T11:00:00,13.598
2026-01-19T12:00:00,13.960
2026-01-19T13:00:00,16.012
2026-01-19T14:00:00,18.212
2026-01-19T15:00:00,18.318
2026-01-19T16:00:00,20.853
2026-01-19T17:00:00,21.004
2026-01-19T18:00:00,24.972
2026-01-19T19:00:00,22.246
2026-01-19T20:00:00,21.863
2026-01-19T21:00:00,20.613
2026-01-19T22:00:00,21.766
2026-01-19T23:00:00,22.055
2026-01-20T00:00:00,17.895
2026-01-20T01:00:00,17.927
2026-01-20T02:00:00,14.471
2026-01-20T03:00:00,16.407
2026-01-20T04:00:00,12.690
2026-01-20T05:00:00,12.759
2026-01-20T06:00:00,11.223
2026-01-20T07:00:00,10.687
2026-01-20T08:00:00,11.220
2026-01-20T09:00:00,10.752
2026-01-20T10:00:00,12.857
2026-01-20T11:00:00,13.042
2026-01-20T12:00:00,13.987
2026-01-20T13:00:00,14.743
2026-01-20T14:00:00,15.842
2026-01-20T15:00:00,17.298
2026-01-20T16:00:00,20.310
2026-01-20T17:00:00,20.567
2026-01-20T18:00:00,23.337
2026-01-20T19:00:00,21.621
2026-01-20T20:00:00,24.459
2026-01-20T21:00:00,26.799
2026-01-20T22:00:00,21.733
2026-01-20T23:00:00,21.455
2026-01-21T00:00:00,20.018
2026-01-21T01:00:00,18.907
2026-01-21T02:00:00,17.365
2026-01-21T03:00:00,15.859
2026-01-21T04:00:00,16.559
2026-01-21T05:00:00,12.771
2026-01-21T06:00:00,11.651
2026-01-21T07:00:00,11.186
2026-01-21T08:00:00,10.747
2026-01-21T09:00:00,10.936
2026-01-21T10:00:00,13.058
2026-01-21T11:00:00,10.315
2026-01-21T12:00:00,12.419
2026-01-21T13:00:00,14.913
2026-01-21T14:00:00,17.249
2026-01-21T15:00:00,19.200
2026-01-21T16:00:00,21.806
2026-01-21T17:00:00,21.814
2026-01-21T18:00:00,23.191
2026-01-21T19:00:00,23.124
2026-01-21T20:00:00,21.984
2026-01-21T21:00:00,22.998
2026-01-21T22:00:00,20.530
2026-01-21T23:00:00,19.269
2026-01-22T00:00:00,20.301
2026-01-22T01:00:00,16.577
2026-01-22T02:00:00,15.515
2026-01-22T03:00:00,15.381
2026-01-22T04:00:00,13.781
2026-01-22T05:00:00,13.374
2026-01-22T06:00:00,11.816
2026-01-22T07:00:00,11.863
2026-01-22T08:00:00,10.596
2026-01-22T09:00:00,11.090
2026-01-22T10:00:00,12.950
2026-01-22T11:00:00,12.411
2026-01-22T12:00:00,13.620
2026-01-22T13:00:00,16.109
2026-01-22T14:00:00,15.448
2026-01-22T15:00:00,18.258
2026-01-22T16:00:00,18.565
2026-01-22T17:00:00,21.919
2026-01-22T18:00:00,21.262
2026-01-22T19:00:00,21.634
2026-01-22T20:00:00,21.168
2026-01-22T21:00:00,23.687
2026-01-22T22:00:00,23.903
2026-01-22T23:00:00,22.176
2026-01-23T00:00:00,19.091
2026-01-23T01:00:00,18.994
2026-01-23T02:00:00,16.646
2026-01-23T03:00:00,15.899
2026-01-23T04:00:00,13.538
2026-01-23T05:00:00,13.145
2026-01-23T06:00:00,11.522
2026-01-23T07:00:00,11.623
2026-01-23T08:00:00,11.608
2026-01-23T09:00:00,10.932
2026-01-23T10:00:00,10.983
2026-01-23T11:00:00,13.303
2026-01-23T12:00:00,13.993
2026-01-23T13:00:00,13.566
2026-01-23T14:00:00,16.237
2026-01-23T15:00:00,19.289
2026-01-23T16:00:00,21.789
2026-01-23T17:00:00,19.174
2026-01-23T18:00:00,22.245
2026-01-23T19:00:00,21.209
2026-01-23T20:00:00,22.576
2026-01-23T21:00:00,23.309
2026-01-23T22:00:00,22.591
2026-01-23T23:00:00,20.952
2026-01-24T00:00:00,20.168
2026-01-24T01:00:00,17.965
2026-01-24T02:00:00,16.612
2026-01-24T03:00:00,12.529
2026-01-24T04:00:00,13.478
2026-01-24T05:00:00,11.324
2026-01-24T06:00:00,11.988
2026-01-24T07:00:00,11.821
2026-01-24T08:00:00,11.280
2026-01-24T09:00:00,11.672
2026-01-24T10:00:00,11.341
2026-01-24T11:00:00,12.482
2026-01-24T12:00:00,12.914
2026-01-24T13:00:00,15.794
2026-01-24T14:00:00,17.254
2026-01-24T15:00:00,19.520
2026-01-24T16:00:00,20.011
2026-01-24T17:00:00,22.011
2026-01-24T18:00:00,20.244
2026-01-24T19:00:00,22.382
2026-01-24T20:00:00,22.490
2026-01-24T21:00:00,24.415
2026-01-24T22:00:00,20.236
2026-01-24T23:00:00,22.733
2026-01-25T00:00:00,21.354
2026-01-25T01:00:00,15.833
2026-01-25T02:00:00,16.142
2026-01-25T03:00:00,16.378
2026-01-25T04:00:00,14.739
2026-01-25T05:00:00,12.711
2026-01-25T06:00:00,12.108
2026-01-25T07:00:00,10.786
2026-01-25T08:00:00,10.879
2026-01-25T09:00:00,10.777
2026-01-25T10:00:00,12.031
2026-01-25T11:00:00,12.405
2026-01-25T12:00:00,13.677
2026-01-25T13:00:00,15.602
2026-01-25T14:00:00,16.549
2026-01-25T15:00:00,17.759
2026-01-25T16:00:00,20.732
2026-01-25T17:00:00,22.561
2026-01-25T18:00:00,23.173
2026-01-25T19:00:00,23.942
2026-01-25T20:00:00,24.445
2026-01-25T21:00:00,21.362
2026-01-25T22:00:00,23.606
2026-01-25T23:00:00,20.972
2026-01-26T00:00:00,21.766
2026-01-26T01:00:00,16.754
2026-01-26T02:00:00,15.667
2026-01-26T03:00:00,14.123
2026-01-26T04:00:00,14.135
2026-01-26T05:00:00,11.485
2026-01-26T06:00:00,11.157
2026-01-26T07:00:00,10.630
2026-01-26T08:00:00,11.176
2026-01-26T09:00:00,12.314
2026-01-26T10:00:00,12.057
2026-01-26T11:00:00,14.440
2026-01-26T12:00:00,13.836
2026-01-26T13:00:00,15.373
2026-01-26T14:00:00,15.793
2026-01-26T15:00:00,19.155
2026-01-26T16:00:00,18.360
2026-01-26T17:00:00,20.996
2026-01-26T18:00:00,20.284
2026-01-26T19:00:00,21.453
2026-01-26T20:00:00,23.439
2026-01-26T21:00:00,21.050
2026-01-26T22:00:00,20.656
2026-01-26T23:00:00,20.962
2026-01-27T00:00:00,21.012
2026-01-27T01:00:00,17.729
2026-01-27T02:00:00,17.099
2026-01-27T03:00:00,13.879
2026-01-27T04:00:00,14.330
2026-01-27T05:00:00,14.019
2026-01-27T06:00:00,10.794
2026-01-27T07:00:00,10.625
2026-01-27T08:00:00,11.028
2026-01-27T09:00:00,10.953
2026-01-27T10:00:00,11.945
2026-01-27T11:00:00,13.112
2026-01-27T12:00:00,14.161
2026-01-27T13:00:00,15.619
2026-01-27T14:00:00,17.050
2026-01-27T15:00:00,17.212
2026-01-27T16:00:00,19.078
2026-01-27T17:00:00,21.497
2026-01-27T18:00:00,21.864
2026-01-27T19:00:00,23.728
2026-01-27T20:00:00,22.595
2026-01-27T21:00:00,19.945
2026-01-27T22:00:00,24.537
2026-01-27T23:00:00,21.715
2026-01-28T00:00:00,19.740
2026-01-28T01:00:00,18.934
2026-01-28T02:00:00,17.936
2026-01-28T03:00:00,14.073
2026-01-28T04:00:00,15.886
2026-01-28T05:00:00,12.639
2026-01-28T06:00:00,12.041
2026-01-28T07:00:00,11.425
2026-01-28T08:00:00,10.654
2026-01-28T09:00:00,11.503
2026-01-28T10:00:00,11.198
2026-01-28T11:00:00,12.979
2026-01-28T12:00:00,13.972
2026-01-28T13:00:00,15.113
2026-01-28T14:00:00,16.701
2026-01-28T15:00:00,18.038
2026-01-28T16:00:00,20.101
2026-01-28T17:00:00,18.962
2026-01-28T18:00:00,21.176
2026-01-28T19:00:00,22.977
2026-01-28T20:00:00,23.528
2026-01-28T21:00:00,22.612
2026-01-28T22:00:00,22.440
2026-01-28T23:00:00,21.571
2026-01-29T00:00:00,19.466
2026-01-29T01:00:00,18.739
2026-01-29T02:00:00,16.636
2026-01-29T03:00:00,14.423
2026-01-29T04:00:00,12.458
2026-01-29T05:00:00,12.713
2026-01-29T06:00:00,11.204
2026-01-29T07:00:00,9.537
2026-01-29T08:00:00,10.146
2026-01-29T09:00:00,11.462
2026-01-29T10:00:00,10.391
2026-01-29T11:00:00,12.463
2026-01-29T12:00:00,13.383
2026-01-29T13:00:00,16.687
2026-01-29T14:00:00,17.279
2026-01-29T15:00:00,18.997
2026-01-29T16:00:00,19.071
2026-01-29T17:00:00,22.478
2026-01-29T18:00:00,20.275
2026-01-29T19:00:00,22.800
2026-01-29T20:00:00,23.945
2026-01-29T21:00:00,22.437
2026-01-29T22:00:00,21.081
2026-01-29T23:00:00,22.664
2026-01-30T00:00:00,20.790
2026-01-30T01:00:00,15.289
2026-01-30T02:00:00,17.383
2026-01-30T03:00:00,14.558
2026-01-30T04:00:00,13.614
2026-01-30T05:00:00,12.030
2026-01-30T06:00:00,12.516
2026-01-30T07:00:00,10.779
2026-01-30T08:00:00,9.007
2026-01-30T09:00:00,10.772
2026-01-30T10:00:00,11.039
2026-01-30T11:00:00,12.292
2026-01-30T12:00:00,13.655
2026-01-30T13:00:00,15.058
2026-01-30T14:00:00,17.172
2026-01-30T15:00:00,18.010
2026-01-30T16:00:00,20.709
2026-01-30T17:00:00,21.009
2026-01-30T18:00:00,21.535
2026-01-30T19:00:00,21.757
2026-01-30T20:00:00,22.427
2026-01-30T21:00:00,22.638
2026-01-30T22:00:00,22.657
2026-01-30T23:00:00,22.793
2026-01-31T00:00:00,20.163
2026-01-31T01:00:00,17.030
2026-01-31T02:00:00,18.503
2026-01-31T03:00:00,16.838
2026-01-31T04:00:00,13.427
2026-01-31T05:00:00,10.383
2026-01-31T06:00:00,11.597
2026-01-31T07:00:00,10.187
2026-01-31T08:00:00,11.024
2026-01-31T09:00:00,10.458
2026-01-31T10:00:00,11.585
2026-01-31T11:00:00,12.479
2026-01-31T12:00:00,14.219
2026-01-31T13:00:00,15.523
2026-01-31T14:00:00,17.073
2026-01-31T15:00:00,19.035
2026-01-31T16:00:00,20.115
2026-01-31T17:00:00,19.840
2026-01-31T18:00:00,23.635
2026-01-31T19:00:00,22.989
2026-01-31T20:00:00,22.403
2026-01-31T21:00:00,23.105
2026-01-31T22:00:00,23.436
2026-01-31T23:00:00,20.318
2026-02-01T00:00:00,29.024
2026-02-01T01:00:00,24.400
2026-02-01T02:00:00,22.075
2026-02-01T03:00:00,20.441
2026-02-01T04:00:00,16.646
2026-02-01T05:00:00,16.917
2026-02-01T06:00:00,15.612
2026-02-01T07:00:00,14.263
2026-02-01T08:00:00,14.077
2026-02-01T09:00:00,13.865
2026-02-01T10:00:00,15.291
2026-02-01T11:00:00,16.698
2026-02-01T12:00:00,16.443
2026-02-01T13:00:00,17.503
2026-02-01T14:00:00,21.311
2026-02-01T15:00:00,22.263
2026-02-01T16:00:00,24.680
2026-02-01T17:00:00,27.541
2026-02-01T18:00:00,29.158
2026-02-01T19:00:00,31.983
2026-02-01T20:00:00,28.162
2026-02-01T21:00:00,27.181
2026-02-01T22:00:00,26.381
2026-02-01T23:00:00,27.163
2026-02-02T00:00:00,21.712
2026-02-02T01:00:00,26.284
2026-02-02T02:00:00,19.885
2026-02-02T03:00:00,20.290
2026-02-02T04:00:00,18.143
2026-02-02T05:00:00,13.456
2026-02-02T06:00:00,14.618
2026-02-02T07:00:00,13.828
2026-02-02T08:00:00,13.387
2026-02-02T09:00:00,14.080
2026-02-02T10:00:00,14.882
2026-02-02T11:00:00,15.302
2026-02-02T12:00:00,17.218
2026-02-02T13:00:00,17.477
2026-02-02T14:00:00,22.030
2026-02-02T15:00:00,22.524
2026-02-02T16:00:00,26.077
2026-02-02T17:00:00,27.966
2026-02-02T18:00:00,27.925
2026-02-02T19:00:00,25.525
2026-02-02T20:00:00,30.120
2026-02-02T21:00:00,28.029
2026-02-02T22:00:00,26.726
2026-02-02T23:00:00,28.399
2026-02-03T00:00:00,26.376
2026-02-03T01:00:00,24.585
2026-02-03T02:00:00,21.527
2026-02-03T03:00:00,16.250
2026-02-03T04:00:00,18.458
2026-02-03T05:00:00,15.486
2026-02-03T06:00:00,15.437
2026-02-03T07:00:00,14.431
2026-02-03T08:00:00,12.786
2026-02-03T09:00:00,15.557
2026-02-03T10:00:00,15.667
2026-02-03T11:00:00,17.434
2026-02-03T12:00:00,16.725
2026-02-03T13:00:00,18.841
2026-02-03T14:00:00,20.074
2026-02-03T15:00:00,20.729
2026-02-03T16:00:00,23.116
2026-02-03T17:00:00,27.083
2026-02-03T18:00:00,24.733
2026-02-03T19:00:00,28.032
2026-02-03T20:00:00,26.216
2026-02-03T21:00:00,28.134
2026-02-03T22:00:00,28.033
2026-02-03T23:00:00,27.174
2026-02-04T00:00:00,23.416
2026-02-04T01:00:00,23.868
2026-02-04T02:00:00,23.120
2026-02-04T03:00:00,21.033
2026-02-04T04:00:00,18.502
2026-02-04T05:00:00,14.302
2026-02-04T06:00:00,14.604
2026-02-04T07:00:00,13.032
2026-02-04T08:00:00,12.954
2026-02-04T09:00:00,13.034
2026-02-04T10:00:00,12.986
2026-02-04T11:00:00,17.832
2026-02-04T12:00:00,16.447
2026-02-04T13:00:00,18.864
2026-02-04T14:00:00,19.897
2026-02-04T15:00:00,22.413
2026-02-04T16:00:00,25.104
2026-02-04T17:00:00,26.393
2026-02-04T18:00:00,28.457
2026-02-04T19:00:00,29.873
2026-02-04T20:00:00,30.454
2026-02-04T21:00:00,28.391
2026-02-04T22:00:00,26.322
2026-02-04T23:00:00,25.321
2026-02-05T00:00:00,24.030
2026-02-05T01:00:00,20.904
2026-02-05T02:00:00,21.173
2026-02-05T03:00:00,17.372
2026-02-05T04:00:00,17.728
2026-02-05T05:00:00,16.786
2026-02-05T06:00:00,15.456
2026-02-05T07:00:00,15.541
2026-02-05T08:00:00,13.270
2026-02-05T09:00:00,14.062
2026-02-05T10:00:00,15.399
2026-02-05T11:00:00,16.754
2026-02-05T12:00:00,19.239
2026-02-05T13:00:00,18.487
2026-02-05T14:00:00,22.268
2026-02-05T15:00:00,24.145
2026-02-05T16:00:00,25.307
2026-02-05T17:00:00,26.264
2026-02-05T18:00:00,24.720
2026-02-05T19:00:00,32.472
2026-02-05T20:00:00,28.325
2026-02-05T21:00:00,27.053
2026-02-05T22:00:00,28.421
2026-02-05T23:00:00,25.545
2026-02-06T00:00:00,25.010
2026-02-06T01:00:00,24.451
2026-02-06T02:00:00,21.371
2026-02-06T03:00:00,19.616
2026-02-06T04:00:00,16.478
2026-02-06T05:00:00,15.593
2026-02-06T06:00:00,14.784
2026-02-06T07:00:00,14.410
2026-02-06T08:00:00,13.225
2026-02-06T09:00:00,14.427
2026-02-06T10:00:00,14.277
2026-02-06T11:00:00,16.853
2026-02-06T12:00:00,15.579
2026-02-06T13:00:00,18.005
2026-02-06T14:00:00,18.973
2026-02-06T15:00:00,23.720
2026-02-06T16:00:00,26.941
2026-02-06T17:00:00,29.599
2026-02-06T18:00:00,26.655
2026-02-06T19:00:00,30.032
2026-02-06T20:00:00,28.585
2026-02-06T21:00:00,25.279
2026-02-06T22:00:00,26.153
2026-02-06T23:00:00,28.528
2026-02-07T00:00:00,23.895
2026-02-07T01:00:00,23.102
2026-02-07T02:00:00,19.414
2026-02-07T03:00:00,21.873
2026-02-07T04:00:00,18.243
2026-02-07T05:00:00,15.964
2026-02-07T06:00:00,14.658
2026-02-07T07:00:00,14.139
2026-02-07T08:00:00,13.760
2026-02-07T09:00:00,14.315
2026-02-07T10:00:00,13.660
2026-02-07T11:00:00,15.617
2026-02-07T12:00:00,17.941
2026-02-07T13:00:00,18.890
2026-02-07T14:00:00,22.205
2026-02-07T15:00:00,24.798
2026-02-07T16:00:00,24.063
2026-02-07T17:00:00,26.141
2026-02-07T18:00:00,28.058
2026-02-07T19:00:00,28.995
2026-02-07T20:00:00,26.166
2026-02-07T21:00:00,26.793
2026-02-07T22:00:00,29.449
2026-02-07T23:00:00,24.550
2026-02-08T00:00:00,24.002
2026-02-08T01:00:00,20.715
2026-02-08T02:00:00,22.645
2026-02-08T03:00:00,22.176
2026-02-08T04:00:00,18.097
2026-02-08T05:00:00,16.690
2026-02-08T06:00:00,15.277
2026-02-08T07:00:00,15.346
2026-02-08T08:00:00,14.305
2026-02-08T09:00:00,12.135
2026-02-08T10:00:00,14.294
2026-02-08T11:00:00,17.296
2026-02-08T12:00:00,19.028
2026-02-08T13:00:00,19.872
2026-02-08T14:00:00,20.535
2026-02-08T15:00:00,23.670
2026-02-08T16:00:00,26.454
2026-02-08T17:00:00,25.413
2026-02-08T18:00:00,30.940
2026-02-08T19:00:00,26.481
2026-02-08T20:00:00,29.504
2026-02-08T21:00:00,24.555
2026-02-08T22:00:00,27.339
2026-02-08T23:00:00,24.837
2026-02-09T00:00:00,23.865
2026-02-09T01:00:00,20.637
2026-02-09T02:00:00,22.957
2026-02-09T03:00:00,19.214
2026-02-09T04:00:00,17.606
2026-02-09T05:00:00,16.354
2026-02-09T06:00:00,16.519
2026-02-09T07:00:00,13.925
2026-02-09T08:00:00,14.649
2026-02-09T09:00:00,14.787
2026-02-09T10:00:00,14.308
2026-02-09T11:00:00,15.225
2026-02-09T12:00:00,15.365
2026-02-09T13:00:00,18.326
2026-02-09T14:00:00,20.237
2026-02-09T15:00:00,24.853
2026-02-09T16:00:00,23.996
2026-02-09T17:00:00,25.250
2026-02-09T18:00:00,24.848
2026-02-09T19:00:00,25.123
2026-02-09T20:00:00,27.058
2026-02-09T21:00:00,28.863
2026-02-09T22:00:00,26.535
2026-02-09T23:00:00,25.337
2026-02-10T00:00:00,25.280
2026-02-10T01:00:00,26.205
2026-02-10T02:00:00,19.601
2026-02-10T03:00:00,19.680
2026-02-10T04:00:00,15.954
2026-02-10T05:00:00,15.915
2026-02-10T06:00:00,14.785
2026-02-10T07:00:00,13.093
2026-02-10T08:00:00,12.450
2026-02-10T09:00:00,14.322
2026-02-10T10:00:00,14.256
2026-02-10T11:00:00,17.278
2026-02-10T12:00:00,18.598
2026-02-10T13:00:00,20.480
2026-02-10T14:00:00,19.784
2026-02-10T15:00:00,20.913
2026-02-10T16:00:00,22.256
2026-02-10T17:00:00,25.837
2026-02-10T18:00:00,24.854
2026-02-10T19:00:00,26.999
2026-02-10T20:00:00,28.414
2026-02-10T21:00:00,30.873
2026-02-10T22:00:00,29.030
2026-02-10T23:00:00,25.428
2026-02-11T00:00:00,24.533
2026-02-11T01:00:00,22.957
2026-02-11T02:00:00,22.137
2026-02-11T03:00:00,20.491
2026-02-11T04:00:00,16.849
2026-02-11T05:00:00,15.703
2026-02-11T06:00:00,15.691
2026-02-11T07:00:00,12.603
2026-02-11T08:00:00,13.254
2026-02-11T09:00:00,11.957
2026-02-11T10:00:00,14.883
2026-02-11T11:00:00,15.700
2026-02-11T12:00:00,16.957
2026-02-11T13:00:00,17.773
2026-02-11T14:00:00,20.669
2026-02-11T15:00:00,20.975
2026-02-11T16:00:00,23.047
2026-02-11T17:00:00,23.660
2026-02-11T18:00:00,26.675
2026-02-11T19:00:00,28.294
2026-02-11T20:00:00,31.785
2026-02-11T21:00:00,30.043
2026-02-11T22:00:00,26.486
2026-02-11T23:00:00,24.264
2026-02-12T00:00:00,26.262
2026-02-12T01:00:00,21.370
2026-02-12T02:00:00,21.417
2026-02-12T03:00:00,19.629
2026-02-12T04:00:00,18.213
2026-02-12T05:00:00,17.520
2026-02-12T06:00:00,13.395
2026-02-12T07:00:00,12.687
2026-02-12T08:00:00,13.876
2026-02-12T09:00:00,13.871
2026-02-12T10:00:00,14.545
2026-02-12T11:00:00,18.290
2026-02-12T12:00:00,18.049
2026-02-12T13:00:00,17.789
2026-02-12T14:00:00,21.185
2026-02-12T15:00:00,21.853
2026-02-12T16:00:00,26.753
2026-02-12T17:00:00,26.136
2026-02-12T18:00:00,25.382
2026-02-12T19:00:00,27.771
2026-02-12T20:00:00,27.074
2026-02-12T21:00:00,30.100
2026-02-12T22:00:00,25.291
2026-02-12T23:00:00,25.848
2026-02-13T00:00:00,24.507
2026-02-13T01:00:00,23.114
2026-02-13T02:00:00,20.684
2026-02-13T03:00:00,18.807
2026-02-13T04:00:00,15.844
2026-02-13T05:00:00,15.855
2026-02-13T06:00:00,14.381
2026-02-13T07:00:00,14.059
2026-02-13T08:00:00,13.387
2026-02-13T09:00:00,15.264
2026-02-13T10:00:00,12.341
2026-02-13T11:00:00,16.939
2026-02-13T12:00:00,17.689
2026-02-13T13:00:00,17.009
2026-02-13T14:00:00,21.079
2026-02-13T15:00:00,23.325
2026-02-13T16:00:00,22.388
2026-02-13T17:00:00,27.344
2026-02-13T18:00:00,28.280
2026-02-13T19:00:00,29.229
2026-02-13T20:00:00,28.447
2026-02-13T21:00:00,29.785
2026-02-13T22:00:00,24.243
2026-02-13T23:00:00,26.605
2026-02-14T00:00:00,26.132
2026-02-14T01:00:00,24.172
2026-02-14T02:00:00,21.330
2026-02-14T03:00:00,20.189
2026-02-14T04:00:00,18.244
2026-02-14T05:00:00,15.627
2026-02-14T06:00:00,14.210
2026-02-14T07:00:00,14.397
2026-02-14T08:00:00,13.847
2026-02-14T09:00:00,14.015
2026-02-14T10:00:00,13.486
2026-02-14T11:00:00,15.501
2026-02-14T12:00:00,15.524
2026-02-14T13:00:00,18.854
2026-02-14T14:00:00,20.817
2026-02-14T15:00:00,25.523
2026-02-14T16:00:00,24.880
2026-02-14T17:00:00,25.684
2026-02-14T18:00:00,27.116
2026-02-14T19:00:00,29.630
2026-02-14T20:00:00,31.833
2026-02-14T21:00:00,28.518
2026-02-14T22:00:00,30.255
2026-02-14T23:00:00,25.641
2026-02-15T00:00:00,24.128
2026-02-15T01:00:00,23.504
2026-02-15T02:00:00,20.022
2026-02-15T03:00:00,19.489
2026-02-15T04:00:00,19.486
2026-02-15T05:00:00,15.515
2026-02-15T06:00:00,15.584
2026-02-15T07:00:00,12.738
2026-02-15T08:00:00,13.784
2026-02-15T09:00:00,14.566
2026-02-15T10:00:00,12.935
2026-02-15T11:00:00,16.411
2026-02-15T12:00:00,17.392
2026-02-15T13:00:00,19.033
2026-02-15T14:00:00,20.069
2026-02-15T15:00:00,23.195
2026-02-15T16:00:00,24.234
2026-02-15T17:00:00,27.745
2026-02-15T18:00:00,27.158
2026-02-15T19:00:00,25.966
2026-02-15T20:00:00,28.965
2026-02-15T21:00:00,26.710
2026-02-15T22:00:00,29.685
2026-02-15T23:00:00,25.412
2026-02-16T00:00:00,23.166
2026-02-16T01:00:00,25.030
2026-02-16T02:00:00,21.960
2026-02-16T03:00:00,20.168
2026-02-16T04:00:00,17.138
2026-02-16T05:00:00,16.275
2026-02-16T06:00:00,15.502
2026-02-16T07:00:00,13.176
2026-02-16T08:00:00,15.367
2026-02-16T09:00:00,14.157
2026-02-16T10:00:00,16.096
2026-02-16T11:00:00,15.417
2026-02-16T12:00:00,17.607
2026-02-16T13:00:00,20.742
2026-02-16T14:00:00,21.182
2026-02-16T15:00:00,23.510
2026-02-16T16:00:00,27.011
2026-02-16T17:00:00,25.781
2026-02-16T18:00:00,25.978
2026-02-16T19:00:00,27.452
2026-02-16T20:00:00,30.524
2026-02-16T21:00:00,26.546
2026-02-16T22:00:00,27.558
2026-02-16T23:00:00,28.981
2026-02-17T00:00:00,24.018
2026-02-17T01:00:00,22.571
2026-02-17T02:00:00,24.022
2026-02-17T03:00:00,19.389
2026-02-17T04:00:00,16.889
2026-02-17T05:00:00,16.946
2026-02-17T06:00:00,14.533
2026-02-17T07:00:00,13.167
2026-02-17T08:00:00,13.431
2026-02-17T09:00:00,13.290
2026-02-17T10:00:00,14.565
2026-02-17T11:00:00,16.280
2026-02-17T12:00:00,17.251
2026-02-17T13:00:00,19.701
2026-02-17T14:00:00,21.294
2026-02-17T15:00:00,22.981
2026-02-17T16:00:00,24.077
2026-02-17T17:00:00,24.730
2026-02-17T18:00:00,24.800
2026-02-17T19:00:00,26.766
2026-02-17T20:00:00,25.578
2026-02-17T21:00:00,28.760
2026-02-17T22:00:00,30.428
2026-02-17T23:00:00,27.339
2026-02-18T00:00:00,24.842
2026-02-18T01:00:00,23.514
2026-02-18T02:00:00,18.870
2026-02-18T03:00:00,20.385
2026-02-18T04:00:00,16.733
2026-02-18T05:00:00,14.975
2026-02-18T06:00:00,15.234
2026-02-18T07:00:00,14.403
2026-02-18T08:00:00,12.020
2026-02-18T09:00:00,14.185
2026-02-18T10:00:00,15.803
2026-02-18T11:00:00,16.330
2026-02-18T12:00:00,17.481
2026-02-18T13:00:00,19.109
2026-02-18T14:00:00,21.109
2026-02-18T15:00:00,21.794
2026-02-18T16:00:00,23.671
2026-02-18T17:00:00,28.430
2026-02-18T18:00:00,26.360
2026-02-18T19:00:00,28.339
2026-02-18T20:00:00,25.180
2026-02-18T21:00:00,26.869
2026-02-18T22:00:00,28.536
2026-02-18T23:00:00,26.231
2026-02-19T00:00:00,23.926
2026-02-19T01:00:00,23.244
2026-02-19T02:00:00,20.397
2026-02-19T03:00:00,18.390
2026-02-19T04:00:00,17.077
2026-02-19T05:00:00,14.088
2026-02-19T06:00:00,14.500
2026-02-19T07:00:00,14.281
2026-02-19T08:00:00,14.266
2026-02-19T09:00:00,14.857
2026-02-19T10:00:00,16.386
2026-02-19T11:00:00,17.933
2026-02-19T12:00:00,18.242
2026-02-19T13:00:00,18.172
2026-02-19T14:00:00,20.203
2026-02-19T15:00:00,22.648
2026-02-19T16:00:00,23.917
2026-02-19T17:00:00,25.230
2026-02-19T18:00:00,27.021
2026-02-19T19:00:00,29.510
2026-02-19T20:00:00,27.567
2026-02-19T21:00:00,32.531
2026-02-19T22:00:00,27.264
2026-02-19T23:00:00,25.786
2026-02-20T00:00:00,24.914
2026-02-20T01:00:00,27.832
2026-02-20T02:00:00,21.540
2026-02-20T03:00:00,19.229
2026-02-20T04:00:00,17.742
2026-02-20T05:00:00,17.422
2026-02-20T06:00:00,15.219
2026-02-20T07:00:00,14.270
2026-02-20T08:00:00,13.984
2026-02-20T09:00:00,13.914
2026-02-20T10:00:00,15.340
2026-02-20T11:00:00,15.497
2026-02-20T12:00:00,19.511
2026-02-20T13:00:00,20.203
2026-02-20T14:00:00,20.229
2026-02-20T15:00:00,24.525
2026-02-20T16:00:00,26.675
2026-02-20T17:00:00,26.427
2026-02-20T18:00:00,29.050
2026-02-20T19:00:00,27.071
2026-02-20T20:00:00,29.804
2026-02-20T21:00:00,29.978
2026-02-20T22:00:00,24.583
2026-02-20T23:00:00,27.827
2026-02-21T00:00:00,25.081
2026-02-21T01:00:00,23.473
2026-02-21T02:00:00,23.301
2026-02-21T03:00:00,15.537
2026-02-21T04:00:00,19.851
2026-02-21T05:00:00,15.060
2026-02-21T06:00:00,13.841
2026-02-21T07:00:00,14.175
2026-02-21T08:00:00,12.970
2026-02-21T09:00:00,12.362
2026-02-21T10:00:00,15.117
2026-02-21T11:00:00,16.343
2026-02-21T12:00:00,18.350
2026-02-21T13:00:00,16.863
2026-02-21T14:00:00,22.154
2026-02-21T15:00:00,24.982
2026-02-21T16:00:00,26.159
2026-02-21T17:00:00,23.024
2026-02-21T18:00:00,28.028
2026-02-21T19:00:00,28.944
2026-02-21T20:00:00,27.036
2026-02-21T21:00:00,30.244
2026-02-21T22:00:00,29.319
2026-02-21T23:00:00,25.331
2026-02-22T00:00:00,26.349
2026-02-22T01:00:00,23.345
2026-02-22T02:00:00,22.309
2026-02-22T03:00:00,21.300
2026-02-22T04:00:00,17.563
2026-02-22T05:00:00,16.025
2026-02-22T06:00:00,14.358
2026-02-22T07:00:00,13.755
2026-02-22T08:00:00,13.813
2026-02-22T09:00:00,13.322
2026-02-22T10:00:00,14.501
2026-02-22T11:00:00,15.965
2026-02-22T12:00:00,18.125
2026-02-22T13:00:00,18.584
2026-02-22T14:00:00,21.962
2026-02-22T15:00:00,23.047
2026-02-22T16:00:00,26.407
2026-02-22T17:00:00,26.917
2026-02-22T18:00:00,26.107
2026-02-22T19:00:00,29.163
2026-02-22T20:00:00,25.238
2026-02-22T21:00:00,30.768
2026-02-22T22:00:00,27.064
2026-02-22T23:00:00,27.941
2026-02-23T00:00:00,24.607
2026-02-23T01:00:00,21.161
2026-02-23T02:00:00,21.233
2026-02-23T03:00:00,19.584
2026-02-23T04:00:00,16.078
2026-02-23T05:00:00,16.791
2026-02-23T06:00:00,14.684
2026-02-23T07:00:00,12.936
2026-02-23T08:00:00,12.960
2026-02-23T09:00:00,14.718
2026-02-23T10:00:00,16.155
2026-02-23T11:00:00,16.438
2026-02-23T12:00:00,19.305
2026-02-23T13:00:00,19.488
2026-02-23T14:00:00,22.748
2026-02-23T15:00:00,21.949
2026-02-23T16:00:00,24.216
2026-02-23T17:00:00,26.283
2026-02-23T18:00:00,28.575
2026-02-23T19:00:00,27.162
2026-02-23T20:00:00,28.196
2026-02-23T21:00:00,26.890
2026-02-23T22:00:00,27.421
2026-02-23T23:00:00,24.306
2026-02-24T00:00:00,23.023
2026-02-24T01:00:00,22.647
2026-02-24T02:00:00,22.764
2026-02-24T03:00:00,18.400
2026-02-24T04:00:00,14.251
2026-02-24T05:00:00,14.954
2026-02-24T06:00:00,14.492
2026-02-24T07:00:00,13.687
2026-02-24T08:00:00,14.319
2026-02-24T09:00:00,14.365
2026-02-24T10:00:00,12.723
2026-02-24T11:00:00,16.169
2026-02-24T12:00:00,18.195
2026-02-24T13:00:00,18.630
2026-02-24T14:00:00,21.691
2026-02-24T15:00:00,23.441
2026-02-24T16:00:00,26.954
2026-02-24T17:00:00,26.052
2026-02-24T18:00:00,31.606
2026-02-24T19:00:00,25.701
2026-02-24T20:00:00,27.581
2026-02-24T21:00:00,24.482
2026-02-24T22:00:00,25.984
2026-02-24T23:00:00,27.646
2026-02-25T00:00:00,26.616
2026-02-25T01:00:00,24.255
2026-02-25T02:00:00,22.945
2026-02-25T03:00:00,19.834
2026-02-25T04:00:00,17.795
2026-02-25T05:00:00,15.574
2026-02-25T06:00:00,14.216
2026-02-25T07:00:00,14.853
2026-02-25T08:00:00,13.308
2026-02-25T09:00:00,14.212
2026-02-25T10:00:00,14.278
2026-02-25T11:00:00,15.814
2026-02-25T12:00:00,17.819
2026-02-25T13:00:00,20.035
2026-02-25T14:00:00,21.263
2026-02-25T15:00:00,22.539
2026-02-25T16:00:00,25.252
2026-02-25T17:00:00,29.684
2026-02-25T18:00:00,26.612
2026-02-25T19:00:00,27.497
2026-02-25T20:00:00,31.426
2026-02-25T21:00:00,28.459
2026-02-25T22:00:00,31.255
2026-02-25T23:00:00,27.642
2026-02-26T00:00:00,26.506
2026-02-26T01:00:00,24.207
2026-02-26T02:00:00,20.906
2026-02-26T03:00:00,20.824
2026-02-26T04:00:00,18.990
2026-02-26T05:00:00,15.545
2026-02-26T06:00:00,13.987
2026-02-26T07:00:00,15.092
2026-02-26T08:00:00,12.563
2026-02-26T09:00:00,13.942
2026-02-26T10:00:00,14.637
2026-02-26T11:00:00,16.973
2026-02-26T12:00:00,16.636
2026-02-26T13:00:00,20.788
2026-02-26T14:00:00,19.250
2026-02-26T15:00:00,21.920
2026-02-26T16:00:00,26.479
2026-02-26T17:00:00,26.831
2026-02-26T18:00:00,27.250
2026-02-26T19:00:00,28.442
2026-02-26T20:00:00,28.696
2026-02-26T21:00:00,25.737
2026-02-26T22:00:00,29.618
2026-02-26T23:00:00,28.200
2026-02-27T00:00:00,22.424
2026-02-27T01:00:00,25.349
2026-02-27T02:00:00,20.848
2026-02-27T03:00:00,18.066
2026-02-27T04:00:00,14.625
2026-02-27T05:00:00,16.969
2026-02-27T06:00:00,15.503
2026-02-27T07:00:00,13.856
2026-02-27T08:00:00,12.612
2026-02-27T09:00:00,14.342
2026-02-27T10:00:00,12.810
2026-02-27T11:00:00,14.950
2026-02-27T12:00:00,17.200
2026-02-27T13:00:00,18.897
2026-02-27T14:00:00,19.244
2026-02-27T15:00:00,21.867
2026-02-27T16:00:00,26.458
2026-02-27T17:00:00,26.961
2026-02-27T18:00:00,25.847
2026-02-27T19:00:00,26.443
2026-02-27T20:00:00,27.487
2026-02-27T21:00:00,31.004
2026-02-27T22:00:00,27.240
2026-02-27T23:00:00,28.349
2026-02-28T00:00:00,26.174
2026-02-28T01:00:00,21.985
2026-02-28T02:00:00,19.683
2026-02-28T03:00:00,20.414
2026-02-28T04:00:00,16.773
2026-02-28T05:00:00,16.070
2026-02-28T06:00:00,15.245
2026-02-28T07:00:00,14.647
2026-02-28T08:00:00,13.029
2026-02-28T09:00:00,14.806
2026-02-28T10:00:00,15.442
2026-02-28T11:00:00,15.705
2026-02-28T12:00:00,18.661
2026-02-28T13:00:00,19.140
2026-02-28T14:00:00,20.674
2026-02-28T15:00:00,23.550
2026-02-28T16:00:00,23.909
2026-02-28T17:00:00,26.061
2026-02-28T18:00:00,26.969
2026-02-28T19:00:00,31.631
2026-02-28T20:00:00,28.591
2026-02-28T21:00:00,30.629
2026-02-28T22:00:00,27.752
2026-02-28T23:00:00,27.418
2026-03-01T00:00:00,20.245
2026-03-01T01:00:00,20.741
2026-03-01T02:00:00,20.823
2026-03-01T03:00:00,16.187
2026-03-01T04:00:00,15.815
2026-03-01T05:00:00,14.768
2026-03-01T06:00:00,11.272
2026-03-01T07:00:00,12.190
2026-03-01T08:00:00,10.877
2026-03-01T09:00:00,11.804
2026-03-01T10:00:00,13.274
2026-03-01T11:00:00,13.975
2026-03-01T12:00:00,15.330
2026-03-01T13:00:00,17.124
2026-03-01T14:00:00,19.699
2026-03-01T15:00:00,19.266
2026-03-01T16:00:00,21.283
2026-03-01T17:00:00,23.529
2026-03-01T18:00:00,21.869
2026-03-01T19:00:00,25.782
2026-03-01T20:00:00,25.661
2026-03-01T21:00:00,24.061
2026-03-01T22:00:00,24.645
2026-03-01T23:00:00,20.206
2026-03-02T00:00:00,22.663
2026-03-02T01:00:00,19.235
2026-03-02T02:00:00,20.647
2026-03-02T03:00:00,17.775
2026-03-02T04:00:00,16.554
2026-03-02T05:00:00,13.113
2026-03-02T06:00:00,12.878
2026-03-02T07:00:00,12.488
2026-03-02T08:00:00,12.972
2026-03-02T09:00:00,13.005
2026-03-02T10:00:00,12.819
2026-03-02T11:00:00,13.032
2026-03-02T12:00:00,15.038
2026-03-02T13:00:00,18.478
2026-03-02T14:00:00,19.726
2026-03-02T15:00:00,21.797
2026-03-02T16:00:00,22.529
2026-03-02T17:00:00,24.061
2026-03-02T18:00:00,22.846
2026-03-02T19:00:00,25.489
2026-03-02T20:00:00,24.224
2026-03-02T21:00:00,24.492
2026-03-02T22:00:00,23.662
2026-03-02T23:00:00,21.094
2026-03-03T00:00:00,22.263
2026-03-03T01:00:00,19.584
2026-03-03T02:00:00,18.475
2026-03-03T03:00:00,16.475
2026-03-03T04:00:00,15.486
2026-03-03T05:00:00,13.088
2026-03-03T06:00:00,12.291
2026-03-03T07:00:00,11.436
2026-03-03T08:00:00,12.220
2026-03-03T09:00:00,10.524
2026-03-03T10:00:00,11.613
2026-03-03T11:00:00,11.732
2026-03-03T12:00:00,15.056
2026-03-03T13:00:00,17.944
2026-03-03T14:00:00,18.271
2026-03-03T15:00:00,20.692
2026-03-03T16:00:00,22.430
2026-03-03T17:00:00,23.785
2026-03-03T18:00:00,24.359
2026-03-03T19:00:00,24.736
2026-03-03T20:00:00,26.603
2026-03-03T21:00:00,24.904
2026-03-03T22:00:00,23.925
2026-03-03T23:00:00,20.934
2026-03-04T00:00:00,22.084
2026-03-04T01:00:00,20.460
2026-03-04T02:00:00,17.718
2026-03-04T03:00:00,17.395
2026-03-04T04:00:00,15.285
2026-03-04T05:00:00,16.094
2026-03-04T06:00:00,13.099
2026-03-04T07:00:00,13.984
2026-03-04T08:00:00,12.205
2026-03-04T09:00:00,12.626
2026-03-04T10:00:00,12.561
2026-03-04T11:00:00,12.106
2026-03-04T12:00:00,14.740
2026-03-04T13:00:00,16.109
2026-03-04T14:00:00,19.006
2026-03-04T15:00:00,18.615
2026-03-04T16:00:00,20.973
2026-03-04T17:00:00,25.841
2026-03-04T18:00:00,24.245
2026-03-04T19:00:00,22.840
2026-03-04T20:00:00,25.368
2026-03-04T21:00:00,23.126
2026-03-04T22:00:00,23.837
2026-03-04T23:00:00,22.028
2026-03-05T00:00:00,23.183
2026-03-05T01:00:00,21.122
2026-03-05T02:00:00,19.045
2026-03-05T03:00:00,17.591
2026-03-05T04:00:00,14.872
2026-03-05T05:00:00,14.413
2026-03-05T06:00:00,12.100
2026-03-05T07:00:00,12.620
2026-03-05T08:00:00,11.938
2026-03-05T09:00:00,13.740
2026-03-05T10:00:00,11.989
2026-03-05T11:00:00,14.124
2026-03-05T12:00:00,15.108
2026-03-05T13:00:00,17.218
2026-03-05T14:00:00,18.644
2026-03-05T15:00:00,19.137
2026-03-05T16:00:00,20.406
2026-03-05T17:00:00,22.050
2026-03-05T18:00:00,21.736
2026-03-05T19:00:00,24.852
2026-03-05T20:00:00,23.192
2026-03-05T21:00:00,28.154
2026-03-05T22:00:00,23.421
2026-03-05T23:00:00,20.848
2026-03-06T00:00:00,22.894
2026-03-06T01:00:00,20.214
2026-03-06T02:00:00,17.843
2026-03-06T03:00:00,16.910
2026-03-06T04:00:00,15.888
2026-03-06T05:00:00,13.849
2026-03-06T06:00:00,13.844
2026-03-06T07:00:00,12.228
2026-03-06T08:00:00,11.227
2026-03-06T09:00:00,13.131
2026-03-06T10:00:00,12.613
2026-03-06T11:00:00,13.691
2026-03-06T12:00:00,15.230
2026-03-06T13:00:00,16.314
2026-03-06T14:00:00,19.163
2026-03-06T15:00:00,20.258
2026-03-06T16:00:00,23.157
2026-03-06T17:00:00,23.778
2026-03-06T18:00:00,24.410
2026-03-06T19:00:00,24.056
2026-03-06T20:00:00,25.349
2026-03-06T21:00:00,23.903
2026-03-06T22:00:00,22.496
2026-03-06T23:00:00,22.033
2026-03-07T00:00:00,22.945
2026-03-07T01:00:00,20.382
2026-03-07T02:00:00,18.000
2026-03-07T03:00:00,17.934
2026-03-07T04:00:00,14.087
2026-03-07T05:00:00,14.669
2026-03-07T06:00:00,11.929
2026-03-07T07:00:00,10.856
2026-03-07T08:00:00,11.982
2026-03-07T09:00:00,12.162
2026-03-07T10:00:00,13.822
2026-03-07T11:00:00,13.902
2026-03-07T12:00:00,14.892
2026-03-07T13:00:00,16.922
2026-03-07T14:00:00,18.341
2026-03-07T15:00:00,21.402
2026-03-07T16:00:00,22.704
2026-03-07T17:00:00,24.641
2026-03-07T18:00:00,21.997
2026-03-07T19:00:00,26.642
2026-03-07T20:00:00,25.878
2026-03-07T21:00:00,24.703
2026-03-07T22:00:00,24.267
2026-03-07T23:00:00,20.461
2026-03-08T00:00:00,22.324
2026-03-08T01:00:00,21.362
2026-03-08T02:00:00,18.970
2026-03-08T03:00:00,16.961
2026-03-08T04:00:00,15.741
2026-03-08T05:00:00,13.180
2026-03-08T06:00:00,13.638
2026-03-08T07:00:00,12.919
2026-03-08T08:00:00,12.454
2026-03-08T09:00:00,13.236
2026-03-08T10:00:00,12.308
2026-03-08T11:00:00,14.423
2026-03-08T12:00:00,16.375
2026-03-08T13:00:00,17.699
2026-03-08T14:00:00,19.594
2026-03-08T15:00:00,20.088
2026-03-08T16:00:00,20.834
2026-03-08T17:00:00,22.850
2026-03-08T18:00:00,24.281
2026-03-08T19:00:00,23.904
2026-03-08T20:00:00,25.722
2026-03-08T21:00:00,26.189
2026-03-08T22:00:00,23.443
2026-03-08T23:00:00,21.615
2026-03-09T00:00:00,21.959
2026-03-09T01:00:00,21.986
2026-03-09T02:00:00,19.338
2026-03-09T03:00:00,16.871
2026-03-09T04:00:00,15.927
2026-03-09T05:00:00,14.249
2026-03-09T06:00:00,14.008
2026-03-09T07:00:00,12.534
2026-03-09T08:00:00,11.460
2026-03-09T09:00:00,12.373
2026-03-09T10:00:00,12.247
2026-03-09T11:00:00,12.932
2026-03-09T12:00:00,13.560
2026-03-09T13:00:00,17.497
2026-03-09T14:00:00,18.962
2026-03-09T15:00:00,20.041
2026-03-09T16:00:00,21.859
2026-03-09T17:00:00,23.199
2026-03-09T18:00:00,25.727
2026-03-09T19:00:00,22.114
2026-03-09T20:00:00,23.657
2026-03-09T21:00:00,24.122
2026-03-09T22:00:00,22.067
2026-03-09T23:00:00,21.726
2026-03-10T00:00:00,24.244
2026-03-10T01:00:00,19.112
2026-03-10T02:00:00,18.847
2026-03-10T03:00:00,15.848
2026-03-10T04:00:00,13.603
2026-03-10T05:00:00,12.212
2026-03-10T06:00:00,12.348
2026-03-10T07:00:00,13.476
2026-03-10T08:00:00,11.237
2026-03-10T09:00:00,11.108
2026-03-10T10:00:00,11.748
2026-03-10T11:00:00,13.588
2026-03-10T12:00:00,17.184
2026-03-10T13:00:00,17.811
2026-03-10T14:00:00,19.535
2026-03-10T15:00:00,20.150
2026-03-10T16:00:00,19.484
2026-03-10T17:00:00,20.926
2026-03-10T18:00:00,25.558
2026-03-10T19:00:00,23.225
2026-03-10T20:00:00,25.338
2026-03-10T21:00:00,24.380
2026-03-10T22:00:00,22.900
2026-03-10T23:00:00,24.275
2026-03-11T00:00:00,22.357
2026-03-11T01:00:00,20.237
2026-03-11T02:00:00,19.338
2026-03-11T03:00:00,17.987
2026-03-11T04:00:00,14.068
2026-03-11T05:00:00,13.574
2026-03-11T06:00:00,12.892
2026-03-11T07:00:00,12.767
2026-03-11T08:00:00,11.844
2026-03-11T09:00:00,12.605
2026-03-11T10:00:00,12.767
2026-03-11T11:00:00,14.147
2026-03-11T12:00:00,14.385
2026-03-11T13:00:00,17.974
2026-03-11T14:00:00,18.882
2026-03-11T15:00:00,21.664
2026-03-11T16:00:00,21.620
2026-03-11T17:00:00,23.354
2026-03-11T18:00:00,23.890
2026-03-11T19:00:00,25.311
2026-03-11T20:00:00,24.288
2026-03-11T21:00:00,23.227
2026-03-11T22:00:00,23.372
2026-03-11T23:00:00,22.443
2026-03-12T00:00:00,20.679
2026-03-12T01:00:00,20.221
2026-03-12T02:00:00,19.060
2026-03-12T03:00:00,17.282
2026-03-12T04:00:00,14.255
2026-03-12T05:00:00,12.986
2026-03-12T06:00:00,14.537
2026-03-12T07:00:00,11.271
2026-03-12T08:00:00,12.169
2026-03-12T09:00:00,12.834
2026-03-12T10:00:00,12.985
2026-03-12T11:00:00,14.715
2026-03-12T12:00:00,15.347
2026-03-12T13:00:00,16.915
2026-03-12T14:00:00,20.918
2026-03-12T15:00:00,20.212
2026-03-12T16:00:00,22.506
2026-03-12T17:00:00,22.727
2026-03-12T18:00:00,22.451
2026-03-12T19:00:00,25.651
2026-03-12T20:00:00,23.970
2026-03-12T21:00:00,24.878
2026-03-12T22:00:00,25.163
2026-03-12T23:00:00,23.456
2026-03-13T00:00:00,20.611
2026-03-13T01:00:00,18.451
2026-03-13T02:00:00,19.137
2026-03-13T03:00:00,17.909
2026-03-13T04:00:00,16.271
2026-03-13T05:00:00,13.557
2026-03-13T06:00:00,13.622
2026-03-13T07:00:00,12.415
2026-03-13T08:00:00,11.984
2026-03-13T09:00:00,13.162
2026-03-13T10:00:00,12.504
2026-03-13T11:00:00,14.671
2026-03-13T12:00:00,15.254
2026-03-13T13:00:00,17.866
2026-03-13T14:00:00,19.774
2026-03-13T15:00:00,22.784
2026-03-13T16:00:00,21.956
2026-03-13T17:00:00,22.241
2026-03-13T18:00:00,23.838
2026-03-13T19:00:00,24.180
2026-03-13T20:00:00,25.370
2026-03-13T21:00:00,24.118
2026-03-13T22:00:00,24.633
2026-03-13T23:00:00,23.843
2026-03-14T00:00:00,23.669
2026-03-14T01:00:00,20.465
2026-03-14T02:00:00,17.542
2026-03-14T03:00:00,15.963
2026-03-14T04:00:00,15.202
2026-03-14T05:00:00,14.026
2026-03-14T06:00:00,12.644
2026-03-14T07:00:00,13.818
2026-03-14T08:00:00,12.896
2026-03-14T09:00:00,13.359
2026-03-14T10:00:00,12.523
2026-03-14T11:00:00,13.560
2026-03-14T12:00:00,15.259
2026-03-14T13:00:00,17.311
2026-03-14T14:00:00,17.495
2026-03-14T15:00:00,17.959
2026-03-14T16:00:00,22.290
2026-03-14T17:00:00,21.706
2026-03-14T18:00:00,21.584
2026-03-14T19:00:00,25.441
2026-03-14T20:00:00,21.715
2026-03-14T21:00:00,24.376
2026-03-14T22:00:00,24.226
2026-03-14T23:00:00,24.021
2026-03-15T00:00:00,22.485
2026-03-15T01:00:00,20.428
2026-03-15T02:00:00,19.911
2026-03-15T03:00:00,17.059
2026-03-15T04:00:00,14.874
2026-03-15T05:00:00,14.764
2026-03-15T06:00:00,12.706
2026-03-15T07:00:00,11.880
2026-03-15T08:00:00,12.354
2026-03-15T09:00:00,12.248
2026-03-15T10:00:00,13.038
2026-03-15T11:00:00,14.831
2026-03-15T12:00:00,14.370
2026-03-15T13:00:00,17.583
2026-03-15T14:00:00,17.646
2026-03-15T15:00:00,22.383
2026-03-15T16:00:00,19.546
2026-03-15T17:00:00,23.305
2026-03-15T18:00:00,20.546
2026-03-15T19:00:00,23.911
2026-03-15T20:00:00,25.001
2026-03-15T21:00:00,26.570
2026-03-15T22:00:00,25.172
2026-03-15T23:00:00,23.907
2026-03-16T00:00:00,20.914
2026-03-16T01:00:00,22.443
2026-03-16T02:00:00,18.573
2026-03-16T03:00:00,16.189
2026-03-16T04:00:00,16.993
2026-03-16T05:00:00,15.005
2026-03-16T06:00:00,12.273
2026-03-16T07:00:00,11.984
2026-03-16T08:00:00,11.959
2026-03-16T09:00:00,11.141
2026-03-16T10:00:00,13.468
2026-03-16T11:00:00,15.601
2026-03-16T12:00:00,15.313
2026-03-16T13:00:00,17.508
2026-03-16T14:00:00,18.758
2026-03-16T15:00:00,22.181
2026-03-16T16:00:00,22.139
2026-03-16T17:00:00,21.884
2026-03-16T18:00:00,23.020
2026-03-16T19:00:00,26.466
2026-03-16T20:00:00,24.406
2026-03-16T21:00:00,24.048
2026-03-16T22:00:00,23.723
2026-03-16T23:00:00,23.414
2026-03-17T00:00:00,23.314
2026-03-17T01:00:00,20.878
2026-03-17T02:00:00,19.511
2026-03-17T03:00:00,18.745
2026-03-17T04:00:00,13.991
2026-03-17T05:00:00,12.207
2026-03-17T06:00:00,13.144
2026-03-17T07:00:00,13.299
2026-03-17T08:00:00,12.140
2026-03-17T09:00:00,11.889
2026-03-17T10:00:00,12.695
2026-03-17T11:00:00,14.153
2026-03-17T12:00:00,15.196
2026-03-17T13:00:00,16.081
2026-03-17T14:00:00,19.394
2026-03-17T15:00:00,19.859
2026-03-17T16:00:00,21.020
2026-03-17T17:00:00,24.204
2026-03-17T18:00:00,23.977
2026-03-17T19:00:00,22.223
2026-03-17T20:00:00,23.960
2026-03-17T21:00:00,25.218
2026-03-17T22:00:00,22.823
2026-03-17T23:00:00,22.360
2026-03-18T00:00:00,24.035
2026-03-18T01:00:00,19.180
2026-03-18T02:00:00,18.592
2026-03-18T03:00:00,17.639
2026-03-18T04:00:00,15.979
2026-03-18T05:00:00,14.374
2026-03-18T06:00:00,13.496
2026-03-18T07:00:00,12.172
2026-03-18T08:00:00,12.381
2026-03-18T09:00:00,13.472
2026-03-18T10:00:00,12.474
2026-03-18T11:00:00,12.520
2026-03-18T12:00:00,14.926
2026-03-18T13:00:00,17.645
2026-03-18T14:00:00,18.574
2026-03-18T15:00:00,21.218
2026-03-18T16:00:00,18.749
2026-03-18T17:00:00,24.345
2026-03-18T18:00:00,24.232
2026-03-18T19:00:00,25.506
2026-03-18T20:00:00,23.630
2026-03-18T21:00:00,25.841
2026-03-18T22:00:00,23.625
2026-03-18T23:00:00,23.069
2026-03-19T00:00:00,21.439
2026-03-19T01:00:00,22.741
2026-03-19T02:00:00,18.145
2026-03-19T03:00:00,19.758
2026-03-19T04:00:00,15.970
2026-03-19T05:00:00,14.137
2026-03-19T06:00:00,14.353
2026-03-19T07:00:00,11.588
2026-03-19T08:00:00,11.662
2026-03-19T09:00:00,12.225
2026-03-19T10:00:00,12.518
2026-03-19T11:00:00,14.537
2026-03-19T12:00:00,14.678
2026-03-19T13:00:00,16.665
2026-03-19T14:00:00,18.252
2026-03-19T15:00:00,19.458
2026-03-19T16:00:00,21.893
2026-03-19T17:00:00,23.726
2026-03-19T18:00:00,22.910
2026-03-19T19:00:00,24.182
2026-03-19T20:00:00,24.622
2026-03-19T21:00:00,25.522
2026-03-19T22:00:00,24.716
2026-03-19T23:00:00,23.441
2026-03-20T00:00:00,21.214
2026-03-20T01:00:00,20.653
2026-03-20T02:00:00,17.598
2026-03-20T03:00:00,17.977
2026-03-20T04:00:00,15.394
2026-03-20T05:00:00,12.829
2026-03-20T06:00:00,12.605
2026-03-20T07:00:00,13.037
2026-03-20T08:00:00,11.814
2026-03-20T09:00:00,11.949
2026-03-20T10:00:00,12.194
2026-03-20T11:00:00,14.015
2026-03-20T12:00:00,14.920
2026-03-20T13:00:00,16.779
2026-03-20T14:00:00,17.575
2026-03-20T15:00:00,20.088
2026-03-20T16:00:00,23.529
2026-03-20T17:00:00,23.497
2026-03-20T18:00:00,24.573
2026-03-20T19:00:00,28.611
2026-03-20T20:00:00,23.445
2026-03-20T21:00:00,24.502
2026-03-20T22:00:00,22.680
2026-03-20T23:00:00,20.809
2026-03-21T00:00:00,21.335
2026-03-21T01:00:00,22.296
2026-03-21T02:00:00,19.843
2026-03-21T03:00:00,15.970
2026-03-21T04:00:00,15.221
2026-03-21T05:00:00,13.734
2026-03-21T06:00:00,11.754
2026-03-21T07:00:00,12.564
2026-03-21T08:00:00,11.718
2026-03-21T09:00:00,11.775
2026-03-21T10:00:00,11.987
2026-03-21T11:00:00,12.970
2026-03-21T12:00:00,15.142
2026-03-21T13:00:00,15.413
2026-03-21T14:00:00,17.923
2026-03-21T15:00:00,19.555
2026-03-21T16:00:00,20.452
2026-03-21T17:00:00,25.184
2026-03-21T18:00:00,24.652
2026-03-21T19:00:00,23.532
2026-03-21T20:00:00,26.439
2026-03-21T21:00:00,25.619
2026-03-21T22:00:00,20.648
2026-03-21T23:00:00,22.425
2026-03-22T00:00:00,19.541
2026-03-22T01:00:00,19.304
2026-03-22T02:00:00,17.752
2026-03-22T03:00:00,16.911
2026-03-22T04:00:00,15.899
2026-03-22T05:00:00,14.030
2026-03-22T06:00:00,12.701
2026-03-22T07:00:00,11.764
2026-03-22T08:00:00,12.349
2026-03-22T09:00:00,12.196
2026-03-22T10:00:00,14.169
2026-03-22T11:00:00,13.424
2026-03-22T12:00:00,15.578
2026-03-22T13:00:00,17.327
2026-03-22T14:00:00,17.437
2026-03-22T15:00:00,18.920
2026-03-22T16:00:00,21.200
2026-03-22T17:00:00,24.854
2026-03-22T18:00:00,26.221
2026-03-22T19:00:00,25.986
2026-03-22T20:00:00,23.879
2026-03-22T21:00:00,23.632
2026-03-22T22:00:00,25.847
2026-03-22T23:00:00,23.367
2026-03-23T00:00:00,22.176
2026-03-23T01:00:00,19.786
2026-03-23T02:00:00,16.995
2026-03-23T03:00:00,17.760
2026-03-23T04:00:00,15.307
2026-03-23T05:00:00,12.638
2026-03-23T06:00:00,12.815
2026-03-23T07:00:00,11.060
2026-03-23T08:00:00,12.941
2026-03-23T09:00:00,11.111
2026-03-23T10:00:00,12.578
2026-03-23T11:00:00,13.886
2026-03-23T12:00:00,15.605
2026-03-23T13:00:00,17.425
2026-03-23T14:00:00,18.423
2026-03-23T15:00:00,19.411
2026-03-23T16:00:00,22.717
2026-03-23T17:00:00,21.509
2026-03-23T18:00:00,23.311
2026-03-23T19:00:00,23.454
2026-03-23T20:00:00,24.706
2026-03-23T21:00:00,24.879
2026-03-23T22:00:00,24.158
2026-03-23T23:00:00,21.200
2026-03-24T00:00:00,21.444
2026-03-24T01:00:00,20.970
2026-03-24T02:00:00,17.790
2026-03-24T03:00:00,15.715
2026-03-24T04:00:00,14.763
2026-03-24T05:00:00,14.366
2026-03-24T06:00:00,13.542
2026-03-24T07:00:00,12.482
2026-03-24T08:00:00,12.077
2026-03-24T09:00:00,12.122
2026-03-24T10:00:00,11.461
2026-03-24T11:00:00,13.174
2026-03-24T12:00:00,16.863
2026-03-24T13:00:00,16.356
2026-03-24T14:00:00,18.013
2026-03-24T15:00:00,20.344
2026-03-24T16:00:00,21.700
2026-03-24T17:00:00,23.090
2026-03-24T18:00:00,24.977
2026-03-24T19:00:00,23.305
2026-03-24T20:00:00,25.541
2026-03-24T21:00:00,26.630
2026-03-24T22:00:00,25.577
2026-03-24T23:00:00,23.050
2026-03-25T00:00:00,23.018
2026-03-25T01:00:00,20.005
2026-03-25T02:00:00,20.696
2026-03-25T03:00:00,15.079
2026-03-25T04:00:00,16.602
2026-03-25T05:00:00,13.491
2026-03-25T06:00:00,11.919
2026-03-25T07:00:00,11.618
2026-03-25T08:00:00,11.423
2026-03-25T09:00:00,12.081
2026-03-25T10:00:00,11.837
2026-03-25T11:00:00,16.816
2026-03-25T12:00:00,14.884
2026-03-25T13:00:00,16.434
2026-03-25T14:00:00,17.463
2026-03-25T15:00:00,21.139
2026-03-25T16:00:00,19.913
2026-03-25T17:00:00,22.048
2026-03-25T18:00:00,22.323
2026-03-25T19:00:00,24.160
2026-03-25T20:00:00,26.339
2026-03-25T21:00:00,26.638
2026-03-25T22:00:00,23.778
2026-03-25T23:00:00,23.804
2026-03-26T00:00:00,21.808
2026-03-26T01:00:00,20.584
2026-03-26T02:00:00,20.173
2026-03-26T03:00:00,17.520
2026-03-26T04:00:00,15.563
2026-03-26T05:00:00,14.063
2026-03-26T06:00:00,12.358
2026-03-26T07:00:00,12.388
2026-03-26T08:00:00,12.163
2026-03-26T09:00:00,13.126
2026-03-26T10:00:00,11.678
2026-03-26T11:00:00,13.294
2026-03-26T12:00:00,15.263
2026-03-26T13:00:00,17.733
2026-03-26T14:00:00,18.430
2026-03-26T15:00:00,21.102
2026-03-26T16:00:00,20.661
2026-03-26T17:00:00,24.644
2026-03-26T18:00:00,23.277
2026-03-26T19:00:00,24.184
2026-03-26T20:00:00,23.977
2026-03-26T21:00:00,25.309
2026-03-26T22:00:00,24.557
2026-03-26T23:00:00,24.423
2026-03-27T00:00:00,20.853
2026-03-27T01:00:00,18.579
2026-03-27T02:00:00,19.978
2026-03-27T03:00:00,17.589
2026-03-27T04:00:00,14.821
2026-03-27T05:00:00,13.792
2026-03-27T06:00:00,11.923
2026-03-27T07:00:00,11.479
2026-03-27T08:00:00,11.808
2026-03-27T09:00:00,11.596
2026-03-27T10:00:00,12.526
2026-03-27T11:00:00,12.628
2026-03-27T12:00:00,15.971
2026-03-27T13:00:00,16.845
2026-03-27T14:00:00,16.313
2026-03-27T15:00:00,20.038
2026-03-27T16:00:00,22.739
2026-03-27T17:00:00,21.834
2026-03-27T18:00:00,24.949
2026-03-27T19:00:00,22.476
2026-03-27T20:00:00,26.192
2026-03-27T21:00:00,25.451
2026-03-27T22:00:00,23.965
2026-03-27T23:00:00,24.147
2026-03-28T00:00:00,20.412
2026-03-28T01:00:00,20.777
2026-03-28T02:00:00,18.217
2026-03-28T03:00:00,17.235
2026-03-28T04:00:00,16.338
2026-03-28T05:00:00,14.948
2026-03-28T06:00:00,13.356
2026-03-28T07:00:00,13.008
2026-03-28T08:00:00,12.324
2026-03-28T09:00:00,11.428
2026-03-28T10:00:00,12.894
2026-03-28T11:00:00,14.111
2026-03-28T12:00:00,14.204
2026-03-28T13:00:00,15.597
2026-03-28T14:00:00,19.075
2026-03-28T15:00:00,21.848
2026-03-28T16:00:00,21.893
2026-03-28T17:00:00,23.372
2026-03-28T18:00:00,25.151
2026-03-28T19:00:00,25.374
2026-03-28T20:00:00,25.313
2026-03-28T21:00:00,25.806
2026-03-28T22:00:00,21.014
2026-03-28T23:00:00,24.112
2026-03-29T00:00:00,23.727
2026-03-29T01:00:00,20.051
2026-03-29T02:00:00,19.272
2026-03-29T03:00:00,16.348
2026-03-29T04:00:00,15.568
2026-03-29T05:00:00,14.474
2026-03-29T06:00:00,12.046
2026-03-29T07:00:00,12.168
2026-03-29T08:00:00,11.826
2026-03-29T09:00:00,12.239
2026-03-29T10:00:00,13.871
2026-03-29T11:00:00,13.602
2026-03-29T12:00:00,15.935
2026-03-29T13:00:00,16.845
2026-03-29T14:00:00,17.953
2026-03-29T15:00:00,20.741
2026-03-29T16:00:00,24.016
2026-03-29T17:00:00,22.139
2026-03-29T18:00:00,23.658
2026-03-29T19:00:00,24.909
2026-03-29T20:00:00,27.574
2026-03-29T21:00:00,24.725
2026-03-29T22:00:00,24.449
2026-03-29T23:00:00,25.690
2026-03-30T00:00:00,21.265
2026-03-30T01:00:00,19.858
2026-03-30T02:00:00,18.317
2026-03-30T03:00:00,17.800
2026-03-30T04:00:00,15.242
2026-03-30T05:00:00,15.041
2026-03-30T06:00:00,12.000
2026-03-30T07:00:00,12.633
2026-03-30T08:00:00,12.288
2026-03-30T09:00:00,12.695
2026-03-30T10:00:00,12.744
2026-03-30T11:00:00,13.720
2026-03-30T12:00:00,14.714
2026-03-30T13:00:00,16.123
2026-03-30T14:00:00,19.245
2026-03-30T15:00:00,21.999
2026-03-30T16:00:00,22.253
2026-03-30T17:00:00,20.940
2026-03-30T18:00:00,26.390
2026-03-30T19:00:00,26.151
2026-03-30T20:00:00,24.353
2026-03-30T21:00:00,26.104
2026-03-30T22:00:00,23.217
2026-03-30T23:00:00,19.617
2026-03-31T00:00:00,22.382
2026-03-31T01:00:00,20.909
2026-03-31T02:00:00,20.181
2026-03-31T03:00:00,17.163
2026-03-31T04:00:00,14.006
2026-03-31T05:00:00,12.707
2026-03-31T06:00:00,13.844
2026-03-31T07:00:00,12.335
2026-03-31T08:00:00,12.194
2026-03-31T09:00:00,12.498
2026-03-31T10:00:00,11.658
2026-03-31T11:00:00,14.916
2026-03-31T12:00:00,15.177
2026-03-31T13:00:00,17.788
2026-03-31T14:00:00,20.920
2026-03-31T15:00:00,20.014
2026-03-31T16:00:00,25.018
2026-03-31T17:00:00,22.642
2026-03-31T18:00:00,22.923
2026-03-31T19:00:00,24.852
2026-03-31T20:00:00,24.395
2026-03-31T21:00:00,26.737
2026-03-31T22:00:00,22.653
2026-03-31T23:00:00,22.750
2026-04-01T00:00:00,21.336
2026-04-01T01:00:00,17.393
2026-04-01T02:00:00,18.590
2026-04-01T03:00:00,15.694
2026-04-01T04:00:00,13.817
2026-04-01T05:00:00,13.999
2026-04-01T06:00:00,13.206
2026-04-01T07:00:00,10.260
2026-04-01T08:00:00,11.741
2026-04-01T09:00:00,12.862
2026-04-01T10:00:00,11.453
2026-04-01T11:00:00,12.652
2026-04-01T12:00:00,14.774
2026-04-01T13:00:00,15.850
2026-04-01T14:00:00,19.162
2026-04-01T15:00:00,16.313
2026-04-01T16:00:00,19.489
2026-04-01T17:00:00,24.843
2026-04-01T18:00:00,24.364
2026-04-01T19:00:00,22.136
2026-04-01T20:00:00,24.713
2026-04-01T21:00:00,22.927
2026-04-01T22:00:00,23.607
2026-04-01T23:00:00,21.816
2026-04-02T00:00:00,20.048
2026-04-02T01:00:00,20.778
2026-04-02T02:00:00,20.536
2026-04-02T03:00:00,16.598
2026-04-02T04:00:00,14.083
2026-04-02T05:00:00,13.177
2026-04-02T06:00:00,12.901
2026-04-02T07:00:00,12.307
2026-04-02T08:00:00,10.056
2026-04-02T09:00:00,11.536
2026-04-02T10:00:00,13.130
2026-04-02T11:00:00,13.657
2026-04-02T12:00:00,17.609
2026-04-02T13:00:00,14.406
2026-04-02T14:00:00,18.703
2026-04-02T15:00:00,18.616
2026-04-02T16:00:00,21.859
2026-04-02T17:00:00,22.738
2026-04-02T18:00:00,25.635
2026-04-02T19:00:00,23.745
2026-04-02T20:00:00,27.599
2026-04-02T21:00:00,24.992
2026-04-02T22:00:00,24.160
2026-04-02T23:00:00,22.813
2026-04-03T00:00:00,21.998
2026-04-03T01:00:00,20.694
2026-04-03T02:00:00,18.096
2026-04-03T03:00:00,15.686
2026-04-03T04:00:00,16.164
2026-04-03T05:00:00,13.443
2026-04-03T06:00:00,13.388
2026-04-03T07:00:00,12.039
2026-04-03T08:00:00,12.418
2026-04-03T09:00:00,11.554
2026-04-03T10:00:00,13.133
2026-04-03T11:00:00,13.766
2026-04-03T12:00:00,14.135
2026-04-03T13:00:00,17.064
2026-04-03T14:00:00,18.964
2026-04-03T15:00:00,18.597
2026-04-03T16:00:00,20.083
2026-04-03T17:00:00,23.091
2026-04-03T18:00:00,24.524
2026-04-03T19:00:00,22.053
2026-04-03T20:00:00,21.179
2026-04-03T21:00:00,21.054
2026-04-03T22:00:00,21.606
2026-04-03T23:00:00,22.723
2026-04-04T00:00:00,21.426
2026-04-04T01:00:00,19.437
2026-04-04T02:00:00,17.538
2026-04-04T03:00:00,17.620
2026-04-04T04:00:00,14.091
2026-04-04T05:00:00,13.578
2026-04-04T06:00:00,12.327
2026-04-04T07:00:00,10.707
2026-04-04T08:00:00,11.456
2026-04-04T09:00:00,13.260
2026-04-04T10:00:00,13.123
2026-04-04T11:00:00,12.768
2026-04-04T12:00:00,15.560
2026-04-04T13:00:00,16.405
2026-04-04T14:00:00,16.530
2026-04-04T15:00:00,17.239
2026-04-04T16:00:00,22.037
2026-04-04T17:00:00,19.768
2026-04-04T18:00:00,23.399
2026-04-04T19:00:00,24.529
2026-04-04T20:00:00,26.751
2026-04-04T21:00:00,24.942
2026-04-04T22:00:00,22.940
2026-04-04T23:00:00,22.220
2026-04-05T00:00:00,22.237
2026-04-05T01:00:00,19.620
2026-04-05T02:00:00,17.642
2026-04-05T03:00:00,17.582
2026-04-05T04:00:00,15.771
2026-04-05T05:00:00,13.387
2026-04-05T06:00:00,13.265
2026-04-05T07:00:00,11.178
2026-04-05T08:00:00,9.811
2026-04-05T09:00:00,12.019
2026-04-05T10:00:00,13.185
2026-04-05T11:00:00,13.247
2026-04-05T12:00:00,16.411
2026-04-05T13:00:00,15.271
2026-04-05T14:00:00,16.588
2026-04-05T15:00:00,19.314
2026-04-05T16:00:00,19.995
2026-04-05T17:00:00,21.545
2026-04-05T18:00:00,23.098
2026-04-05T19:00:00,24.435
2026-04-05T20:00:00,22.255
2026-04-05T21:00:00,21.232
2026-04-05T22:00:00,25.510
2026-04-05T23:00:00,20.496
2026-04-06T00:00:00,20.813
2026-04-06T01:00:00,17.910
2026-04-06T02:00:00,18.761
2026-04-06T03:00:00,17.337
2026-04-06T04:00:00,15.592
2026-04-06T05:00:00,12.301
2026-04-06T06:00:00,12.237
2026-04-06T07:00:00,11.239
2026-04-06T08:00:00,12.418
2026-04-06T09:00:00,11.482
2026-04-06T10:00:00,12.201
2026-04-06T11:00:00,13.906
2026-04-06T12:00:00,14.327
2026-04-06T13:00:00,15.632
2026-04-06T14:00:00,18.689
2026-04-06T15:00:00,19.639
2026-04-06T16:00:00,21.462
2026-04-06T17:00:00,23.774
2026-04-06T18:00:00,22.355
2026-04-06T19:00:00,26.424
2026-04-06T20:00:00,23.602
2026-04-06T21:00:00,22.661
2026-04-06T22:00:00,24.967
2026-04-06T23:00:00,20.824
2026-04-07T00:00:00,19.027
2026-04-07T01:00:00,23.164
2026-04-07T02:00:00,18.142
2026-04-07T03:00:00,14.526
2026-04-07T04:00:00,15.412
2026-04-07T05:00:00,13.599
2026-04-07T06:00:00,12.535
2026-04-07T07:00:00,12.269
2026-04-07T08:00:00,11.379
2026-04-07T09:00:00,12.486
2026-04-07T10:00:00,12.469
2026-04-07T11:00:00,12.307
2026-04-07T12:00:00,14.631
2026-04-07T13:00:00,17.468
2026-04-07T14:00:00,21.153
2026-04-07T15:00:00,20.873
2026-04-07T16:00:00,21.097
2026-04-07T17:00:00,20.981
2026-04-07T18:00:00,21.627
2026-04-07T19:00:00,23.166
2026-04-07T20:00:00,23.763
2026-04-07T21:00:00,23.954
2026-04-07T22:00:00,23.492
2026-04-07T23:00:00,23.435
2026-04-08T00:00:00,22.543
2026-04-08T01:00:00,18.738
2026-04-08T02:00:00,17.883
2026-04-08T03:00:00,15.555
2026-04-08T04:00:00,15.110
2026-04-08T05:00:00,13.416
2026-04-08T06:00:00,12.248
2026-04-08T07:00:00,10.839
2026-04-08T08:00:00,10.913
2026-04-08T09:00:00,12.623
2026-04-08T10:00:00,12.385
2026-04-08T11:00:00,12.679
2026-04-08T12:00:00,16.189
2026-04-08T13:00:00,15.528
2026-04-08T14:00:00,16.047
2026-04-08T15:00:00,19.482
2026-04-08T16:00:00,21.781
2026-04-08T17:00:00,22.037
2026-04-08T18:00:00,22.180
2026-04-08T19:00:00,23.535
2026-04-08T20:00:00,26.958
2026-04-08T21:00:00,25.068
2026-04-08T22:00:00,23.863
2026-04-08T23:00:00,20.509
2026-04-09T00:00:00,20.597
2026-04-09T01:00:00,18.095
2026-04-09T02:00:00,16.518
2026-04-09T03:00:00,15.872
2026-04-09T04:00:00,15.674
2026-04-09T05:00:00,13.736
2026-04-09T06:00:00,12.424
2026-04-09T07:00:00,11.631
2026-04-09T08:00:00,10.478
2026-04-09T09:00:00,11.266
2026-04-09T10:00:00,11.094
2026-04-09T11:00:00,12.384
2026-04-09T12:00:00,15.048
2026-04-09T13:00:00,17.432
2026-04-09T14:00:00,17.770
2026-04-09T15:00:00,18.535
2026-04-09T16:00:00,21.130
2026-04-09T17:00:00,20.968
2026-04-09T18:00:00,24.576
2026-04-09T19:00:00,21.989
2026-04-09T20:00:00,24.916
2026-04-09T21:00:00,24.757
2026-04-09T22:00:00,20.979
2026-04-09T23:00:00,22.189
2026-04-10T00:00:00,20.792
2026-04-10T01:00:00,19.315
2026-04-10T02:00:00,17.778
2026-04-10T03:00:00,17.002
2026-04-10T04:00:00,14.816
2026-04-10T05:00:00,13.265
2026-04-10T06:00:00,12.004
2026-04-10T07:00:00,12.798
2026-04-10T08:00:00,11.582
2026-04-10T09:00:00,12.069
2026-04-10T10:00:00,12.787
2026-04-10T11:00:00,12.929
2026-04-10T12:00:00,15.574
2026-04-10T13:00:00,13.584
2026-04-10T14:00:00,19.667
2026-04-10T15:00:00,22.554
2026-04-10T16:00:00,21.332
2026-04-10T17:00:00,22.345
2026-04-10T18:00:00,22.211
2026-04-10T19:00:00,25.644
2026-04-10T20:00:00,24.188
2026-04-10T21:00:00,24.028
2026-04-10T22:00:00,25.019
2026-04-10T23:00:00,21.240
2026-04-11T00:00:00,21.798
2026-04-11T01:00:00,18.649
2026-04-11T02:00:00,19.447
2026-04-11T03:00:00,16.219
2026-04-11T04:00:00,15.960
2026-04-11T05:00:00,13.791
2026-04-11T06:00:00,11.606
2026-04-11T07:00:00,12.197
2026-04-11T08:00:00,12.052
2026-04-11T09:00:00,11.002
2026-04-11T10:00:00,12.534
2026-04-11T11:00:00,12.017
2026-04-11T12:00:00,13.906
2026-04-11T13:00:00,16.671
2026-04-11T14:00:00,16.831
2026-04-11T15:00:00,19.802
2026-04-11T16:00:00,21.779
2026-04-11T17:00:00,24.527
2026-04-11T18:00:00,24.551
2026-04-11T19:00:00,23.459
2026-04-11T20:00:00,21.906
2026-04-11T21:00:00,24.148
2026-04-11T22:00:00,23.350
2026-04-11T23:00:00,20.125
2026-04-12T00:00:00,18.295
2026-04-12T01:00:00,19.203
2026-04-12T02:00:00,16.227
2026-04-12T03:00:00,16.607
2026-04-12T04:00:00,14.268
2026-04-12T05:00:00,12.054
2026-04-12T06:00:00,13.796
2026-04-12T07:00:00,12.143
2026-04-12T08:00:00,10.885
2026-04-12T09:00:00,10.991
2026-04-12T10:00:00,13.097
2026-04-12T11:00:00,14.602
2026-04-12T12:00:00,14.627
2026-04-12T13:00:00,16.485
2026-04-12T14:00:00,19.054
2026-04-12T15:00:00,21.839
2026-04-12T16:00:00,23.757
2026-04-12T17:00:00,21.924
2026-04-12T18:00:00,21.721
2026-04-12T19:00:00,24.012
2026-04-12T20:00:00,22.971
2026-04-12T21:00:00,24.749
2026-04-12T22:00:00,21.725
2026-04-12T23:00:00,20.543
2026-04-13T00:00:00,21.815
2026-04-13T01:00:00,20.203
2026-04-13T02:00:00,14.696
2026-04-13T03:00:00,17.589
2026-04-13T04:00:00,15.240
2026-04-13T05:00:00,13.571
2026-04-13T06:00:00,12.504
2026-04-13T07:00:00,12.224
2026-04-13T08:00:00,11.414
2026-04-13T09:00:00,12.686
2026-04-13T10:00:00,12.740
2026-04-13T11:00:00,13.597
2026-04-13T12:00:00,16.037
2026-04-13T13:00:00,16.648
2026-04-13T14:00:00,17.234
2026-04-13T15:00:00,18.645
2026-04-13T16:00:00,19.804
2026-04-13T17:00:00,20.623
2026-04-13T18:00:00,22.754
2026-04-13T19:00:00,26.074
2026-04-13T20:00:00,22.870
2026-04-13T21:00:00,21.598
2026-04-13T22:00:00,24.465
2026-04-13T23:00:00,20.256
2026-04-14T00:00:00,20.959
2026-04-14T01:00:00,19.555
2026-04-14T02:00:00,18.950
2026-04-14T03:00:00,14.030
2026-04-14T04:00:00,15.419
2026-04-14T05:00:00,14.207
2026-04-14T06:00:00,11.521
2026-04-14T07:00:00,12.252
2026-04-14T08:00:00,11.105
2026-04-14T09:00:00,11.412
2026-04-14T10:00:00,12.734
2026-04-14T11:00:00,13.757
2026-04-14T12:00:00,16.376
2026-04-14T13:00:00,15.058
2026-04-14T14:00:00,17.991
2026-04-14T15:00:00,21.095
2026-04-14T16:00:00,21.285
2026-04-14T17:00:00,23.089
2026-04-14T18:00:00,24.018
2026-04-14T19:00:00,25.171
2026-04-14T20:00:00,23.760
2026-04-14T21:00:00,23.064
2026-04-14T22:00:00,23.393
2026-04-14T23:00:00,23.695
2026-04-15T00:00:00,19.820
2026-04-15T01:00:00,21.172
2026-04-15T02:00:00,18.113
2026-04-15T03:00:00,17.115
2026-04-15T04:00:00,13.717
2026-04-15T05:00:00,13.128
2026-04-15T06:00:00,11.994
2026-04-15T07:00:00,10.992
2026-04-15T08:00:00,12.806
2026-04-15T09:00:00,13.390
2026-04-15T10:00:00,12.166
2026-04-15T11:00:00,14.333
2026-04-15T12:00:00,14.918
2026-04-15T13:00:00,16.502
2026-04-15T14:00:00,16.947
2026-04-15T15:00:00,19.846
2026-04-15T16:00:00,20.769
2026-04-15T17:00:00,20.360
2026-04-15T18:00:00,23.380
2026-04-15T19:00:00,24.798
2026-04-15T20:00:00,26.442
2026-04-15T21:00:00,22.767
2026-04-15T22:00:00,22.948
2026-04-15T23:00:00,21.294
2026-04-16T00:00:00,22.361
2026-04-16T01:00:00,19.952
2026-04-16T02:00:00,18.492
2026-04-16T03:00:00,16.582
2026-04-16T04:00:00,15.112
2026-04-16T05:00:00,13.001
2026-04-16T06:00:00,12.616
2026-04-16T07:00:00,11.980
2026-04-16T08:00:00,12.240
2026-04-16T09:00:00,11.994
2026-04-16T10:00:00,12.818
2026-04-16T11:00:00,13.319
2026-04-16T12:00:00,15.207
2026-04-16T13:00:00,15.889
2026-04-16T14:00:00,18.629
2026-04-16T15:00:00,17.905
2026-04-16T16:00:00,23.372
2026-04-16T17:00:00,24.584
2026-04-16T18:00:00,22.566
2026-04-16T19:00:00,23.243
2026-04-16T20:00:00,26.999
2026-04-16T21:00:00,25.971
2026-04-16T22:00:00,23.790
2026-04-16T23:00:00,21.914
2026-04-17T00:00:00,20.066
2026-04-17T01:00:00,21.194
2026-04-17T02:00:00,18.047
2026-04-17T03:00:00,16.451
2026-04-17T04:00:00,12.773
2026-04-17T05:00:00,13.184
2026-04-17T06:00:00,13.542
2026-04-17T07:00:00,12.419
2026-04-17T08:00:00,11.633
2026-04-17T09:00:00,11.902
2026-04-17T10:00:00,11.321
2026-04-17T11:00:00,12.858
2026-04-17T12:00:00,15.739
2026-04-17T13:00:00,17.566
2026-04-17T14:00:00,19.788
2026-04-17T15:00:00,20.414
2026-04-17T16:00:00,20.051
2026-04-17T17:00:00,23.740
2026-04-17T18:00:00,23.345
2026-04-17T19:00:00,24.484
2026-04-17T20:00:00,21.781
2026-04-17T21:00:00,24.246
2026-04-17T22:00:00,23.592
2026-04-17T23:00:00,22.057
2026-04-18T00:00:00,19.972
2026-04-18T01:00:00,18.151
2026-04-18T02:00:00,18.140
2026-04-18T03:00:00,15.723
2026-04-18T04:00:00,14.727
2026-04-18T05:00:00,13.393
2026-04-18T06:00:00,11.727
2026-04-18T07:00:00,11.694
2026-04-18T08:00:00,11.571
2026-04-18T09:00:00,10.686
2026-04-18T10:00:00,13.184
2026-04-18T11:00:00,13.294
2026-04-18T12:00:00,15.100
2026-04-18T13:00:00,16.278
2026-04-18T14:00:00,17.867
2026-04-18T15:00:00,19.475
2026-04-18T16:00:00,20.202
2026-04-18T17:00:00,23.999
2026-04-18T18:00:00,21.890
2026-04-18T19:00:00,22.698
2026-04-18T20:00:00,26.123
2026-04-18T21:00:00,24.605
2026-04-18T22:00:00,23.836
2026-04-18T23:00:00,22.737
2026-04-19T00:00:00,22.716
2026-04-19T01:00:00,17.840
2026-04-19T02:00:00,18.218
2026-04-19T03:00:00,15.419
2026-04-19T04:00:00,14.796
2026-04-19T05:00:00,13.841
2026-04-19T06:00:00,11.997
2026-04-19T07:00:00,13.049
2026-04-19T08:00:00,11.899
2026-04-19T09:00:00,12.413
2026-04-19T10:00:00,12.261
2026-04-19T11:00:00,14.206
2026-04-19T12:00:00,13.890
2026-04-19T13:00:00,15.275
2026-04-19T14:00:00,17.353
2026-04-19T15:00:00,19.559
2026-04-19T16:00:00,21.209
2026-04-19T17:00:00,24.441
2026-04-19T18:00:00,24.354
2026-04-19T19:00:00,26.241
2026-04-19T20:00:00,22.875
2026-04-19T21:00:00,25.448
2026-04-19T22:00:00,22.954
2026-04-19T23:00:00,19.337
2026-04-20T00:00:00,19.694
2026-04-20T01:00:00,17.855
2026-04-20T02:00:00,17.405
2026-04-20T03:00:00,16.085
2026-04-20T04:00:00,14.671
2026-04-20T05:00:00,13.832
2026-04-20T06:00:00,13.328
2026-04-20T07:00:00,11.756
2026-04-20T08:00:00,11.682
2026-04-20T09:00:00,10.684
2026-04-20T10:00:00,12.211
2026-04-20T11:00:00,11.745
2026-04-20T12:00:00,14.791
2026-04-20T13:00:00,15.163
2026-04-20T14:00:00,17.822
2026-04-20T15:00:00,22.109
2026-04-20T16:00:00,21.848
2026-04-20T17:00:00,21.795
2026-04-20T18:00:00,23.898
2026-04-20T19:00:00,25.629
2026-04-20T20:00:00,27.218
2026-04-20T21:00:00,23.398
2026-04-20T22:00:00,23.598
2026-04-20T23:00:00,22.951
2026-04-21T00:00:00,21.602
2026-04-21T01:00:00,18.367
2026-04-21T02:00:00,17.249
2026-04-21T03:00:00,15.442
2026-04-21T04:00:00,15.914
2026-04-21T05:00:00,13.251
2026-04-21T06:00:00,13.679
2026-04-21T07:00:00,11.999
2026-04-21T08:00:00,11.157
2026-04-21T09:00:00,12.175
2026-04-21T10:00:00,11.989
2026-04-21T11:00:00,14.424
2026-04-21T12:00:00,14.406
2026-04-21T13:00:00,15.532
2026-04-21T14:00:00,18.300
2026-04-21T15:00:00,18.902
2026-04-21T16:00:00,20.104
2026-04-21T17:00:00,23.261
2026-04-21T18:00:00,24.246
2026-04-21T19:00:00,23.181
2026-04-21T20:00:00,22.215
2026-04-21T21:00:00,23.805
2026-04-21T22:00:00,23.710
2026-04-21T23:00:00,23.387
2026-04-22T00:00:00,22.042
2026-04-22T01:00:00,19.730
2026-04-22T02:00:00,16.994
2026-04-22T03:00:00,15.430
2026-04-22T04:00:00,13.764
2026-04-22T05:00:00,13.588
2026-04-22T06:00:00,13.277
2026-04-22T07:00:00,11.751
2026-04-22T08:00:00,10.645
2026-04-22T09:00:00,12.363
2026-04-22T10:00:00,14.783
2026-04-22T11:00:00,14.848
2026-04-22T12:00:00,16.245
2026-04-22T13:00:00,15.880
2026-04-22T14:00:00,16.694
2026-04-22T15:00:00,20.019
2026-04-22T16:00:00,23.392
2026-04-22T17:00:00,21.791
2026-04-22T18:00:00,21.900
2026-04-22T19:00:00,22.676
2026-04-22T20:00:00,23.543
2026-04-22T21:00:00,24.741
2026-04-22T22:00:00,24.580
2026-04-22T23:00:00,22.535
2026-04-23T00:00:00,19.283
2026-04-23T01:00:00,19.704
2026-04-23T02:00:00,16.004
2026-04-23T03:00:00,16.880
2026-04-23T04:00:00,13.717
2026-04-23T05:00:00,14.336
2026-04-23T06:00:00,12.617
2026-04-23T07:00:00,11.083
2026-04-23T08:00:00,11.356
2026-04-23T09:00:00,10.967
2026-04-23T10:00:00,12.643
2026-04-23T11:00:00,15.024
2026-04-23T12:00:00,15.472
2026-04-23T13:00:00,16.614
2026-04-23T14:00:00,18.840
2026-04-23T15:00:00,19.492
2026-04-23T16:00:00,21.468
2026-04-23T17:00:00,21.585
2026-04-23T18:00:00,21.439
2026-04-23T19:00:00,23.111
2026-04-23T20:00:00,22.941
2026-04-23T21:00:00,26.551
2026-04-23T22:00:00,23.321
2026-04-23T23:00:00,21.533
2026-04-24T00:00:00,20.769
2026-04-24T01:00:00,19.508
2026-04-24T02:00:00,17.332
2026-04-24T03:00:00,17.072
2026-04-24T04:00:00,15.840
2026-04-24T05:00:00,12.993
2026-04-24T06:00:00,12.932
2026-04-24T07:00:00,12.546
2026-04-24T08:00:00,12.551
2026-04-24T09:00:00,13.438
2026-04-24T10:00:00,12.932
2026-04-24T11:00:00,12.937
2026-04-24T12:00:00,15.632
2026-04-24T13:00:00,16.566
2026-04-24T14:00:00,18.592
2026-04-24T15:00:00,20.331
2026-04-24T16:00:00,20.339
2026-04-24T17:00:00,23.177
2026-04-24T18:00:00,22.662
2026-04-24T19:00:00,23.478
2026-04-24T20:00:00,22.252
2026-04-24T21:00:00,25.411
2026-04-24T22:00:00,25.372
2026-04-24T23:00:00,20.870
2026-04-25T00:00:00,20.726
2026-04-25T01:00:00,18.840
2026-04-25T02:00:00,18.304
2026-04-25T03:00:00,14.941
2026-04-25T04:00:00,14.287
2026-04-25T05:00:00,14.648
2026-04-25T06:00:00,12.221
2026-04-25T07:00:00,12.547
2026-04-25T08:00:00,10.946
2026-04-25T09:00:00,12.496
2026-04-25T10:00:00,11.751
2026-04-25T11:00:00,12.702
2026-04-25T12:00:00,16.066
2026-04-25T13:00:00,16.279
2026-04-25T14:00:00,19.069
2026-04-25T15:00:00,19.998
2026-04-25T16:00:00,20.080
2026-04-25T17:00:00,21.239
2026-04-25T18:00:00,24.860
2026-04-25T19:00:00,23.440
2026-04-25T20:00:00,21.754
2026-04-25T21:00:00,26.538
2026-04-25T22:00:00,22.297
2026-04-25T23:00:00,22.978
2026-04-26T00:00:00,21.097
2026-04-26T01:00:00,18.826
2026-04-26T02:00:00,18.469
2026-04-26T03:00:00,14.722
2026-04-26T04:00:00,15.386
2026-04-26T05:00:00,13.492
2026-04-26T06:00:00,13.308
2026-04-26T07:00:00,10.742
2026-04-26T08:00:00,10.793
2026-04-26T09:00:00,12.179
2026-04-26T10:00:00,12.527
2026-04-26T11:00:00,14.089
2026-04-26T12:00:00,15.880
2026-04-26T13:00:00,15.573
2026-04-26T14:00:00,19.732
2026-04-26T15:00:00,17.764
2026-04-26T16:00:00,22.213
2026-04-26T17:00:00,21.326
2026-04-26T18:00:00,21.619
2026-04-26T19:00:00,23.978
2026-04-26T20:00:00,23.624
2026-04-26T21:00:00,24.586
2026-04-26T22:00:00,23.535
2026-04-26T23:00:00,23.917
2026-04-27T00:00:00,20.930
2026-04-27T01:00:00,20.754
2026-04-27T02:00:00,18.047
2026-04-27T03:00:00,15.811
2026-04-27T04:00:00,13.559
2026-04-27T05:00:00,12.049
2026-04-27T06:00:00,11.696
2026-04-27T07:00:00,11.965
2026-04-27T08:00:00,12.463
2026-04-27T09:00:00,11.316
2026-04-27T10:00:00,12.688
2026-04-27T11:00:00,13.110
2026-04-27T12:00:00,14.196
2026-04-27T13:00:00,16.581
2026-04-27T14:00:00,18.652
2026-04-27T15:00:00,18.793
2026-04-27T16:00:00,19.658
2026-04-27T17:00:00,23.088
2026-04-27T18:00:00,23.819
2026-04-27T19:00:00,24.197
2026-04-27T20:00:00,24.279
2026-04-27T21:00:00,21.261
2026-04-27T22:00:00,21.384
2026-04-27T23:00:00,22.151
2026-04-28T00:00:00,22.933
2026-04-28T01:00:00,20.290
2026-04-28T02:00:00,19.684
2026-04-28T03:00:00,17.385
2026-04-28T04:00:00,15.441
2026-04-28T05:00:00,15.733
2026-04-28T06:00:00,11.655
2026-04-28T07:00:00,12.225
2026-04-28T08:00:00,13.136
2026-04-28T09:00:00,10.648
2026-04-28T10:00:00,12.692
2026-04-28T11:00:00,11.976
2026-04-28T12:00:00,16.177
2026-04-28T13:00:00,16.518
2026-04-28T14:00:00,18.522
2026-04-28T15:00:00,19.198
2026-04-28T16:00:00,19.154
2026-04-28T17:00:00,24.348
2026-04-28T18:00:00,21.959
2026-04-28T19:00:00,24.277
2026-04-28T20:00:00,26.531
2026-04-28T21:00:00,23.918
2026-04-28T22:00:00,23.835
2026-04-28T23:00:00,19.984
2026-04-29T00:00:00,20.317
2026-04-29T01:00:00,18.051
2026-04-29T02:00:00,17.476
2026-04-29T03:00:00,16.371
2026-04-29T04:00:00,13.357
2026-04-29T05:00:00,13.085
2026-04-29T06:00:00,13.671
2026-04-29T07:00:00,11.744
2026-04-29T08:00:00,10.662
2026-04-29T09:00:00,11.088
2026-04-29T10:00:00,12.788
2026-04-29T11:00:00,13.646
2026-04-29T12:00:00,14.392
2026-04-29T13:00:00,14.969
2026-04-29T14:00:00,16.078
2026-04-29T15:00:00,16.905
2026-04-29T16:00:00,21.497
2026-04-29T17:00:00,21.341
2026-04-29T18:00:00,24.997
2026-04-29T19:00:00,25.071
2026-04-29T20:00:00,27.658
2026-04-29T21:00:00,22.823
2026-04-29T22:00:00,24.338
2026-04-29T23:00:00,19.787
2026-04-30T00:00:00,21.385
2026-04-30T01:00:00,20.651
2026-04-30T02:00:00,17.861
2026-04-30T03:00:00,15.110
2026-04-30T04:00:00,13.942
2026-04-30T05:00:00,14.013
2026-04-30T06:00:00,11.067
2026-04-30T07:00:00,11.515
2026-04-30T08:00:00,12.227
2026-04-30T09:00:00,10.081
2026-04-30T10:00:00,12.132
2026-04-30T11:00:00,13.498
2026-04-30T12:00:00,15.993
2026-04-30T13:00:00,16.715
2026-04-30T14:00:00,17.006
2026-04-30T15:00:00,19.739
2026-04-30T16:00:00,22.382
2026-04-30T17:00:00,21.737
2026-04-30T18:00:00,24.582
2026-04-30T19:00:00,22.019
2026-04-30T20:00:00,24.402
2026-04-30T21:00:00,20.833
2026-04-30T22:00:00,21.834
2026-04-30T23:00:00,21.231
2026-05-01T00:00:00,25.766
2026-05-01T01:00:00,19.737
2026-05-01T02:00:00,19.722
2026-05-01T03:00:00,18.473
2026-05-01T04:00:00,17.376
2026-05-01T05:00:00,14.042
2026-05-01T06:00:00,14.745
2026-05-01T07:00:00,12.689
2026-05-01T08:00:00,13.363
2026-05-01T09:00:00,14.774
2026-05-01T10:00:00,13.786
2026-05-01T11:00:00,14.538
2026-05-01T12:00:00,17.311
2026-05-01T13:00:00,19.245
2026-05-01T14:00:00,19.686
2026-05-01T15:00:00,21.639
2026-05-01T16:00:00,22.305
2026-05-01T17:00:00,22.639
2026-05-01T18:00:00,25.149
2026-05-01T19:00:00,28.272
2026-05-01T20:00:00,26.386
2026-05-01T21:00:00,28.447
2026-05-01T22:00:00,26.555
2026-05-01T23:00:00,23.980
2026-05-02T00:00:00,24.665
2026-05-02T01:00:00,23.038
2026-05-02T02:00:00,19.845
2026-05-02T03:00:00,19.600
2026-05-02T04:00:00,18.574
2026-05-02T05:00:00,14.884
2026-05-02T06:00:00,14.115
2026-05-02T07:00:00,14.035
2026-05-02T08:00:00,13.622
2026-05-02T09:00:00,14.581
2026-05-02T10:00:00,13.624
2026-05-02T11:00:00,14.320
2026-05-02T12:00:00,15.119
2026-05-02T13:00:00,19.086
2026-05-02T14:00:00,18.832
2026-05-02T15:00:00,21.698
2026-05-02T16:00:00,23.432
2026-05-02T17:00:00,26.138
2026-05-02T18:00:00,23.984
2026-05-02T19:00:00,28.345
2026-05-02T20:00:00,25.354
2026-05-02T21:00:00,26.793
2026-05-02T22:00:00,27.680
2026-05-02T23:00:00,28.929
2026-05-03T00:00:00,25.271
2026-05-03T01:00:00,19.595
2026-05-03T02:00:00,18.134
2026-05-03T03:00:00,20.822
2026-05-03T04:00:00,18.912
2026-05-03T05:00:00,14.888
2026-05-03T06:00:00,13.661
2026-05-03T07:00:00,14.891
2026-05-03T08:00:00,12.125
2026-05-03T09:00:00,14.585
2026-05-03T10:00:00,13.535
2026-05-03T11:00:00,14.603
2026-05-03T12:00:00,17.891
2026-05-03T13:00:00,20.265
2026-05-03T14:00:00,20.243
2026-05-03T15:00:00,23.363
2026-05-03T16:00:00,23.139
2026-05-03T17:00:00,26.494
2026-05-03T18:00:00,25.447
2026-05-03T19:00:00,24.646
2026-05-03T20:00:00,27.519
2026-05-03T21:00:00,26.547
2026-05-03T22:00:00,25.034
2026-05-03T23:00:00,23.659
2026-05-04T00:00:00,23.676
2026-05-04T01:00:00,22.074
2026-05-04T02:00:00,22.360
2026-05-04T03:00:00,19.878
2026-05-04T04:00:00,15.308
2026-05-04T05:00:00,15.105
2026-05-04T06:00:00,13.568
2026-05-04T07:00:00,14.659
2026-05-04T08:00:00,13.057
2026-05-04T09:00:00,15.060
2026-05-04T10:00:00,13.094
2026-05-04T11:00:00,15.576
2026-05-04T12:00:00,17.583
2026-05-04T13:00:00,17.150
2026-05-04T14:00:00,19.937
2026-05-04T15:00:00,22.958
2026-05-04T16:00:00,24.405
2026-05-04T17:00:00,23.953
2026-05-04T18:00:00,27.903
2026-05-04T19:00:00,26.645
2026-05-04T20:00:00,28.833
2026-05-04T21:00:00,26.879
2026-05-04T22:00:00,28.043
2026-05-04T23:00:00,26.184
2026-05-05T00:00:00,23.301
2026-05-05T01:00:00,23.185
2026-05-05T02:00:00,21.113
2026-05-05T03:00:00,17.550
2026-05-05T04:00:00,16.826
2026-05-05T05:00:00,14.081
2026-05-05T06:00:00,14.965
2026-05-05T07:00:00,14.154
2026-05-05T08:00:00,12.673
2026-05-05T09:00:00,12.881
2026-05-05T10:00:00,12.987
2026-05-05T11:00:00,16.410
2026-05-05T12:00:00,16.929
2026-05-05T13:00:00,18.826
2026-05-05T14:00:00,21.364
2026-05-05T15:00:00,19.860
2026-05-05T16:00:00,23.899
2026-05-05T17:00:00,24.567
2026-05-05T18:00:00,26.221
2026-05-05T19:00:00,27.023
2026-05-05T20:00:00,26.295
2026-05-05T21:00:00,27.335
2026-05-05T22:00:00,26.059
2026-05-05T23:00:00,22.377
2026-05-06T00:00:00,24.541
2026-05-06T01:00:00,21.215
2026-05-06T02:00:00,20.645
2026-05-06T03:00:00,18.626
2026-05-06T04:00:00,17.013
2026-05-06T05:00:00,15.880
2026-05-06T06:00:00,14.033
2026-05-06T07:00:00,13.784
2026-05-06T08:00:00,13.981
2026-05-06T09:00:00,12.601
2026-05-06T10:00:00,13.897
2026-05-06T11:00:00,16.433
2026-05-06T12:00:00,15.246
2026-05-06T13:00:00,20.241
2026-05-06T14:00:00,22.414
2026-05-06T15:00:00,23.657
2026-05-06T16:00:00,23.270
2026-05-06T17:00:00,26.855
2026-05-06T18:00:00,27.541
2026-05-06T19:00:00,28.092
2026-05-06T20:00:00,27.001
2026-05-06T21:00:00,27.759
2026-05-06T22:00:00,28.046
2026-05-06T23:00:00,28.141
2026-05-07T00:00:00,21.886
2026-05-07T01:00:00,18.649
2026-05-07T02:00:00,20.439
2026-05-07T03:00:00,18.276
2026-05-07T04:00:00,16.134
2026-05-07T05:00:00,13.831
2026-05-07T06:00:00,15.031
2026-05-07T07:00:00,13.029
2026-05-07T08:00:00,14.002
2026-05-07T09:00:00,12.603
2026-05-07T10:00:00,15.895
2026-05-07T11:00:00,15.839
2026-05-07T12:00:00,15.538
2026-05-07T13:00:00,18.290
2026-05-07T14:00:00,22.936
2026-05-07T15:00:00,21.540
2026-05-07T16:00:00,24.941
2026-05-07T17:00:00,27.668
2026-05-07T18:00:00,24.936
2026-05-07T19:00:00,29.391
2026-05-07T20:00:00,26.942
2026-05-07T21:00:00,25.735
2026-05-07T22:00:00,25.769
2026-05-07T23:00:00,21.433
2026-05-08T00:00:00,23.487
2026-05-08T01:00:00,22.538
2026-05-08T02:00:00,22.487
2026-05-08T03:00:00,18.674
2026-05-08T04:00:00,17.086
2026-05-08T05:00:00,17.768
2026-05-08T06:00:00,15.059
2026-05-08T07:00:00,13.139
2026-05-08T08:00:00,13.182
2026-05-08T09:00:00,14.727
2026-05-08T10:00:00,15.235
2026-05-08T11:00:00,14.727
2026-05-08T12:00:00,16.190
2026-05-08T13:00:00,18.073
2026-05-08T14:00:00,20.753
2026-05-08T15:00:00,23.587
2026-05-08T16:00:00,22.834
2026-05-08T17:00:00,25.025
2026-05-08T18:00:00,23.453
2026-05-08T19:00:00,27.645
2026-05-08T20:00:00,28.071
2026-05-08T21:00:00,29.691
2026-05-08T22:00:00,25.199
2026-05-08T23:00:00,23.804
2026-05-09T00:00:00,23.369
2026-05-09T01:00:00,24.089
2026-05-09T02:00:00,19.264
2026-05-09T03:00:00,20.399
2026-05-09T04:00:00,14.977
2026-05-09T05:00:00,14.729
2026-05-09T06:00:00,13.536
2026-05-09T07:00:00,12.587
2026-05-09T08:00:00,13.236
2026-05-09T09:00:00,13.242
2026-05-09T10:00:00,12.740
2026-05-09T11:00:00,14.212
2026-05-09T12:00:00,17.074
2026-05-09T13:00:00,16.883
2026-05-09T14:00:00,19.643
2026-05-09T15:00:00,23.885
2026-05-09T16:00:00,22.885
2026-05-09T17:00:00,20.934
2026-05-09T18:00:00,24.584
2026-05-09T19:00:00,27.826
2026-05-09T20:00:00,25.226
2026-05-09T21:00:00,26.514
2026-05-09T22:00:00,26.577
2026-05-09T23:00:00,23.290
2026-05-10T00:00:00,22.428
2026-05-10T01:00:00,19.928
2026-05-10T02:00:00,21.474
2026-05-10T03:00:00,17.585
2026-05-10T04:00:00,15.510
2026-05-10T05:00:00,14.692
2026-05-10T06:00:00,13.559
2026-05-10T07:00:00,13.690
2026-05-10T08:00:00,13.365
2026-05-10T09:00:00,11.956
2026-05-10T10:00:00,13.578
2026-05-10T11:00:00,15.492
2026-05-10T12:00:00,16.418
2026-05-10T13:00:00,19.308
2026-05-10T14:00:00,18.028
2026-05-10T15:00:00,19.595
2026-05-10T16:00:00,23.852
2026-05-10T17:00:00,24.673
2026-05-10T18:00:00,24.407
2026-05-10T19:00:00,27.867
2026-05-10T20:00:00,28.674
2026-05-10T21:00:00,27.719
2026-05-10T22:00:00,26.676
2026-05-10T23:00:00,24.419
2026-05-11T00:00:00,23.738
2026-05-11T01:00:00,20.085
2026-05-11T02:00:00,21.021
2026-05-11T03:00:00,20.075
2026-05-11T04:00:00,16.287
2026-05-11T05:00:00,15.280
2026-05-11T06:00:00,13.442
2026-05-11T07:00:00,12.115
2026-05-11T08:00:00,12.622
2026-05-11T09:00:00,12.112
2026-05-11T10:00:00,13.703
2026-05-11T11:00:00,14.815
2026-05-11T12:00:00,16.269
2026-05-11T13:00:00,18.399
2026-05-11T14:00:00,21.254
2026-05-11T15:00:00,21.300
2026-05-11T16:00:00,22.054
2026-05-11T17:00:00,29.464
2026-05-11T18:00:00,26.195
2026-05-11T19:00:00,24.954
2026-05-11T20:00:00,27.433
2026-05-11T21:00:00,26.400
2026-05-11T22:00:00,24.473
2026-05-11T23:00:00,25.272
2026-05-12T00:00:00,25.288
2026-05-12T01:00:00,22.606
2026-05-12T02:00:00,20.310
2026-05-12T03:00:00,17.824
2026-05-12T04:00:00,15.244
2026-05-12T05:00:00,13.163
2026-05-12T06:00:00,13.516
2026-05-12T07:00:00,13.698
2026-05-12T08:00:00,14.023
2026-05-12T09:00:00,13.038
2026-05-12T10:00:00,12.361
2026-05-12T11:00:00,15.151
2026-05-12T12:00:00,15.500
2026-05-12T13:00:00,19.846
2026-05-12T14:00:00,21.325
2026-05-12T15:00:00,23.798
2026-05-12T16:00:00,21.920
2026-05-12T17:00:00,26.014
2026-05-12T18:00:00,28.777
2026-05-12T19:00:00,24.042
2026-05-12T20:00:00,28.319
2026-05-12T21:00:00,27.271
2026-05-12T22:00:00,25.250
2026-05-12T23:00:00,23.617
2026-05-13T00:00:00,25.719
2026-05-13T01:00:00,22.744
2026-05-13T02:00:00,18.240
2026-05-13T03:00:00,18.355
2026-05-13T04:00:00,16.379
2026-05-13T05:00:00,14.710
2026-05-13T06:00:00,14.900
2026-05-13T07:00:00,12.424
2026-05-13T08:00:00,13.680
2026-05-13T09:00:00,14.769
2026-05-13T10:00:00,14.803
2026-05-13T11:00:00,15.563
2026-05-13T12:00:00,17.290
2026-05-13T13:00:00,17.351
2026-05-13T14:00:00,19.226
2026-05-13T15:00:00,21.019
2026-05-13T16:00:00,23.491
2026-05-13T17:00:00,26.168
2026-05-13T18:00:00,27.189
2026-05-13T19:00:00,26.831
2026-05-13T20:00:00,27.899
2026-05-13T21:00:00,29.468
2026-05-13T22:00:00,22.776
2026-05-13T23:00:00,23.298
2026-05-14T00:00:00,24.049
2026-05-14T01:00:00,22.516
2026-05-14T02:00:00,20.040
2026-05-14T03:00:00,17.946
2026-05-14T04:00:00,17.043
2026-05-14T05:00:00,17.057
2026-05-14T06:00:00,14.360
2026-05-14T07:00:00,14.290
2026-05-14T08:00:00,13.235
2026-05-14T09:00:00,14.717
2026-05-14T10:00:00,14.767
2026-05-14T11:00:00,14.950
2026-05-14T12:00:00,15.264
2026-05-14T13:00:00,17.295
2026-05-14T14:00:00,19.513
2026-05-14T15:00:00,23.620
2026-05-14T16:00:00,25.676
2026-05-14T17:00:00,24.778
2026-05-14T18:00:00,25.638
2026-05-14T19:00:00,26.512
2026-05-14T20:00:00,28.574
2026-05-14T21:00:00,27.044
2026-05-14T22:00:00,26.043
2026-05-14T23:00:00,28.152
2026-05-15T00:00:00,24.251
2026-05-15T01:00:00,20.473
2026-05-15T02:00:00,19.835
2026-05-15T03:00:00,19.321
2026-05-15T04:00:00,17.754
2026-05-15T05:00:00,15.000
2026-05-15T06:00:00,15.739
2026-05-15T07:00:00,11.786
2026-05-15T08:00:00,13.074
2026-05-15T09:00:00,14.126
2026-05-15T10:00:00,13.939
2026-05-15T11:00:00,15.589
2026-05-15T12:00:00,16.789
2026-05-15T13:00:00,17.802
2026-05-15T14:00:00,19.001
2026-05-15T15:00:00,22.591
2026-05-15T16:00:00,24.154
2026-05-15T17:00:00,25.137
2026-05-15T18:00:00,25.963
2026-05-15T19:00:00,27.720
2026-05-15T20:00:00,26.012
2026-05-15T21:00:00,26.726
2026-05-15T22:00:00,26.217
2026-05-15T23:00:00,24.801
2026-05-16T00:00:00,25.028
2026-05-16T01:00:00,21.672
2026-05-16T02:00:00,18.671
2026-05-16T03:00:00,18.245
2026-05-16T04:00:00,15.710
2026-05-16T05:00:00,14.530
2026-05-16T06:00:00,13.846
2026-05-16T07:00:00,13.481
2026-05-16T08:00:00,13.320
2026-05-16T09:00:00,12.433
2026-05-16T10:00:00,15.046
2026-05-16T11:00:00,14.185
2026-05-16T12:00:00,17.376
2026-05-16T13:00:00,18.654
2026-05-16T14:00:00,19.937
2026-05-16T15:00:00,21.789
2026-05-16T16:00:00,22.980
2026-05-16T17:00:00,23.582
2026-05-16T18:00:00,25.672
2026-05-16T19:00:00,28.240
2026-05-16T20:00:00,28.063
2026-05-16T21:00:00,25.795
2026-05-16T22:00:00,24.651
2026-05-16T23:00:00,24.477
2026-05-17T00:00:00,25.186
2026-05-17T01:00:00,22.830
2026-05-17T02:00:00,20.029
2026-05-17T03:00:00,17.823
2026-05-17T04:00:00,16.781
2026-05-17T05:00:00,15.722
2026-05-17T06:00:00,14.342
2026-05-17T07:00:00,12.448
2026-05-17T08:00:00,12.653
2026-05-17T09:00:00,14.007
2026-05-17T10:00:00,14.437
2026-05-17T11:00:00,15.193
2026-05-17T12:00:00,15.261
2026-05-17T13:00:00,19.164
2026-05-17T14:00:00,18.965
2026-05-17T15:00:00,23.819
2026-05-17T16:00:00,24.294
2026-05-17T17:00:00,27.227
2026-05-17T18:00:00,26.348
2026-05-17T19:00:00,28.355
2026-05-17T20:00:00,26.773
2026-05-17T21:00:00,27.345
2026-05-17T22:00:00,23.782
2026-05-17T23:00:00,25.401
2026-05-18T00:00:00,22.664
2026-05-18T01:00:00,20.673
2026-05-18T02:00:00,17.408
2026-05-18T03:00:00,17.473
2026-05-18T04:00:00,16.368
2026-05-18T05:00:00,15.168
2026-05-18T06:00:00,12.465
2026-05-18T07:00:00,13.163
2026-05-18T08:00:00,13.911
2026-05-18T09:00:00,13.980
2026-05-18T10:00:00,12.942
2026-05-18T11:00:00,12.967
2026-05-18T12:00:00,16.172
2026-05-18T13:00:00,19.770
2026-05-18T14:00:00,20.527
2026-05-18T15:00:00,22.160
2026-05-18T16:00:00,21.636
2026-05-18T17:00:00,27.978
2026-05-18T18:00:00,26.846
2026-05-18T19:00:00,24.853
2026-05-18T20:00:00,31.980
2026-05-18T21:00:00,25.531
2026-05-18T22:00:00,26.667
2026-05-18T23:00:00,25.457
2026-05-19T00:00:00,23.296
2026-05-19T01:00:00,20.854
2026-05-19T02:00:00,19.321
2026-05-19T03:00:00,20.010
2026-05-19T04:00:00,17.677
2026-05-19T05:00:00,15.844
2026-05-19T06:00:00,14.233
2026-05-19T07:00:00,13.536
2026-05-19T08:00:00,13.586
2026-05-19T09:00:00,13.852
2026-05-19T10:00:00,14.747
2026-05-19T11:00:00,16.847
2026-05-19T12:00:00,15.544
2026-05-19T13:00:00,17.856
2026-05-19T14:00:00,20.523
2026-05-19T15:00:00,22.000
2026-05-19T16:00:00,25.655
2026-05-19T17:00:00,24.744
2026-05-19T18:00:00,27.472
2026-05-19T19:00:00,27.468
2026-05-19T20:00:00,28.178
2026-05-19T21:00:00,25.656
2026-05-19T22:00:00,27.543
2026-05-19T23:00:00,24.272
2026-05-20T00:00:00,23.514
2026-05-20T01:00:00,21.550
2026-05-20T02:00:00,19.814
2026-05-20T03:00:00,17.834
2026-05-20T04:00:00,18.119
2026-05-20T05:00:00,14.982
2026-05-20T06:00:00,15.229
2026-05-20T07:00:00,13.830
2026-05-20T08:00:00,13.904
2026-05-20T09:00:00,13.343
2026-05-20T10:00:00,15.236
2026-05-20T11:00:00,14.383
2026-05-20T12:00:00,15.553
2026-05-20T13:00:00,18.543
2026-05-20T14:00:00,21.242
2026-05-20T15:00:00,23.325
2026-05-20T16:00:00,22.573
2026-05-20T17:00:00,24.211
2026-05-20T18:00:00,25.741
2026-05-20T19:00:00,28.627
2026-05-20T20:00:00,25.115
2026-05-20T21:00:00,25.969
2026-05-20T22:00:00,27.547
2026-05-20T23:00:00,25.867
2026-05-21T00:00:00,24.628
2026-05-21T01:00:00,21.518
2026-05-21T02:00:00,20.483
2026-05-21T03:00:00,19.077
2026-05-21T04:00:00,17.005
2026-05-21T05:00:00,16.121
2026-05-21T06:00:00,14.485
2026-05-21T07:00:00,14.382
2026-05-21T08:00:00,13.327
2026-05-21T09:00:00,13.931
2026-05-21T10:00:00,13.023
2026-05-21T11:00:00,16.205
2026-05-21T12:00:00,18.424
2026-05-21T13:00:00,18.323
2026-05-21T14:00:00,20.056
2026-05-21T15:00:00,20.788
2026-05-21T16:00:00,23.798
2026-05-21T17:00:00,24.730
2026-05-21T18:00:00,25.708
2026-05-21T19:00:00,27.317
2026-05-21T20:00:00,27.804
2026-05-21T21:00:00,25.850
2026-05-21T22:00:00,25.489
2026-05-21T23:00:00,25.605
2026-05-22T00:00:00,26.150
2026-05-22T01:00:00,20.573
2026-05-22T02:00:00,20.675
2026-05-22T03:00:00,20.250
2026-05-22T04:00:00,15.202
2026-05-22T05:00:00,14.768
2026-05-22T06:00:00,13.241
2026-05-22T07:00:00,14.063
2026-05-22T08:00:00,12.992
2026-05-22T09:00:00,13.036
2026-05-22T10:00:00,13.508
2026-05-22T11:00:00,14.642
2026-05-22T12:00:00,15.027
2026-05-22T13:00:00,19.321
2026-05-22T14:00:00,17.377
2026-05-22T15:00:00,19.528
2026-05-22T16:00:00,24.945
2026-05-22T17:00:00,24.351
2026-05-22T18:00:00,26.124
2026-05-22T19:00:00,24.656
2026-05-22T20:00:00,29.117
2026-05-22T21:00:00,25.888
2026-05-22T22:00:00,25.409
2026-05-22T23:00:00,26.550
2026-05-23T00:00:00,24.936
2026-05-23T01:00:00,21.862
2026-05-23T02:00:00,23.468
2026-05-23T03:00:00,20.088
2026-05-23T04:00:00,16.855
2026-05-23T05:00:00,14.420
2026-05-23T06:00:00,14.251
2026-05-23T07:00:00,12.163
2026-05-23T08:00:00,12.854
2026-05-23T09:00:00,14.231
2026-05-23T10:00:00,15.221
2026-05-23T11:00:00,15.474
2026-05-23T12:00:00,18.087
2026-05-23T13:00:00,17.690
2026-05-23T14:00:00,19.925
2026-05-23T15:00:00,24.318
2026-05-23T16:00:00,24.311
2026-05-23T17:00:00,26.975
2026-05-23T18:00:00,25.813
2026-05-23T19:00:00,26.089
2026-05-23T20:00:00,27.380
2026-05-23T21:00:00,28.405
2026-05-23T22:00:00,26.660
2026-05-23T23:00:00,21.455
2026-05-24T00:00:00,24.954
2026-05-24T01:00:00,22.483
2026-05-24T02:00:00,20.623
2026-05-24T03:00:00,19.581
2026-05-24T04:00:00,17.359
2026-05-24T05:00:00,15.656
2026-05-24T06:00:00,14.457
2026-05-24T07:00:00,14.128
2026-05-24T08:00:00,14.319
2026-05-24T09:00:00,13.520
2026-05-24T10:00:00,13.100
2026-05-24T11:00:00,14.485
2026-05-24T12:00:00,16.924
2026-05-24T13:00:00,16.286
2026-05-24T14:00:00,18.734
2026-05-24T15:00:00,21.854
2026-05-24T16:00:00,23.004
2026-05-24T17:00:00,23.970
2026-05-24T18:00:00,25.093
2026-05-24T19:00:00,28.230
2026-05-24T20:00:00,26.668
2026-05-24T21:00:00,26.476
2026-05-24T22:00:00,25.414
2026-05-24T23:00:00,26.304
2026-05-25T00:00:00,24.300
2026-05-25T01:00:00,23.174
2026-05-25T02:00:00,20.420
2026-05-25T03:00:00,16.923
2026-05-25T04:00:00,16.190
2026-05-25T05:00:00,16.611
2026-05-25T06:00:00,13.974
2026-05-25T07:00:00,13.040
2026-05-25T08:00:00,13.734
2026-05-25T09:00:00,13.710
2026-05-25T10:00:00,14.316
2026-05-25T11:00:00,15.832
2026-05-25T12:00:00,15.994
2026-05-25T13:00:00,17.256
2026-05-25T14:00:00,19.627
2026-05-25T15:00:00,21.329
2026-05-25T16:00:00,25.803
2026-05-25T17:00:00,26.383
2026-05-25T18:00:00,27.904
2026-05-25T19:00:00,24.933
2026-05-25T20:00:00,25.340
2026-05-25T21:00:00,26.321
2026-05-25T22:00:00,23.428
2026-05-25T23:00:00,25.484
2026-05-26T00:00:00,23.754
2026-05-26T01:00:00,21.442
2026-05-26T02:00:00,21.705
2026-05-26T03:00:00,18.573
2026-05-26T04:00:00,15.866
2026-05-26T05:00:00,14.175
2026-05-26T06:00:00,15.062
2026-05-26T07:00:00,14.442
2026-05-26T08:00:00,13.218
2026-05-26T09:00:00,13.657
2026-05-26T10:00:00,14.712
2026-05-26T11:00:00,15.406
2026-05-26T12:00:00,14.209
2026-05-26T13:00:00,18.097
2026-05-26T14:00:00,21.349
2026-05-26T15:00:00,24.039
2026-05-26T16:00:00,26.722
2026-05-26T17:00:00,25.266
2026-05-26T18:00:00,24.723
2026-05-26T19:00:00,29.185
2026-05-26T20:00:00,26.118
2026-05-26T21:00:00,25.629
2026-05-26T22:00:00,27.633
2026-05-26T23:00:00,24.443
2026-05-27T00:00:00,22.655
2026-05-27T01:00:00,21.210
2026-05-27T02:00:00,19.242
2026-05-27T03:00:00,15.136
2026-05-27T04:00:00,17.270
2026-05-27T05:00:00,14.017
2026-05-27T06:00:00,13.984
2026-05-27T07:00:00,12.818
2026-05-27T08:00:00,12.253
2026-05-27T09:00:00,13.445
2026-05-27T10:00:00,15.029
2026-05-27T11:00:00,15.209
2026-05-27T12:00:00,16.050
2026-05-27T13:00:00,18.532
2026-05-27T14:00:00,20.040
2026-05-27T15:00:00,23.056
2026-05-27T16:00:00,24.571
2026-05-27T17:00:00,25.882
2026-05-27T18:00:00,26.687
2026-05-27T19:00:00,26.065
2026-05-27T20:00:00,27.181
2026-05-27T21:00:00,27.573
2026-05-27T22:00:00,24.831
2026-05-27T23:00:00,24.529
2026-05-28T00:00:00,24.644
2026-05-28T01:00:00,22.307
2026-05-28T02:00:00,22.674
2026-05-28T03:00:00,18.202
2026-05-28T04:00:00,16.786
2026-05-28T05:00:00,13.673
2026-05-28T06:00:00,15.392
2026-05-28T07:00:00,13.617
2026-05-28T08:00:00,14.714
2026-05-28T09:00:00,13.380
2026-05-28T10:00:00,13.658
2026-05-28T11:00:00,15.144
2026-05-28T12:00:00,16.358
2026-05-28T13:00:00,16.334
2026-05-28T14:00:00,21.785
2026-05-28T15:00:00,23.025
2026-05-28T16:00:00,23.466
2026-05-28T17:00:00,25.427
2026-05-28T18:00:00,25.417
2026-05-28T19:00:00,28.325
2026-05-28T20:00:00,25.873
2026-05-28T21:00:00,26.406
2026-05-28T22:00:00,25.369
2026-05-28T23:00:00,24.434
2026-05-29T00:00:00,25.178
2026-05-29T01:00:00,18.984
2026-05-29T02:00:00,19.333
2026-05-29T03:00:00,17.649
2026-05-29T04:00:00,17.487
2026-05-29T05:00:00,14.780
2026-05-29T06:00:00,13.191
2026-05-29T07:00:00,13.134
2026-05-29T08:00:00,13.645
2026-05-29T09:00:00,13.840
2026-05-29T10:00:00,14.831
2026-05-29T11:00:00,14.656
2026-05-29T12:00:00,16.065
2026-05-29T13:00:00,18.721
2026-05-29T14:00:00,21.751
2026-05-29T15:00:00,20.286
2026-05-29T16:00:00,23.122
2026-05-29T17:00:00,24.224
2026-05-29T18:00:00,26.152
2026-05-29T19:00:00,27.117
2026-05-29T20:00:00,25.278
2026-05-29T21:00:00,26.452
2026-05-29T22:00:00,26.251
2026-05-29T23:00:00,25.436
2026-05-30T00:00:00,23.150
2026-05-30T01:00:00,19.609
2026-05-30T02:00:00,21.418
2026-05-30T03:00:00,19.123
2026-05-30T04:00:00,16.610
2026-05-30T05:00:00,15.364
2026-05-30T06:00:00,14.782
2026-05-30T07:00:00,11.706
2026-05-30T08:00:00,13.214
2026-05-30T09:00:00,12.455
2026-05-30T10:00:00,15.080
2026-05-30T11:00:00,14.482
2026-05-30T12:00:00,15.342
2026-05-30T13:00:00,18.044
2026-05-30T14:00:00,19.392
2026-05-30T15:00:00,21.900
2026-05-30T16:00:00,23.923
2026-05-30T17:00:00,27.069
2026-05-30T18:00:00,25.988
2026-05-30T19:00:00,26.712
2026-05-30T20:00:00,26.388
2026-05-30T21:00:00,26.883
2026-05-30T22:00:00,27.228
2026-05-30T23:00:00,26.563
2026-05-31T00:00:00,25.712
2026-05-31T01:00:00,19.815
2026-05-31T02:00:00,18.738
2026-05-31T03:00:00,17.099
2026-05-31T04:00:00,18.327
2026-05-31T05:00:00,15.508
2026-05-31T06:00:00,14.629
2026-05-31T07:00:00,12.173
2026-05-31T08:00:00,13.378
2026-05-31T09:00:00,12.527
2026-05-31T10:00:00,14.812
2026-05-31T11:00:00,15.073
2026-05-31T12:00:00,16.899
2026-05-31T13:00:00,17.559
2026-05-31T14:00:00,21.701
2026-05-31T15:00:00,22.222
2026-05-31T16:00:00,24.853
2026-05-31T17:00:00,27.396
2026-05-31T18:00:00,28.361
2026-05-31T19:00:00,27.033
2026-05-31T20:00:00,26.324
2026-05-31T21:00:00,26.243
2026-05-31T22:00:00,25.689
2026-05-31T23:00:00,24.096
2026-06-01T00:00:00,23.863
2026-06-01T01:00:00,22.134
2026-06-01T02:00:00,19.060
2026-06-01T03:00:00,16.898
2026-06-01T04:00:00,14.864
2026-06-01T05:00:00,14.037
2026-06-01T06:00:00,12.597
2026-06-01T07:00:00,11.859
2026-06-01T08:00:00,12.275
2026-06-01T09:00:00,12.962
2026-06-01T10:00:00,12.784
2026-06-01T11:00:00,13.874
2026-06-01T12:00:00,15.858
2026-06-01T13:00:00,16.050
2026-06-01T14:00:00,18.587
2026-06-01T15:00:00,20.544
2026-06-01T16:00:00,21.547
2026-06-01T17:00:00,26.442
2026-06-01T18:00:00,22.959
2026-06-01T19:00:00,25.353
2026-06-01T20:00:00,27.177
2026-06-01T21:00:00,24.897
2026-06-01T22:00:00,25.284
2026-06-01T23:00:00,24.904
2026-06-02T00:00:00,23.464
2026-06-02T01:00:00,21.577
2026-06-02T02:00:00,19.625
2026-06-02T03:00:00,19.671
2026-06-02T04:00:00,16.325
2026-06-02T05:00:00,11.643
2026-06-02T06:00:00,12.831
2026-06-02T07:00:00,13.530
2026-06-02T08:00:00,11.530
2026-06-02T09:00:00,11.465
2026-06-02T10:00:00,12.594
2026-06-02T11:00:00,16.052
2026-06-02T12:00:00,15.752
2026-06-02T13:00:00,17.376
2026-06-02T14:00:00,19.910
2026-06-02T15:00:00,20.121
2026-06-02T16:00:00,22.002
2026-06-02T17:00:00,25.298
2026-06-02T18:00:00,24.563
2026-06-02T19:00:00,26.220
2026-06-02T20:00:00,23.104
2026-06-02T21:00:00,25.400
2026-06-02T22:00:00,25.426
2026-06-02T23:00:00,23.458
2026-06-03T00:00:00,22.367
2026-06-03T01:00:00,18.540
2026-06-03T02:00:00,18.226
2026-06-03T03:00:00,17.839
2026-06-03T04:00:00,17.248
2026-06-03T05:00:00,13.782
2026-06-03T06:00:00,13.218
2026-06-03T07:00:00,11.312
2026-06-03T08:00:00,12.087
2026-06-03T09:00:00,13.031
2026-06-03T10:00:00,13.549
2026-06-03T11:00:00,14.302
2026-06-03T12:00:00,16.423
2026-06-03T13:00:00,16.343
2026-06-03T14:00:00,17.514
2026-06-03T15:00:00,18.342
2026-06-03T16:00:00,22.020
2026-06-03T17:00:00,22.504
2026-06-03T18:00:00,22.724
2026-06-03T19:00:00,25.305
2026-06-03T20:00:00,24.228
2026-06-03T21:00:00,26.220
2026-06-03T22:00:00,24.259
2026-06-03T23:00:00,26.764
2026-06-04T00:00:00,21.700
2026-06-04T01:00:00,21.140
2026-06-04T02:00:00,18.551
2026-06-04T03:00:00,17.229
2026-06-04T04:00:00,14.737
2026-06-04T05:00:00,14.613
2026-06-04T06:00:00,12.970
2026-06-04T07:00:00,13.008
2026-06-04T08:00:00,12.278
2026-06-04T09:00:00,12.915
2026-06-04T10:00:00,14.468
2026-06-04T11:00:00,13.406
2026-06-04T12:00:00,15.028
2026-06-04T13:00:00,16.367
2026-06-04T14:00:00,19.344
2026-06-04T15:00:00,19.848
2026-06-04T16:00:00,23.982
2026-06-04T17:00:00,23.295
2026-06-04T18:00:00,23.889
2026-06-04T19:00:00,24.816
2026-06-04T20:00:00,25.154
2026-06-04T21:00:00,23.788
2026-06-04T22:00:00,24.750
2026-06-04T23:00:00,20.827
2026-06-05T00:00:00,22.912
2026-06-05T01:00:00,20.759
2026-06-05T02:00:00,20.336
2026-06-05T03:00:00,17.261
2026-06-05T04:00:00,15.510
2026-06-05T05:00:00,14.267
2026-06-05T06:00:00,14.075
2026-06-05T07:00:00,12.286
2026-06-05T08:00:00,12.363
2026-06-05T09:00:00,12.615
2026-06-05T10:00:00,12.376
2026-06-05T11:00:00,13.801
2026-06-05T12:00:00,16.602
2026-06-05T13:00:00,16.918
2026-06-05T14:00:00,19.654
2026-06-05T15:00:00,21.115
2026-06-05T16:00:00,21.748
2026-06-05T17:00:00,28.486
2026-06-05T18:00:00,25.672
2026-06-05T19:00:00,26.036
2026-06-05T20:00:00,26.319
2026-06-05T21:00:00,23.461
2026-06-05T22:00:00,24.712
2026-06-05T23:00:00,21.993
2026-06-06T00:00:00,20.667
2026-06-06T01:00:00,21.239
2026-06-06T02:00:00,17.658
2026-06-06T03:00:00,14.782
2026-06-06T04:00:00,13.132
2026-06-06T05:00:00,14.398
2026-06-06T06:00:00,12.445
2026-06-06T07:00:00,12.253
2026-06-06T08:00:00,12.533
2026-06-06T09:00:00,12.194
2026-06-06T10:00:00,11.788
2026-06-06T11:00:00,14.352
2026-06-06T12:00:00,15.963
2026-06-06T13:00:00,15.896
2026-06-06T14:00:00,18.703
2026-06-06T15:00:00,18.109
2026-06-06T16:00:00,20.910
2026-06-06T17:00:00,23.999
2026-06-06T18:00:00,26.992
2026-06-06T19:00:00,22.364
2026-06-06T20:00:00,24.073
2026-06-06T21:00:00,24.348
2026-06-06T22:00:00,22.695
2026-06-06T23:00:00,24.729
2026-06-07T00:00:00,23.057
2026-06-07T01:00:00,21.678
2026-06-07T02:00:00,19.595
2026-06-07T03:00:00,17.807
2026-06-07T04:00:00,16.607
2026-06-07T05:00:00,15.398
2026-06-07T06:00:00,13.548
2026-06-07T07:00:00,12.844
2026-06-07T08:00:00,11.232
2026-06-07T09:00:00,11.583
2026-06-07T10:00:00,13.683
2026-06-07T11:00:00,13.427
2026-06-07T12:00:00,17.536
2026-06-07T13:00:00,15.459
2026-06-07T14:00:00,19.406
2026-06-07T15:00:00,20.679
2026-06-07T16:00:00,23.990
2026-06-07T17:00:00,20.926
2026-06-07T18:00:00,26.246
2026-06-07T19:00:00,25.778
2026-06-07T20:00:00,23.935
2026-06-07T21:00:00,27.194
2026-06-07T22:00:00,21.717
2026-06-07T23:00:00,23.260
2026-06-08T00:00:00,22.450
2026-06-08T01:00:00,20.641
2026-06-08T02:00:00,18.988
2026-06-08T03:00:00,17.278
2026-06-08T04:00:00,15.285
2026-06-08T05:00:00,14.706
2026-06-08T06:00:00,13.114
2026-06-08T07:00:00,12.265
2026-06-08T08:00:00,13.397
2026-06-08T09:00:00,11.882
2026-06-08T10:00:00,13.353
2026-06-08T11:00:00,14.486
2026-06-08T12:00:00,14.806
2026-06-08T13:00:00,16.403
2026-06-08T14:00:00,20.517
2026-06-08T15:00:00,19.524
2026-06-08T16:00:00,19.838
2026-06-08T17:00:00,21.767
2026-06-08T18:00:00,26.993
2026-06-08T19:00:00,23.722
2026-06-08T20:00:00,25.551
2026-06-08T21:00:00,22.271
2026-06-08T22:00:00,22.566
2026-06-08T23:00:00,23.954
2026-06-09T00:00:00,20.883
2026-06-09T01:00:00,20.999
2026-06-09T02:00:00,18.063
2026-06-09T03:00:00,17.267
2026-06-09T04:00:00,15.310
2026-06-09T05:00:00,14.292
2026-06-09T06:00:00,11.959
2026-06-09T07:00:00,12.745
2026-06-09T08:00:00,12.576
2026-06-09T09:00:00,11.733
2026-06-09T10:00:00,13.391
2026-06-09T11:00:00,13.161
2026-06-09T12:00:00,14.104
2026-06-09T13:00:00,16.769
2026-06-09T14:00:00,19.192
2026-06-09T15:00:00,19.812
2026-06-09T16:00:00,22.993
2026-06-09T17:00:00,21.227
2026-06-09T18:00:00,23.967
2026-06-09T19:00:00,24.109
2026-06-09T20:00:00,23.479
2026-06-09T21:00:00,24.860
2026-06-09T22:00:00,20.837
2026-06-09T23:00:00,23.737
2026-06-10T00:00:00,20.775
2026-06-10T01:00:00,19.896
2026-06-10T02:00:00,17.319
2026-06-10T03:00:00,16.381
2026-06-10T04:00:00,15.349
2026-06-10T05:00:00,15.238
2026-06-10T06:00:00,13.205
2026-06-10T07:00:00,11.635
2026-06-10T08:00:00,11.505
2026-06-10T09:00:00,11.622
2026-06-10T10:00:00,13.069
2026-06-10T11:00:00,12.434
2026-06-10T12:00:00,15.023
2026-06-10T13:00:00,17.522
2026-06-10T14:00:00,18.523
2026-06-10T15:00:00,21.757
2026-06-10T16:00:00,23.531
2026-06-10T17:00:00,25.399
2026-06-10T18:00:00,28.004
2026-06-10T19:00:00,24.676
2026-06-10T20:00:00,23.213
2026-06-10T21:00:00,22.756
2026-06-10T22:00:00,20.287
2026-06-10T23:00:00,25.027
2026-06-11T00:00:00,20.662
2026-06-11T01:00:00,20.455
2026-06-11T02:00:00,19.326
2026-06-11T03:00:00,16.146
2026-06-11T04:00:00,14.869
2026-06-11T05:00:00,12.611
2026-06-11T06:00:00,12.109
2026-06-11T07:00:00,13.263
2026-06-11T08:00:00,10.476
2026-06-11T09:00:00,11.554
2026-06-11T10:00:00,12.741
2026-06-11T11:00:00,13.991
2026-06-11T12:00:00,15.514
2026-06-11T13:00:00,17.773
2026-06-11T14:00:00,18.680
2026-06-11T15:00:00,21.075
2026-06-11T16:00:00,22.455
2026-06-11T17:00:00,22.527
2026-06-11T18:00:00,24.852
2026-06-11T19:00:00,22.691
2026-06-11T20:00:00,24.544
2026-06-11T21:00:00,27.957
2026-06-11T22:00:00,24.208
2026-06-11T23:00:00,22.703
2026-06-12T00:00:00,23.647
2026-06-12T01:00:00,20.362
2026-06-12T02:00:00,17.831
2026-06-12T03:00:00,17.431
2026-06-12T04:00:00,14.932
2026-06-12T05:00:00,14.514
2026-06-12T06:00:00,12.975
2026-06-12T07:00:00,11.223
2026-06-12T08:00:00,11.949
2026-06-12T09:00:00,12.716
2026-06-12T10:00:00,13.324
2026-06-12T11:00:00,13.466
2026-06-12T12:00:00,15.914
2026-06-12T13:00:00,16.935
2026-06-12T14:00:00,19.704
2026-06-12T15:00:00,20.988
2026-06-12T16:00:00,19.662
2026-06-12T17:00:00,22.335
2026-06-12T18:00:00,25.747
2026-06-12T19:00:00,26.723
2026-06-12T20:00:00,26.542
2026-06-12T21:00:00,26.611
2026-06-12T22:00:00,22.633
2026-06-12T23:00:00,23.431
2026-06-13T00:00:00,19.981
2026-06-13T01:00:00,20.940
2026-06-13T02:00:00,17.908
2026-06-13T03:00:00,15.637
2026-06-13T04:00:00,16.370
2026-06-13T05:00:00,14.303
2026-06-13T06:00:00,12.028
2026-06-13T07:00:00,11.170
2026-06-13T08:00:00,11.898
2026-06-13T09:00:00,11.349
2026-06-13T10:00:00,12.929
2026-06-13T11:00:00,14.033
2026-06-13T12:00:00,16.152
2026-06-13T13:00:00,15.690
2026-06-13T14:00:00,17.619
2026-06-13T15:00:00,22.371
2026-06-13T16:00:00,23.211
2026-06-13T17:00:00,23.633
2026-06-13T18:00:00,23.635
2026-06-13T19:00:00,24.251
2026-06-13T20:00:00,25.218
2026-06-13T21:00:00,27.318
2026-06-13T22:00:00,25.809
2026-06-13T23:00:00,24.985
2026-06-14T00:00:00,21.851
2026-06-14T01:00:00,19.866
2026-06-14T02:00:00,18.371
2026-06-14T03:00:00,17.794
2026-06-14T04:00:00,16.045
2026-06-14T05:00:00,13.828
2026-06-14T06:00:00,12.939
2026-06-14T07:00:00,12.034
2026-06-14T08:00:00,14.236
2026-06-14T09:00:00,12.556
2026-06-14T10:00:00,11.868
2026-06-14T11:00:00,13.383
2026-06-14T12:00:00,14.412
2026-06-14T13:00:00,16.904
2026-06-14T14:00:00,19.289
2026-06-14T15:00:00,18.890
2026-06-14T16:00:00,24.364
2026-06-14T17:00:00,22.373
2026-06-14T18:00:00,23.592
2026-06-14T19:00:00,24.074
2026-06-14T20:00:00,24.954
2026-06-14T21:00:00,23.389
2026-06-14T22:00:00,23.251
2026-06-14T23:00:00,23.420
2026-06-15T00:00:00,23.838
2026-06-15T01:00:00,20.672
2026-06-15T02:00:00,18.454
2026-06-15T03:00:00,17.469
2026-06-15T04:00:00,15.955
2026-06-15T05:00:00,14.367
2026-06-15T06:00:00,13.085
2026-06-15T07:00:00,12.239
2026-06-15T08:00:00,11.228
2026-06-15T09:00:00,11.736
2026-06-15T10:00:00,13.313
2026-06-15T11:00:00,14.597
2026-06-15T12:00:00,15.080
2026-06-15T13:00:00,17.823
2026-06-15T14:00:00,19.031
2026-06-15T15:00:00,20.281
2026-06-15T16:00:00,20.169
2026-06-15T17:00:00,21.637
2026-06-15T18:00:00,21.901
2026-06-15T19:00:00,23.715
2026-06-15T20:00:00,25.452
2026-06-15T21:00:00,23.559
2026-06-15T22:00:00,25.034
2026-06-15T23:00:00,21.834
2026-06-16T00:00:00,21.021
2026-06-16T01:00:00,21.111
2026-06-16T02:00:00,16.135
2026-06-16T03:00:00,15.349
2026-06-16T04:00:00,13.641
2026-06-16T05:00:00,13.374
2026-06-16T06:00:00,13.189
2026-06-16T07:00:00,11.987
2026-06-16T08:00:00,10.598
2026-06-16T09:00:00,11.021
2026-06-16T10:00:00,12.114
2026-06-16T11:00:00,14.654
2026-06-16T12:00:00,16.681
2026-06-16T13:00:00,16.300
2026-06-16T14:00:00,19.005
2026-06-16T15:00:00,20.458
2026-06-16T16:00:00,21.062
2026-06-16T17:00:00,21.746
2026-06-16T18:00:00,24.480
2026-06-16T19:00:00,24.615
2026-06-16T20:00:00,24.049
2026-06-16T21:00:00,23.232
2026-06-16T22:00:00,24.112
2026-06-16T23:00:00,22.017
2026-06-17T00:00:00,21.322
2026-06-17T01:00:00,21.114
2026-06-17T02:00:00,18.942
2026-06-17T03:00:00,17.752
2026-06-17T04:00:00,15.221
2026-06-17T05:00:00,13.037
2026-06-17T06:00:00,14.208
2026-06-17T07:00:00,13.919
2026-06-17T08:00:00,10.762
2026-06-17T09:00:00,12.383
2026-06-17T10:00:00,12.764
2026-06-17T11:00:00,15.048
2026-06-17T12:00:00,16.227
2026-06-17T13:00:00,16.908
2026-06-17T14:00:00,17.664
2026-06-17T15:00:00,20.088
2026-06-17T16:00:00,22.919
2026-06-17T17:00:00,24.429
2026-06-17T18:00:00,25.382
2026-06-17T19:00:00,26.449
2026-06-17T20:00:00,24.178
2026-06-17T21:00:00,23.913
2026-06-17T22:00:00,23.182
2026-06-17T23:00:00,25.083
2026-06-18T00:00:00,21.894
2026-06-18T01:00:00,20.276
2026-06-18T02:00:00,19.801
2026-06-18T03:00:00,16.080
2026-06-18T04:00:00,13.594
2026-06-18T05:00:00,12.945
2026-06-18T06:00:00,13.169
2026-06-18T07:00:00,11.828
2026-06-18T08:00:00,12.389
2026-06-18T09:00:00,12.859
2026-06-18T10:00:00,12.496
2026-06-18T11:00:00,13.456
2026-06-18T12:00:00,17.031
2026-06-18T13:00:00,17.741
2026-06-18T14:00:00,17.848
2026-06-18T15:00:00,21.146
2026-06-18T16:00:00,21.880
2026-06-18T17:00:00,23.185
2026-06-18T18:00:00,24.617
2026-06-18T19:00:00,25.123
2026-06-18T20:00:00,26.388
2026-06-18T21:00:00,20.881
2026-06-18T22:00:00,23.453
2026-06-18T23:00:00,24.083
2026-06-19T00:00:00,20.542
2026-06-19T01:00:00,21.339
2026-06-19T02:00:00,19.073
2026-06-19T03:00:00,15.540
2026-06-19T04:00:00,14.811
2026-06-19T05:00:00,13.992
2026-06-19T06:00:00,13.998
2026-06-19T07:00:00,12.173
2026-06-19T08:00:00,11.759
2026-06-19T09:00:00,12.793
2026-06-19T10:00:00,13.427
2026-06-19T11:00:00,14.042
2026-06-19T12:00:00,15.180
2026-06-19T13:00:00,14.991
2026-06-19T14:00:00,18.358
2026-06-19T15:00:00,20.769
2026-06-19T16:00:00,21.927
2026-06-19T17:00:00,23.243
2026-06-19T18:00:00,23.667
2026-06-19T19:00:00,25.744
2026-06-19T20:00:00,24.994
2026-06-19T21:00:00,22.377
2026-06-19T22:00:00,26.353
2026-06-19T23:00:00,24.087
2026-06-20T00:00:00,22.547
2026-06-20T01:00:00,19.731
2026-06-20T02:00:00,17.501
2026-06-20T03:00:00,20.277
2026-06-20T04:00:00,14.956
2026-06-20T05:00:00,12.783
2026-06-20T06:00:00,15.074
2026-06-20T07:00:00,12.425
2026-06-20T08:00:00,11.547
2026-06-20T09:00:00,12.310
2026-06-20T10:00:00,12.652
2026-06-20T11:00:00,13.327
2026-06-20T12:00:00,14.273
2026-06-20T13:00:00,18.166
2026-06-20T14:00:00,18.365
2026-06-20T15:00:00,18.513
2026-06-20T16:00:00,21.221
2026-06-20T17:00:00,23.427
2026-06-20T18:00:00,24.561
2026-06-20T19:00:00,25.551
2026-06-20T20:00:00,27.122
2026-06-20T21:00:00,26.209
2026-06-20T22:00:00,25.842
2026-06-20T23:00:00,25.072
2026-06-21T00:00:00,20.436
2026-06-21T01:00:00,20.215
2026-06-21T02:00:00,17.728
2026-06-21T03:00:00,16.306
2026-06-21T04:00:00,16.131
2026-06-21T05:00:00,13.072
2026-06-21T06:00:00,12.950
2026-06-21T07:00:00,12.584
2026-06-21T08:00:00,12.371
2026-06-21T09:00:00,12.282
2026-06-21T10:00:00,12.375
2026-06-21T11:00:00,15.389
2026-06-21T12:00:00,14.098
2026-06-21T13:00:00,15.770
2026-06-21T14:00:00,19.424
2026-06-21T15:00:00,20.180
2026-06-21T16:00:00,23.427
2026-06-21T17:00:00,24.412
2026-06-21T18:00:00,25.134
2026-06-21T19:00:00,24.009
2026-06-21T20:00:00,26.918
2026-06-21T21:00:00,22.481
2026-06-21T22:00:00,25.542
2026-06-21T23:00:00,27.581
2026-06-22T00:00:00,19.514
2026-06-22T01:00:00,19.819
2026-06-22T02:00:00,19.434
2026-06-22T03:00:00,16.086
2026-06-22T04:00:00,14.739
2026-06-22T05:00:00,14.158
2026-06-22T06:00:00,14.800
2026-06-22T07:00:00,13.978
2026-06-22T08:00:00,12.177
2026-06-22T09:00:00,11.231
2026-06-22T10:00:00,13.807
2026-06-22T11:00:00,14.959
2026-06-22T12:00:00,15.469
2026-06-22T13:00:00,17.271
2026-06-22T14:00:00,17.784
2026-06-22T15:00:00,22.438
2026-06-22T16:00:00,21.872
2026-06-22T17:00:00,26.292
2026-06-22T18:00:00,21.259
2026-06-22T19:00:00,27.025
2026-06-22T20:00:00,25.260
2026-06-22T21:00:00,25.305
2026-06-22T22:00:00,23.864
2026-06-22T23:00:00,21.456
2026-06-23T00:00:00,22.397
2026-06-23T01:00:00,18.939
2026-06-23T02:00:00,18.308
2026-06-23T03:00:00,19.170
2026-06-23T04:00:00,15.332
2026-06-23T05:00:00,13.277
2026-06-23T06:00:00,12.199
2026-06-23T07:00:00,13.307
2026-06-23T08:00:00,14.107
2026-06-23T09:00:00,12.774
2026-06-23T10:00:00,12.016
2026-06-23T11:00:00,16.301
2026-06-23T12:00:00,14.704
2026-06-23T13:00:00,16.864
2026-06-23T14:00:00,16.210
2026-06-23T15:00:00,19.885
2026-06-23T16:00:00,21.270
2026-06-23T17:00:00,23.783
2026-06-23T18:00:00,23.693
2026-06-23T19:00:00,23.381
2026-06-23T20:00:00,23.221
2026-06-23T21:00:00,24.516
2026-06-23T22:00:00,26.004
2026-06-23T23:00:00,24.446
2026-06-24T00:00:00,21.803
2026-06-24T01:00:00,20.203
2026-06-24T02:00:00,17.553
2026-06-24T03:00:00,17.773
2026-06-24T04:00:00,15.558
2026-06-24T05:00:00,14.556
2026-06-24T06:00:00,13.940
2026-06-24T07:00:00,13.013
2026-06-24T08:00:00,11.859
2026-06-24T09:00:00,12.932
2026-06-24T10:00:00,11.789
2026-06-24T11:00:00,13.885
2026-06-24T12:00:00,15.063
2026-06-24T13:00:00,17.300
2026-06-24T14:00:00,19.105
2026-06-24T15:00:00,21.164
2026-06-24T16:00:00,21.713
2026-06-24T17:00:00,22.907
2026-06-24T18:00:00,22.588
2026-06-24T19:00:00,24.960
2026-06-24T20:00:00,23.532
2026-06-24T21:00:00,26.262
2026-06-24T22:00:00,22.382
2026-06-24T23:00:00,24.061
2026-06-25T00:00:00,22.333
2026-06-25T01:00:00,19.497
2026-06-25T02:00:00,18.299
2026-06-25T03:00:00,15.555
2026-06-25T04:00:00,16.019
2026-06-25T05:00:00,14.597
2026-06-25T06:00:00,12.686
2026-06-25T07:00:00,9.964
2026-06-25T08:00:00,12.916
2026-06-25T09:00:00,11.598
2026-06-25T10:00:00,12.569
2026-06-25T11:00:00,13.616
2026-06-25T12:00:00,15.177
2026-06-25T13:00:00,15.587
2026-06-25T14:00:00,18.623
2026-06-25T15:00:00,21.736
2026-06-25T16:00:00,22.491
2026-06-25T17:00:00,23.981
2026-06-25T18:00:00,23.066
2026-06-25T19:00:00,25.022
2026-06-25T20:00:00,25.809
2026-06-25T21:00:00,25.201
2026-06-25T22:00:00,22.529
2026-06-25T23:00:00,24.996
2026-06-26T00:00:00,22.284
2026-06-26T01:00:00,21.514
2026-06-26T02:00:00,19.530
2026-06-26T03:00:00,15.185
2026-06-26T04:00:00,14.854
2026-06-26T05:00:00,15.019
2026-06-26T06:00:00,13.816
2026-06-26T07:00:00,12.151
2026-06-26T08:00:00,11.487
2026-06-26T09:00:00,13.014
2026-06-26T10:00:00,13.363
2026-06-26T11:00:00,14.720
2026-06-26T12:00:00,16.752
2026-06-26T13:00:00,16.289
2026-06-26T14:00:00,18.268
2026-06-26T15:00:00,19.725
2026-06-26T16:00:00,22.638
2026-06-26T17:00:00,24.351
2026-06-26T18:00:00,25.282
2026-06-26T19:00:00,24.330
2026-06-26T20:00:00,25.635
2026-06-26T21:00:00,25.162
2026-06-26T22:00:00,25.898
2026-06-26T23:00:00,21.593
2026-06-27T00:00:00,22.852
2026-06-27T01:00:00,18.698
2026-06-27T02:00:00,18.435
2026-06-27T03:00:00,17.352
2026-06-27T04:00:00,16.188
2026-06-27T05:00:00,14.558
2026-06-27T06:00:00,12.621
2026-06-27T07:00:00,11.768
2026-06-27T08:00:00,11.072
2026-06-27T09:00:00,12.909
2026-06-27T10:00:00,13.273
2026-06-27T11:00:00,13.980
2026-06-27T12:00:00,15.947
2026-06-27T13:00:00,15.783
2026-06-27T14:00:00,20.543
2026-06-27T15:00:00,21.274
2026-06-27T16:00:00,22.189
2026-06-27T17:00:00,23.553
2026-06-27T18:00:00,21.244
2026-06-27T19:00:00,24.808
2026-06-27T20:00:00,24.723
2026-06-27T21:00:00,26.015
2026-06-27T22:00:00,21.076
2026-06-27T23:00:00,24.192
2026-06-28T00:00:00,22.531
2026-06-28T01:00:00,20.365
2026-06-28T02:00:00,18.963
2026-06-28T03:00:00,16.349
2026-06-28T04:00:00,14.652
2026-06-28T05:00:00,13.748
2026-06-28T06:00:00,13.470
2026-06-28T07:00:00,11.254
2026-06-28T08:00:00,11.435
2026-06-28T09:00:00,11.908
2026-06-28T10:00:00,13.410
2026-06-28T11:00:00,13.523
2026-06-28T12:00:00,15.479
2026-06-28T13:00:00,16.965
2026-06-28T14:00:00,17.858
2026-06-28T15:00:00,20.841
2026-06-28T16:00:00,22.776
2026-06-28T17:00:00,23.835
2026-06-28T18:00:00,24.376
2026-06-28T19:00:00,26.649
2026-06-28T20:00:00,26.214
2026-06-28T21:00:00,22.322
2026-06-28T22:00:00,23.878
2026-06-28T23:00:00,24.794
2026-06-29T00:00:00,19.331
2026-06-29T01:00:00,20.483
2026-06-29T02:00:00,19.102
2026-06-29T03:00:00,16.119
2026-06-29T04:00:00,15.655
2026-06-29T05:00:00,13.463
2026-06-29T06:00:00,12.524
2026-06-29T07:00:00,11.818
2026-06-29T08:00:00,11.756
2026-06-29T09:00:00,13.483
2026-06-29T10:00:00,12.909
2026-06-29T11:00:00,14.256
2026-06-29T12:00:00,17.390
2026-06-29T13:00:00,18.662
2026-06-29T14:00:00,18.063
2026-06-29T15:00:00,19.244
2026-06-29T16:00:00,20.118
2026-06-29T17:00:00,26.046
2026-06-29T18:00:00,22.172
2026-06-29T19:00:00,24.686
2026-06-29T20:00:00,28.662
2026-06-29T21:00:00,23.934
2026-06-29T22:00:00,25.422
2026-06-29T23:00:00,23.580
2026-06-30T00:00:00,20.220
2026-06-30T01:00:00,20.587
2026-06-30T02:00:00,18.823
2026-06-30T03:00:00,19.105
2026-06-30T04:00:00,16.134
2026-06-30T05:00:00,13.009
2026-06-30T06:00:00,12.714
2026-06-30T07:00:00,11.359
2026-06-30T08:00:00,11.197
2026-06-30T09:00:00,13.141
2026-06-30T10:00:00,12.703
2026-06-30T11:00:00,14.653
2026-06-30T12:00:00,14.842
2026-06-30T13:00:00,17.124
2026-06-30T14:00:00,19.012
2026-06-30T15:00:00,19.635
2026-06-30T16:00:00,22.791
2026-06-30T17:00:00,24.531
2026-06-30T18:00:00,23.125
2026-06-30T19:00:00,23.954
2026-06-30T20:00:00,25.895
2026-06-30T21:00:00,25.584
2026-06-30T22:00:00,27.685
2026-06-30T23:00:00,21.265
2026-07-01T00:00:00,18.862
2026-07-01T01:00:00,18.140
2026-07-01T02:00:00,17.411
2026-07-01T03:00:00,15.376
2026-07-01T04:00:00,14.240
2026-07-01T05:00:00,13.649
2026-07-01T06:00:00,11.833
2026-07-01T07:00:00,11.241
2026-07-01T08:00:00,10.698
2026-07-01T09:00:00,11.460
2026-07-01T10:00:00,11.835
2026-07-01T11:00:00,14.876
2026-07-01T12:00:00,13.711
2026-07-01T13:00:00,13.534
2026-07-01T14:00:00,15.906
2026-07-01T15:00:00,17.404
2026-07-01T16:00:00,19.065
2026-07-01T17:00:00,21.666
2026-07-01T18:00:00,22.214
2026-07-01T19:00:00,23.454
2026-07-01T20:00:00,22.387
2026-07-01T21:00:00,23.817
2026-07-01T22:00:00,23.685
2026-07-01T23:00:00,19.495
2026-07-02T00:00:00,19.587
2026-07-02T01:00:00,18.600
2026-07-02T02:00:00,16.188
2026-07-02T03:00:00,14.661
2026-07-02T04:00:00,14.587
2026-07-02T05:00:00,13.170
2026-07-02T06:00:00,12.164
2026-07-02T07:00:00,11.614
2026-07-02T08:00:00,11.179
2026-07-02T09:00:00,11.572
2026-07-02T10:00:00,11.686
2026-07-02T11:00:00,12.320
2026-07-02T12:00:00,13.351
2026-07-02T13:00:00,17.136
2026-07-02T14:00:00,16.004
2026-07-02T15:00:00,19.291
2026-07-02T16:00:00,21.009
2026-07-02T17:00:00,23.308
2026-07-02T18:00:00,22.550
2026-07-02T19:00:00,22.035
2026-07-02T20:00:00,24.916
2026-07-02T21:00:00,25.018
2026-07-02T22:00:00,20.959
2026-07-02T23:00:00,23.049
2026-07-03T00:00:00,19.740
2026-07-03T01:00:00,16.980
2026-07-03T02:00:00,16.075
2026-07-03T03:00:00,17.111
2026-07-03T04:00:00,16.699
2026-07-03T05:00:00,14.432
2026-07-03T06:00:00,11.256
2026-07-03T07:00:00,9.402
2026-07-03T08:00:00,10.913
2026-07-03T09:00:00,10.859
2026-07-03T10:00:00,11.002
2026-07-03T11:00:00,12.477
2026-07-03T12:00:00,14.077
2026-07-03T13:00:00,15.014
2026-07-03T14:00:00,16.700
2026-07-03T15:00:00,17.650
2026-07-03T16:00:00,21.224
2026-07-03T17:00:00,20.676
2026-07-03T18:00:00,25.775
2026-07-03T19:00:00,20.229
2026-07-03T20:00:00,24.319
2026-07-03T21:00:00,21.336
2026-07-03T22:00:00,22.781
2026-07-03T23:00:00,23.753
2026-07-04T00:00:00,21.278
2026-07-04T01:00:00,19.260
2026-07-04T02:00:00,15.940
2026-07-04T03:00:00,15.546
2026-07-04T04:00:00,14.597
2026-07-04T05:00:00,11.767
2026-07-04T06:00:00,11.002
2026-07-04T07:00:00,13.221
2026-07-04T08:00:00,10.850
2026-07-04T09:00:00,12.340
2026-07-04T10:00:00,11.381
2026-07-04T11:00:00,13.122
2026-07-04T12:00:00,13.231
2026-07-04T13:00:00,14.000
2026-07-04T14:00:00,17.127
2026-07-04T15:00:00,20.836
2026-07-04T16:00:00,20.170
2026-07-04T17:00:00,18.738
2026-07-04T18:00:00,22.587
2026-07-04T19:00:00,23.001
2026-07-04T20:00:00,23.485
2026-07-04T21:00:00,23.867
2026-07-04T22:00:00,20.158
2026-07-04T23:00:00,20.473
2026-07-05T00:00:00,20.422
2026-07-05T01:00:00,17.022
2026-07-05T02:00:00,19.023
2026-07-05T03:00:00,15.853
2026-07-05T04:00:00,13.984
2026-07-05T05:00:00,11.970
2026-07-05T06:00:00,11.212
2026-07-05T07:00:00,11.833
2026-07-05T08:00:00,11.696
2026-07-05T09:00:00,10.304
2026-07-05T10:00:00,11.686
2026-07-05T11:00:00,12.884
2026-07-05T12:00:00,14.156
2026-07-05T13:00:00,15.479
2026-07-05T14:00:00,16.112
2026-07-05T15:00:00,17.277
2026-07-05T16:00:00,20.506
2026-07-05T17:00:00,20.393
2026-07-05T18:00:00,23.713
2026-07-05T19:00:00,23.858
2026-07-05T20:00:00,22.191
2026-07-05T21:00:00,23.582
2026-07-05T22:00:00,24.217
2026-07-05T23:00:00,20.569
2026-07-06T00:00:00,20.422
2026-07-06T01:00:00,18.968
2026-07-06T02:00:00,16.440
2026-07-06T03:00:00,15.557
2026-07-06T04:00:00,13.251
2026-07-06T05:00:00,13.227
2026-07-06T06:00:00,11.242
2026-07-06T07:00:00,12.373
2026-07-06T08:00:00,10.982
2026-07-06T09:00:00,10.604
2026-07-06T10:00:00,13.058
2026-07-06T11:00:00,14.505
2026-07-06T12:00:00,14.209
2026-07-06T13:00:00,16.789
2026-07-06T14:00:00,17.645
2026-07-06T15:00:00,17.929
2026-07-06T16:00:00,21.951
2026-07-06T17:00:00,22.471
2026-07-06T18:00:00,21.696
2026-07-06T19:00:00,25.138
2026-07-06T20:00:00,24.286
2026-07-06T21:00:00,22.433
2026-07-06T22:00:00,20.390
2026-07-06T23:00:00,19.899
2026-07-07T00:00:00,18.026
2026-07-07T01:00:00,18.118
2026-07-07T02:00:00,17.118
2026-07-07T03:00:00,16.869
2026-07-07T04:00:00,13.707
2026-07-07T05:00:00,12.979
2026-07-07T06:00:00,11.841
2026-07-07T07:00:00,10.785
2026-07-07T08:00:00,11.323
2026-07-07T09:00:00,11.246
2026-07-07T10:00:00,11.416
2026-07-07T11:00:00,12.823
2026-07-07T12:00:00,13.079
2026-07-07T13:00:00,14.904
2026-07-07T14:00:00,16.453
2026-07-07T15:00:00,19.808
2026-07-07T16:00:00,21.539
2026-07-07T17:00:00,20.740
2026-07-07T18:00:00,19.667
2026-07-07T19:00:00,23.806
2026-07-07T20:00:00,24.081
2026-07-07T21:00:00,24.751
2026-07-07T22:00:00,21.519
2026-07-07T23:00:00,21.156
2026-07-08T00:00:00,20.369
2026-07-08T01:00:00,19.808
2026-07-08T02:00:00,16.608
2026-07-08T03:00:00,16.258
2026-07-08T04:00:00,15.109
2026-07-08T05:00:00,12.676
2026-07-08T06:00:00,12.174
2026-07-08T07:00:00,12.479
2026-07-08T08:00:00,11.640
2026-07-08T09:00:00,12.188
2026-07-08T10:00:00,11.684
2026-07-08T11:00:00,11.937
2026-07-08T12:00:00,13.230
2026-07-08T13:00:00,15.712
2026-07-08T14:00:00,17.276
2026-07-08T15:00:00,19.423
2026-07-08T16:00:00,19.774
2026-07-08T17:00:00,19.301
2026-07-08T18:00:00,21.932
2026-07-08T19:00:00,21.696
2026-07-08T20:00:00,22.098
2026-07-08T21:00:00,22.139
2026-07-08T22:00:00,22.172
2026-07-08T23:00:00,22.761
2026-07-09T00:00:00,18.754
2026-07-09T01:00:00,17.324
2026-07-09T02:00:00,18.581
2026-07-09T03:00:00,15.604
2026-07-09T04:00:00,14.969
2026-07-09T05:00:00,13.316
2026-07-09T06:00:00,10.001
2026-07-09T07:00:00,11.727
2026-07-09T08:00:00,10.209
2026-07-09T09:00:00,10.791
2026-07-09T10:00:00,12.421
2026-07-09T11:00:00,12.967
2026-07-09T12:00:00,15.737
2026-07-09T13:00:00,16.657
2026-07-09T14:00:00,17.849
2026-07-09T15:00:00,20.440
2026-07-09T16:00:00,20.014
2026-07-09T17:00:00,21.386
2026-07-09T18:00:00,23.296
2026-07-09T19:00:00,23.727
2026-07-09T20:00:00,23.674
2026-07-09T21:00:00,24.028
2026-07-09T22:00:00,23.291
2026-07-09T23:00:00,22.234
2026-07-10T00:00:00,21.182
2026-07-10T01:00:00,18.515
2026-07-10T02:00:00,15.736
2026-07-10T03:00:00,14.516
2026-07-10T04:00:00,14.250
2026-07-10T05:00:00,12.681
2026-07-10T06:00:00,12.750
2026-07-10T07:00:00,13.101
2026-07-10T08:00:00,11.856
2026-07-10T09:00:00,12.339
2026-07-10T10:00:00,11.469
2026-07-10T11:00:00,13.878
2026-07-10T12:00:00,14.600
2026-07-10T13:00:00,13.614
2026-07-10T14:00:00,17.406
2026-07-10T15:00:00,16.812
2026-07-10T16:00:00,18.457
2026-07-10T17:00:00,22.112
2026-07-10T18:00:00,21.577
2026-07-10T19:00:00,20.657
2026-07-10T20:00:00,22.381
2026-07-10T21:00:00,25.603
2026-07-10T22:00:00,22.264
2026-07-10T23:00:00,22.088
2026-07-11T00:00:00,20.234
2026-07-11T01:00:00,17.957
2026-07-11T02:00:00,16.068
2026-07-11T03:00:00,16.387
2026-07-11T04:00:00,13.772
2026-07-11T05:00:00,12.677
2026-07-11T06:00:00,11.865
2026-07-11T07:00:00,11.441
2026-07-11T08:00:00,12.302
2026-07-11T09:00:00,10.571
2026-07-11T10:00:00,11.077
2026-07-11T11:00:00,12.988
2026-07-11T12:00:00,12.955
2026-07-11T13:00:00,15.059
2026-07-11T14:00:00,17.159
2026-07-11T15:00:00,18.679
2026-07-11T16:00:00,19.994
2026-07-11T17:00:00,20.357
2026-07-11T18:00:00,22.621
2026-07-11T19:00:00,22.240
2026-07-11T20:00:00,24.113
2026-07-11T21:00:00,21.607
2026-07-11T22:00:00,21.818
2026-07-11T23:00:00,21.876
2026-07-12T00:00:00,20.739
2026-07-12T01:00:00,18.468
2026-07-12T02:00:00,18.180
2026-07-12T03:00:00,16.035
2026-07-12T04:00:00,12.217
2026-07-12T05:00:00,12.116
2026-07-12T06:00:00,12.335
2026-07-12T07:00:00,12.886
2026-07-12T08:00:00,11.944
2026-07-12T09:00:00,9.836
2026-07-12T10:00:00,10.388
2026-07-12T11:00:00,12.729
2026-07-12T12:00:00,14.980
2026-07-12T13:00:00,15.699
2026-07-12T14:00:00,15.934
2026-07-12T15:00:00,17.305
2026-07-12T16:00:00,21.207
2026-07-12T17:00:00,24.017
2026-07-12T18:00:00,22.408
2026-07-12T19:00:00,24.074
2026-07-12T20:00:00,22.942
2026-07-12T21:00:00,23.188
2026-07-12T22:00:00,22.416
2026-07-12T23:00:00,20.478
2026-07-13T00:00:00,19.209
2026-07-13T01:00:00,19.615
2026-07-13T02:00:00,17.086
2026-07-13T03:00:00,15.313
2026-07-13T04:00:00,13.195
2026-07-13T05:00:00,13.329
2026-07-13T06:00:00,12.336
2026-07-13T07:00:00,12.038
2026-07-13T08:00:00,11.155
2026-07-13T09:00:00,10.423
2026-07-13T10:00:00,11.118
2026-07-13T11:00:00,12.672
2026-07-13T12:00:00,13.484
2026-07-13T13:00:00,17.172
2026-07-13T14:00:00,16.475
2026-07-13T15:00:00,19.028
2026-07-13T16:00:00,18.491
2026-07-13T17:00:00,19.620
2026-07-13T18:00:00,22.338
2026-07-13T19:00:00,24.505
2026-07-13T20:00:00,23.632
2026-07-13T21:00:00,22.204
2026-07-13T22:00:00,22.958
2026-07-13T23:00:00,22.233
2026-07-14T00:00:00,21.540
2026-07-14T01:00:00,18.958
2026-07-14T02:00:00,17.561
2026-07-14T03:00:00,15.667
2026-07-14T04:00:00,14.237
2026-07-14T05:00:00,13.195
2026-07-14T06:00:00,10.942
2026-07-14T07:00:00,12.031
2026-07-14T08:00:00,10.442
2026-07-14T09:00:00,11.968
2026-07-14T10:00:00,11.513
2026-07-14T11:00:00,12.024
2026-07-14T12:00:00,15.497
2026-07-14T13:00:00,15.857
2026-07-14T14:00:00,15.075
2026-07-14T15:00:00,19.643
2026-07-14T16:00:00,18.885
2026-07-14T17:00:00,18.972
2026-07-14T18:00:00,21.669
2026-07-14T19:00:00,24.033
2026-07-14T20:00:00,21.393
2026-07-14T21:00:00,21.470
2026-07-14T22:00:00,21.887
2026-07-14T23:00:00,21.652
2026-07-15T00:00:00,19.711
2026-07-15T01:00:00,17.579
2026-07-15T02:00:00,18.111
2026-07-15T03:00:00,15.071
2026-07-15T04:00:00,13.764
2026-07-15T05:00:00,12.105
2026-07-15T06:00:00,11.424
2026-07-15T07:00:00,11.690
2026-07-15T08:00:00,11.410
2026-07-15T09:00:00,11.264
2026-07-15T10:00:00,12.795
2026-07-15T11:00:00,11.300
2026-07-15T12:00:00,14.521
2026-07-15T13:00:00,14.807
2026-07-15T14:00:00,16.808
2026-07-15T15:00:00,19.748
2026-07-15T16:00:00,20.492
2026-07-15T17:00:00,18.616
2026-07-15T18:00:00,23.743
2026-07-15T19:00:00,21.132
2026-07-15T20:00:00,23.058
2026-07-15T21:00:00,24.710
2026-07-15T22:00:00,24.105
2026-07-15T23:00:00,22.834
2026-07-16T00:00:00,17.277
2026-07-16T01:00:00,19.717
2026-07-16T02:00:00,17.268
2026-07-16T03:00:00,16.572
2026-07-16T04:00:00,14.122
2026-07-16T05:00:00,13.904
2026-07-16T06:00:00,11.755
2026-07-16T07:00:00,12.940
2026-07-16T08:00:00,11.506
2026-07-16T09:00:00,12.172
2026-07-16T10:00:00,11.206
2026-07-16T11:00:00,12.840
2026-07-16T12:00:00,13.954
2026-07-16T13:00:00,14.382
2026-07-16T14:00:00,17.608
2026-07-16T15:00:00,19.329
2026-07-16T16:00:00,19.661
2026-07-16T17:00:00,23.926
2026-07-16T18:00:00,20.120
2026-07-16T19:00:00,21.528
2026-07-16T20:00:00,24.605
2026-07-16T21:00:00,22.409
2026-07-16T22:00:00,23.852
2026-07-16T23:00:00,19.200
2026-07-17T00:00:00,22.415
2026-07-17T01:00:00,19.389
2026-07-17T02:00:00,16.578
2026-07-17T03:00:00,16.393
2026-07-17T04:00:00,15.564
2026-07-17T05:00:00,14.282
2026-07-17T06:00:00,11.377
2026-07-17T07:00:00,11.579
2026-07-17T08:00:00,10.160
2026-07-17T09:00:00,11.380
2026-07-17T10:00:00,11.865
2026-07-17T11:00:00,12.890
2026-07-17T12:00:00,14.741
2026-07-17T13:00:00,15.616
2026-07-17T14:00:00,17.906
2026-07-17T15:00:00,18.202
2026-07-17T16:00:00,21.522
2026-07-17T17:00:00,20.406
2026-07-17T18:00:00,24.689
2026-07-17T19:00:00,25.180
2026-07-17T20:00:00,22.026
2026-07-17T21:00:00,25.443
2026-07-17T22:00:00,23.419
2026-07-17T23:00:00,21.140
2026-07-18T00:00:00,19.912
2026-07-18T01:00:00,21.574
2026-07-18T02:00:00,17.382
2026-07-18T03:00:00,15.368
2026-07-18T04:00:00,12.680
2026-07-18T05:00:00,12.254
2026-07-18T06:00:00,12.851
2026-07-18T07:00:00,10.916
2026-07-18T08:00:00,11.083
2026-07-18T09:00:00,10.916
2026-07-18T10:00:00,12.264
2026-07-18T11:00:00,12.366
2026-07-18T12:00:00,13.635
2026-07-18T13:00:00,16.753
2026-07-18T14:00:00,16.843
2026-07-18T15:00:00,16.461
2026-07-18T16:00:00,20.162
2026-07-18T17:00:00,20.472
2026-07-18T18:00:00,22.706
2026-07-18T19:00:00,21.936
2026-07-18T20:00:00,23.541
2026-07-18T21:00:00,25.573
2026-07-18T22:00:00,22.239
2026-07-18T23:00:00,21.777
2026-07-19T00:00:00,22.303
2026-07-19T01:00:00,18.909
2026-07-19T02:00:00,17.029
2026-07-19T03:00:00,15.241
2026-07-19T04:00:00,14.525
2026-07-19T05:00:00,12.530
2026-07-19T06:00:00,11.881
2026-07-19T07:00:00,10.880
2026-07-19T08:00:00,12.161
2026-07-19T09:00:00,9.423
2026-07-19T10:00:00,12.909
2026-07-19T11:00:00,13.167
2026-07-19T12:00:00,13.423
2026-07-19T13:00:00,16.810
2026-07-19T14:00:00,17.802
2026-07-19T15:00:00,18.343
2026-07-19T16:00:00,19.968
2026-07-19T17:00:00,22.476
2026-07-19T18:00:00,19.975
2026-07-19T19:00:00,24.018
2026-07-19T20:00:00,21.645
2026-07-19T21:00:00,23.474
2026-07-19T22:00:00,22.586
2026-07-19T23:00:00,22.349
2026-07-20T00:00:00,19.101
2026-07-20T01:00:00,17.228
2026-07-20T02:00:00,17.563
2026-07-20T03:00:00,14.622
2026-07-20T04:00:00,12.677
2026-07-20T05:00:00,13.122
2026-07-20T06:00:00,11.423
2026-07-20T07:00:00,12.001
2026-07-20T08:00:00,11.320
2026-07-20T09:00:00,11.006
2026-07-20T10:00:00,10.801
2026-07-20T11:00:00,11.761
2026-07-20T12:00:00,13.520
2026-07-20T13:00:00,14.669
2026-07-20T14:00:00,17.989
2026-07-20T15:00:00,19.271
2026-07-20T16:00:00,18.007
2026-07-20T17:00:00,21.772
2026-07-20T18:00:00,22.870
2026-07-20T19:00:00,23.891
2026-07-20T20:00:00,25.085
2026-07-20T21:00:00,22.057
2026-07-20T22:00:00,19.923
2026-07-20T23:00:00,19.614
2026-01-01T00:00:00,14.550
2026-01-01T01:00:00,13.310
2026-01-01T02:00:00,12.167
2026-01-01T03:00:00,10.951
2026-01-01T04:00:00,9.533
2026-01-01T05:00:00,9.928
2026-01-01T06:00:00,8.358
2026-01-01T07:00:00,8.378
2026-01-01T08:00:00,7.617
2026-01-01T09:00:00,7.651
2026-01-01T10:00:00,7.611
2026-01-01T11:00:00,8.526
2026-01-01T12:00:00,9.992
2026-01-01T13:00:00,10.915
2026-01-01T14:00:00,11.397
2026-01-01T15:00:00,12.138
2026-01-01T16:00:00,14.636
2026-01-01T17:00:00,16.192
2026-01-01T18:00:00,14.783
2026-01-01T19:00:00,15.185
2026-01-01T20:00:00,16.591
2026-01-01T21:00:00,16.294
2026-01-01T22:00:00,15.826
2026-01-01T23:00:00,13.840
2026-01-02T00:00:00,12.695
2026-01-02T01:00:00,12.834
2026-01-02T02:00:00,12.905
2026-01-02T03:00:00,10.139
2026-01-02T04:00:00,9.990
2026-01-02T05:00:00,8.269
2026-01-02T06:00:00,7.895
2026-01-02T07:00:00,8.883
2026-01-02T08:00:00,7.688
2026-01-02T09:00:00,8.272
2026-01-02T10:00:00,8.293
2026-01-02T11:00:00,8.712
2026-01-02T12:00:00,9.587
2026-01-02T13:00:00,11.269
2026-01-02T14:00:00,12.888
2026-01-02T15:00:00,12.178
2026-01-02T16:00:00,13.489
2026-01-02T17:00:00,13.161
2026-01-02T18:00:00,16.348
2026-01-02T19:00:00,16.722
2026-01-02T20:00:00,17.652
2026-01-02T21:00:00,14.678
2026-01-02T22:00:00,15.162
2026-01-02T23:00:00,13.957
2026-01-03T00:00:00,14.316
2026-01-03T01:00:00,13.655
2026-01-03T02:00:00,12.172
2026-01-03T03:00:00,10.480
2026-01-03T04:00:00,10.190
2026-01-03T05:00:00,8.933
2026-01-03T06:00:00,7.735
2026-01-03T07:00:00,7.818
2026-01-03T08:00:00,7.082
2026-01-03T09:00:00,8.328
2026-01-03T10:00:00,7.844
2026-01-03T11:00:00,8.542
2026-01-03T12:00:00,9.665
2026-01-03T13:00:00,10.870
2026-01-03T14:00:00,11.200
2026-01-03T15:00:00,14.967
2026-01-03T16:00:00,14.625
2026-01-03T17:00:00,15.151
2026-01-03T18:00:00,16.786
2026-01-03T19:00:00,14.966
2026-01-03T20:00:00,15.290
2026-01-03T21:00:00,16.749
2026-01-03T22:00:00,14.765
2026-01-03T23:00:00,15.862
2026-01-04T00:00:00,15.221
2026-01-04T01:00:00,12.781
2026-01-04T02:00:00,12.813
2026-01-04T03:00:00,9.537
2026-01-04T04:00:00,10.831
2026-01-04T05:00:00,7.955
2026-01-04T06:00:00,9.327
2026-01-04T07:00:00,7.937
2026-01-04T08:00:00,7.543
2026-01-04T09:00:00,7.774
2026-01-04T10:00:00,8.351
2026-01-04T11:00:00,8.523
2026-01-04T12:00:00,10.687
2026-01-04T13:00:00,10.798
2026-01-04T14:00:00,12.912
2026-01-04T15:00:00,13.814
2026-01-04T16:00:00,14.369
2026-01-04T17:00:00,15.412
2026-01-04T18:00:00,16.334
2026-01-04T19:00:00,14.229
2026-01-04T20:00:00,18.598
2026-01-04T21:00:00,15.751
2026-01-04T22:00:00,15.312
2026-01-04T23:00:00,14.302
2026-01-05T00:00:00,14.546
2026-01-05T01:00:00,13.627
2026-01-05T02:00:00,10.638
2026-01-05T03:00:00,10.517
2026-01-05T04:00:00,9.650
2026-01-05T05:00:00,8.583
2026-01-05T06:00:00,8.684
2026-01-05T07:00:00,7.590
2026-01-05T08:00:00,7.128
2026-01-05T09:00:00,7.840
2026-01-05T10:00:00,8.129
2026-01-05T11:00:00,7.527
2026-01-05T12:00:00,10.051
2026-01-05T13:00:00,11.121
2026-01-05T14:00:00,10.882
2026-01-05T15:00:00,13.619
2026-01-05T16:00:00,14.712
2026-01-05T17:00:00,13.738
2026-01-05T18:00:00,15.720
2026-01-05T19:00:00,15.539
2026-01-05T20:00:00,14.927
2026-01-05T21:00:00,16.868
2026-01-05T22:00:00,14.963
2026-01-05T23:00:00,14.978
2026-01-06T00:00:00,15.997
2026-01-06T01:00:00,13.193
2026-01-06T02:00:00,12.452
2026-01-06T03:00:00,11.944
2026-01-06T04:00:00,9.324
2026-01-06T05:00:00,8.441
2026-01-06T06:00:00,7.722
2026-01-06T07:00:00,8.459
2026-01-06T08:00:00,8.451
2026-01-06T09:00:00,8.079
2026-01-06T10:00:00,8.593
2026-01-06T11:00:00,9.552
2026-01-06T12:00:00,10.223
2026-01-06T13:00:00,10.514
2026-01-06T14:00:00,11.295
2026-01-06T15:00:00,13.658
2026-01-06T16:00:00,14.869
2026-01-06T17:00:00,16.120
2026-01-06T18:00:00,15.782
2026-01-06T19:00:00,16.249
2026-01-06T20:00:00,15.331
2026-01-06T21:00:00,16.327
2026-01-06T22:00:00,14.923
2026-01-06T23:00:00,14.456
2026-01-07T00:00:00,13.742
2026-01-07T01:00:00,12.663
2026-01-07T02:00:00,11.115
2026-01-07T03:00:00,10.849
2026-01-07T04:00:00,9.291
2026-01-07T05:00:00,8.471
2026-01-07T06:00:00,8.475
2026-01-07T07:00:00,8.434
2026-01-07T08:00:00,8.115
2026-01-07T09:00:00,7.996
2026-01-07T10:00:00,8.328
2026-01-07T11:00:00,8.643
2026-01-07T12:00:00,8.442
2026-01-07T13:00:00,11.389
2026-01-07T14:00:00,11.134
2026-01-07T15:00:00,13.726
2026-01-07T16:00:00,14.290
2026-01-07T17:00:00,14.330
2026-01-07T18:00:00,16.405
2026-01-07T19:00:00,14.696
2026-01-07T20:00:00,17.937
2026-01-07T21:00:00,15.971
2026-01-07T22:00:00,15.791
2026-01-07T23:00:00,14.907
2026-01-08T00:00:00,14.869
2026-01-08T01:00:00,12.962
2026-01-08T02:00:00,12.461
2026-01-08T03:00:00,11.781
2026-01-08T04:00:00,9.213
2026-01-08T05:00:00,9.204
2026-01-08T06:00:00,8.444
2026-01-08T07:00:00,7.919
2026-01-08T08:00:00,8.345
2026-01-08T09:00:00,8.444
2026-01-08T10:00:00,8.448
2026-01-08T11:00:00,8.836
2026-01-08T12:00:00,9.720
2026-01-08T13:00:00,11.254
2026-01-08T14:00:00,12.299
2026-01-08T15:00:00,13.284
2026-01-08T16:00:00,13.589
2026-01-08T17:00:00,14.550
2026-01-08T18:00:00,15.624
2026-01-08T19:00:00,15.415
2026-01-08T20:00:00,15.406
2026-01-08T21:00:00,17.713
2026-01-08T22:00:00,16.024
2026-01-08T23:00:00,15.494
2026-01-09T00:00:00,13.175
2026-01-09T01:00:00,12.141
2026-01-09T02:00:00,13.097
2026-01-09T03:00:00,11.570
2026-01-09T04:00:00,9.858
2026-01-09T05:00:00,8.527
2026-01-09T06:00:00,8.005
2026-01-09T07:00:00,8.862
2026-01-09T08:00:00,7.771
2026-01-09T09:00:00,7.887
2026-01-09T10:00:00,8.699
2026-01-09T11:00:00,8.705
2026-01-09T12:00:00,10.075
2026-01-09T13:00:00,11.456
2026-01-09T14:00:00,11.900
2026-01-09T15:00:00,13.277
2026-01-09T16:00:00,14.151
2026-01-09T17:00:00,14.782
2026-01-09T18:00:00,14.576
2026-01-09T19:00:00,16.658
2026-01-09T20:00:00,14.971
2026-01-09T21:00:00,16.684
2026-01-09T22:00:00,16.299
2026-01-09T23:00:00,15.282
2026-01-10T00:00:00,12.339
2026-01-10T01:00:00,11.386
2026-01-10T02:00:00,11.644
2026-01-10T03:00:00,11.601
2026-01-10T04:00:00,9.380
2026-01-10T05:00:00,8.909
2026-01-10T06:00:00,9.074
2026-01-10T07:00:00,7.564
2026-01-10T08:00:00,6.942
2026-01-10T09:00:00,8.257
2026-01-10T10:00:00,7.911
2026-01-10T11:00:00,8.069
2026-01-10T12:00:00,9.600
2026-01-10T13:00:00,10.048
2026-01-10T14:00:00,11.164
2026-01-10T15:00:00,12.603
2026-01-10T16:00:00,15.932
2026-01-10T17:00:00,14.299
2026-01-10T18:00:00,16.563
2026-01-10T19:00:00,15.218
2026-01-10T20:00:00,16.661
2026-01-10T21:00:00,17.795
2026-01-10T22:00:00,14.404
2026-01-10T23:00:00,15.229
2026-01-11T00:00:00,14.331
2026-01-11T01:00:00,13.331
2026-01-11T02:00:00,10.968
2026-01-11T03:00:00,10.444
2026-01-11T04:00:00,9.469
2026-01-11T05:00:00,8.995
2026-01-11T06:00:00,8.522
2026-01-11T07:00:00,7.438
2026-01-11T08:00:00,8.472
2026-01-11T09:00:00,8.126
2026-01-11T10:00:00,8.159
2026-01-11T11:00:00,8.845
2026-01-11T12:00:00,10.657
2026-01-11T13:00:00,11.033
2026-01-11T14:00:00,11.329
2026-01-11T15:00:00,13.066
2026-01-11T16:00:00,14.307
2026-01-11T17:00:00,15.423
2026-01-11T18:00:00,16.695
2026-01-11T19:00:00,16.748
2026-01-11T20:00:00,14.447
2026-01-11T21:00:00,15.210
2026-01-11T22:00:00,14.245
2026-01-11T23:00:00,14.620
2026-01-12T00:00:00,14.357
2026-01-12T01:00:00,12.765
2026-01-12T02:00:00,12.545
2026-01-12T03:00:00,11.120
2026-01-12T04:00:00,7.912
2026-01-12T05:00:00,9.382
2026-01-12T06:00:00,7.745
2026-01-12T07:00:00,7.384
2026-01-12T08:00:00,7.203
2026-01-12T09:00:00,8.636
2026-01-12T10:00:00,8.106
2026-01-12T11:00:00,9.294
2026-01-12T12:00:00,9.432
2026-01-12T13:00:00,10.954
2026-01-12T14:00:00,12.738
2026-01-12T15:00:00,14.079
2026-01-12T16:00:00,13.520
2026-01-12T17:00:00,15.732
2026-01-12T18:00:00,15.048
2026-01-12T19:00:00,15.751
2026-01-12T20:00:00,15.521
2026-01-12T21:00:00,15.513
2026-01-12T22:00:00,15.344
2026-01-12T23:00:00,14.195
2026-01-13T00:00:00,13.628
2026-01-13T01:00:00,13.159
2026-01-13T02:00:00,11.452
2026-01-13T03:00:00,11.189
2026-01-13T04:00:00,9.579
2026-01-13T05:00:00,10.089
2026-01-13T06:00:00,7.396
2026-01-13T07:00:00,7.334
2026-01-13T08:00:00,8.345
2026-01-13T09:00:00,7.547
2026-01-13T10:00:00,9.066
2026-01-13T11:00:00,8.730
2026-01-13T12:00:00,9.444
2026-01-13T13:00:00,11.331
2026-01-13T14:00:00,11.648
2026-01-13T15:00:00,13.987
2026-01-13T16:00:00,14.758
2026-01-13T17:00:00,13.367
2026-01-13T18:00:00,15.938
2026-01-13T19:00:00,14.906
2026-01-13T20:00:00,16.584
2026-01-13T21:00:00,16.182
2026-01-13T22:00:00,14.061
2026-01-13T23:00:00,13.504
2026-01-14T00:00:00,14.046
2026-01-14T01:00:00,14.025
2026-01-14T02:00:00,11.626
2026-01-14T03:00:00,11.549
2026-01-14T04:00:00,9.811
2026-01-14T05:00:00,8.221
2026-01-14T06:00:00,8.112
2026-01-14T07:00:00,7.126
2026-01-14T08:00:00,7.429
2026-01-14T09:00:00,8.617
2026-01-14T10:00:00,8.217
2026-01-14T11:00:00,10.043
2026-01-14T12:00:00,8.888
2026-01-14T13:00:00,11.123
2026-01-14T14:00:00,12.171
2026-01-14T15:00:00,13.296
2026-01-14T16:00:00,14.298
2026-01-14T17:00:00,15.183
2026-01-14T18:00:00,17.074
2026-01-14T19:00:00,18.011
2026-01-14T20:00:00,17.394
2026-01-14T21:00:00,16.735
2026-01-14T22:00:00,16.136
2026-01-14T23:00:00,14.824
2026-01-15T00:00:00,15.217
2026-01-15T01:00:00,12.309
2026-01-15T02:00:00,12.302
2026-01-15T03:00:00,11.672
2026-01-15T04:00:00,10.571
2026-01-15T05:00:00,9.216
2026-01-15T06:00:00,9.016
2026-01-15T07:00:00,8.031
2026-01-15T08:00:00,7.477
2026-01-15T09:00:00,8.550
2026-01-15T10:00:00,8.485
2026-01-15T11:00:00,9.412
2026-01-15T12:00:00,9.906
2026-01-15T13:00:00,11.563
2026-01-15T14:00:00,13.463
2026-01-15T15:00:00,12.912
2026-01-15T16:00:00,12.825
2026-01-15T17:00:00,16.021
2026-01-15T18:00:00,13.885
2026-01-15T19:00:00,16.141
2026-01-15T20:00:00,15.277
2026-01-15T21:00:00,16.649
2026-01-15T22:00:00,15.829
2026-01-15T23:00:00,15.111
2026-01-16T00:00:00,13.637
2026-01-16T01:00:00,13.109
2026-01-16T02:00:00,11.587
2026-01-16T03:00:00,11.922
2026-01-16T04:00:00,9.869
2026-01-16T05:00:00,8.904
2026-01-16T06:00:00,8.538
2026-01-16T07:00:00,7.090
2026-01-16T08:00:00,7.944
2026-01-16T09:00:00,8.192
2026-01-16T10:00:00,7.920
2026-01-16T11:00:00,8.404
2026-01-16T12:00:00,10.080
2026-01-16T13:00:00,11.215
2026-01-16T14:00:00,10.641
2026-01-16T15:00:00,12.501
2026-01-16T16:00:00,14.135
2026-01-16T17:00:00,15.441
2026-01-16T18:00:00,12.219
2026-01-16T19:00:00,15.249
2026-01-16T20:00:00,16.405
2026-01-16T21:00:00,14.452
2026-01-16T22:00:00,16.275
2026-01-16T23:00:00,14.975
2026-01-17T00:00:00,13.670
2026-01-17T01:00:00,14.199
2026-01-17T02:00:00,10.986
2026-01-17T03:00:00,10.982
2026-01-17T04:00:00,10.458
2026-01-17T05:00:00,9.467
2026-01-17T06:00:00,7.167
2026-01-17T07:00:00,7.550
2026-01-17T08:00:00,7.247
2026-01-17T09:00:00,7.226
2026-01-17T10:00:00,8.065
2026-01-17T11:00:00,8.905
2026-01-17T12:00:00,10.192
2026-01-17T13:00:00,11.558
2026-01-17T14:00:00,11.464
2026-01-17T15:00:00,12.091
2026-01-17T16:00:00,13.429
2026-01-17T17:00:00,15.659
2026-01-17T18:00:00,16.181
2026-01-17T19:00:00,16.958
2026-01-17T20:00:00,17.680
2026-01-17T21:00:00,17.499
2026-01-17T22:00:00,15.758
2026-01-17T23:00:00,15.423
2026-01-18T00:00:00,14.074
2026-01-18T01:00:00,11.721
2026-01-18T02:00:00,11.280
2026-01-18T03:00:00,10.700
2026-01-18T04:00:00,10.153
2026-01-18T05:00:00,9.142
2026-01-18T06:00:00,8.644
2026-01-18T07:00:00,7.795
2026-01-18T08:00:00,7.961
2026-01-18T09:00:00,8.098
2026-01-18T10:00:00,7.606
2026-01-18T11:00:00,8.724
2026-01-18T12:00:00,9.404
2026-01-18T13:00:00,9.959
2026-01-18T14:00:00,11.373
2026-01-18T15:00:00,13.009
2026-01-18T16:00:00,14.309
2026-01-18T17:00:00,15.965
2026-01-18T18:00:00,14.414
2026-01-18T19:00:00,16.505
2026-01-18T20:00:00,16.247
2026-01-18T21:00:00,15.971
2026-01-18T22:00:00,13.642
2026-01-18T23:00:00,16.146
2026-01-19T00:00:00,12.703
2026-01-19T01:00:00,12.562
2026-01-19T02:00:00,14.064
2026-01-19T03:00:00,11.741
2026-01-19T04:00:00,9.202
2026-01-19T05:00:00,8.148
2026-01-19T06:00:00,8.824
2026-01-19T07:00:00,8.414
2026-01-19T08:00:00,8.331
2026-01-19T09:00:00,8.044
2026-01-19T10:00:00,8.205
2026-01-19T11:00:00,8.542
2026-01-19T12:00:00,9.666
2026-01-19T13:00:00,10.629
2026-01-19T14:00:00,11.704
2026-01-19T15:00:00,12.225
2026-01-19T16:00:00,14.414
2026-01-19T17:00:00,16.649
2026-01-19T18:00:00,14.496
2026-01-19T19:00:00,17.846
2026-01-19T20:00:00,16.407
2026-01-19T21:00:00,15.001
2026-01-19T22:00:00,15.544
2026-01-19T23:00:00,14.275
2026-01-20T00:00:00,13.974
2026-01-20T01:00:00,12.856
2026-01-20T02:00:00,11.523
2026-01-20T03:00:00,11.409
2026-01-20T04:00:00,9.654
2026-01-20T05:00:00,8.907
2026-01-20T06:00:00,8.938
2026-01-20T07:00:00,7.064
2026-01-20T08:00:00,8.379
2026-01-20T09:00:00,7.540
2026-01-20T10:00:00,7.991
2026-01-20T11:00:00,9.430
2026-01-20T12:00:00,9.809
2026-01-20T13:00:00,9.840
2026-01-20T14:00:00,13.117
2026-01-20T15:00:00,13.207
2026-01-20T16:00:00,13.832
2026-01-20T17:00:00,12.822
2026-01-20T18:00:00,15.516
2026-01-20T19:00:00,17.219
2026-01-20T20:00:00,15.708
2026-01-20T21:00:00,17.271
2026-01-20T22:00:00,14.854
2026-01-20T23:00:00,15.992
2026-01-21T00:00:00,13.037
2026-01-21T01:00:00,13.337
2026-01-21T02:00:00,11.457
2026-01-21T03:00:00,11.687
2026-01-21T04:00:00,9.634
2026-01-21T05:00:00,8.709
2026-01-21T06:00:00,8.237
2026-01-21T07:00:00,8.355
2026-01-21T08:00:00,8.351
2026-01-21T09:00:00,7.162
2026-01-21T10:00:00,8.072
2026-01-21T11:00:00,9.073
2026-01-21T12:00:00,9.058
2026-01-21T13:00:00,11.361
2026-01-21T14:00:00,11.994
2026-01-21T15:00:00,12.061
2026-01-21T16:00:00,13.183
2026-01-21T17:00:00,16.457
2026-01-21T18:00:00,16.234
2026-01-21T19:00:00,15.647
2026-01-21T20:00:00,17.209
2026-01-21T21:00:00,15.374
2026-01-21T22:00:00,14.466
2026-01-21T23:00:00,13.640
2026-01-22T00:00:00,14.975
2026-01-22T01:00:00,13.150
2026-01-22T02:00:00,11.281
2026-01-22T03:00:00,11.978
2026-01-22T04:00:00,10.039
2026-01-22T05:00:00,8.222
2026-01-22T06:00:00,8.390
2026-01-22T07:00:00,8.537
2026-01-22T08:00:00,7.881
2026-01-22T09:00:00,8.565
2026-01-22T10:00:00,8.414
2026-01-22T11:00:00,9.001
2026-01-22T12:00:00,11.299
2026-01-22T13:00:00,10.922
2026-01-22T14:00:00,11.101
2026-01-22T15:00:00,12.616
2026-01-22T16:00:00,13.367
2026-01-22T17:00:00,13.762
2026-01-22T18:00:00,14.969
2026-01-22T19:00:00,14.722
2026-01-22T20:00:00,16.200
2026-01-22T21:00:00,14.967
2026-01-22T22:00:00,16.293
2026-01-22T23:00:00,15.137
2026-01-23T00:00:00,15.004
2026-01-23T01:00:00,13.481
2026-01-23T02:00:00,11.909
2026-01-23T03:00:00,11.679
2026-01-23T04:00:00,9.157
2026-01-23T05:00:00,8.239
2026-01-23T06:00:00,8.228
2026-01-23T07:00:00,8.199
2026-01-23T08:00:00,8.411
2026-01-23T09:00:00,8.035
2026-01-23T10:00:00,9.296
2026-01-23T11:00:00,9.263
2026-01-23T12:00:00,9.959
2026-01-23T13:00:00,10.415
2026-01-23T14:00:00,10.253
2026-01-23T15:00:00,13.164
2026-01-23T16:00:00,14.395
2026-01-23T17:00:00,14.745
2026-01-23T18:00:00,14.746
2026-01-23T19:00:00,15.689
2026-01-23T20:00:00,15.864
2026-01-23T21:00:00,16.904
2026-01-23T22:00:00,15.154
2026-01-23T23:00:00,15.341
2026-01-24T00:00:00,14.669
2026-01-24T01:00:00,13.162
2026-01-24T02:00:00,12.064
2026-01-24T03:00:00,12.009
2026-01-24T04:00:00,9.369
2026-01-24T05:00:00,9.861
2026-01-24T06:00:00,7.636
2026-01-24T07:00:00,7.903
2026-01-24T08:00:00,7.638
2026-01-24T09:00:00,7.635
2026-01-24T10:00:00,8.445
2026-01-24T11:00:00,8.752
2026-01-24T12:00:00,9.375
2026-01-24T13:00:00,10.610
2026-01-24T14:00:00,10.968
2026-01-24T15:00:00,12.258
2026-01-24T16:00:00,12.204
2026-01-24T17:00:00,14.334
2026-01-24T18:00:00,15.647
2026-01-24T19:00:00,15.662
2026-01-24T20:00:00,16.415
2026-01-24T21:00:00,16.343
2026-01-24T22:00:00,16.749
2026-01-24T23:00:00,16.228
2026-01-25T00:00:00,14.878
2026-01-25T01:00:00,13.865
2026-01-25T02:00:00,12.277
2026-01-25T03:00:00,10.082
2026-01-25T04:00:00,9.916
2026-01-25T05:00:00,9.135
2026-01-25T06:00:00,8.693
2026-01-25T07:00:00,7.743
2026-01-25T08:00:00,7.930
2026-01-25T09:00:00,8.835
2026-01-25T10:00:00,7.930
2026-01-25T11:00:00,9.169
2026-01-25T12:00:00,9.273
2026-01-25T13:00:00,10.786
2026-01-25T14:00:00,10.978
2026-01-25T15:00:00,13.431
2026-01-25T16:00:00,13.427
2026-01-25T17:00:00,13.843
2026-01-25T18:00:00,17.366
2026-01-25T19:00:00,16.162
2026-01-25T20:00:00,15.683
2026-01-25T21:00:00,16.342
2026-01-25T22:00:00,14.143
2026-01-25T23:00:00,14.812
2026-01-26T00:00:00,13.187
2026-01-26T01:00:00,14.160
2026-01-26T02:00:00,12.076
2026-01-26T03:00:00,10.550
2026-01-26T04:00:00,9.984
2026-01-26T05:00:00,9.227
2026-01-26T06:00:00,8.884
2026-01-26T07:00:00,7.758
2026-01-26T08:00:00,7.482
2026-01-26T09:00:00,8.552
2026-01-26T10:00:00,8.969
2026-01-26T11:00:00,8.421
2026-01-26T12:00:00,9.754
2026-01-26T13:00:00,10.526
2026-01-26T14:00:00,12.201
2026-01-26T15:00:00,13.447
2026-01-26T16:00:00,12.354
2026-01-26T17:00:00,16.129
2026-01-26T18:00:00,15.609
2026-01-26T19:00:00,15.665
2026-01-26T20:00:00,17.083
2026-01-26T21:00:00,15.809
2026-01-26T22:00:00,16.684
2026-01-26T23:00:00,13.951
2026-01-27T00:00:00,14.407
2026-01-27T01:00:00,11.726
2026-01-27T02:00:00,11.522
2026-01-27T03:00:00,10.605
2026-01-27T04:00:00,8.688
2026-01-27T05:00:00,8.413
2026-01-27T06:00:00,8.417
2026-01-27T07:00:00,7.836
2026-01-27T08:00:00,7.999
2026-01-27T09:00:00,7.512
2026-01-27T10:00:00,8.768
2026-01-27T11:00:00,9.202
2026-01-27T12:00:00,10.222
2026-01-27T13:00:00,10.747
2026-01-27T14:00:00,12.096
2026-01-27T15:00:00,12.906
2026-01-27T16:00:00,14.804
2026-01-27T17:00:00,14.789
2026-01-27T18:00:00,16.864
2026-01-27T19:00:00,16.846
2026-01-27T20:00:00,15.109
2026-01-27T21:00:00,16.842
2026-01-27T22:00:00,15.612
2026-01-27T23:00:00,14.973
2026-01-28T00:00:00,14.729
2026-01-28T01:00:00,13.130
2026-01-28T02:00:00,14.655
2026-01-28T03:00:00,10.622
2026-01-28T04:00:00,10.147
2026-01-28T05:00:00,9.031
2026-01-28T06:00:00,8.364
2026-01-28T07:00:00,8.006
2026-01-28T08:00:00,7.814
2026-01-28T09:00:00,8.059
2026-01-28T10:00:00,8.746
2026-01-28T11:00:00,9.758
2026-01-28T12:00:00,10.058
2026-01-28T13:00:00,10.653
2026-01-28T14:00:00,12.600
2026-01-28T15:00:00,13.255
2026-01-28T16:00:00,13.392
2026-01-28T17:00:00,14.705
2026-01-28T18:00:00,15.473
2026-01-28T19:00:00,15.520
2026-01-28T20:00:00,15.261
2026-01-28T21:00:00,16.253
2026-01-28T22:00:00,13.530
2026-01-28T23:00:00,12.916
2026-01-29T00:00:00,15.783
2026-01-29T01:00:00,12.681
2026-01-29T02:00:00,12.718
2026-01-29T03:00:00,11.268
2026-01-29T04:00:00,9.205
2026-01-29T05:00:00,9.580
2026-01-29T06:00:00,8.240
2026-01-29T07:00:00,7.340
2026-01-29T08:00:00,8.103
2026-01-29T09:00:00,8.075
2026-01-29T10:00:00,8.460
2026-01-29T11:00:00,9.867
2026-01-29T12:00:00,10.096
2026-01-29T13:00:00,11.017
2026-01-29T14:00:00,11.100
2026-01-29T15:00:00,12.853
2026-01-29T16:00:00,14.636
2026-01-29T17:00:00,15.408
2026-01-29T18:00:00,14.978
2026-01-29T19:00:00,15.002
2026-01-29T20:00:00,16.360
2026-01-29T21:00:00,13.745
2026-01-29T22:00:00,16.893
2026-01-29T23:00:00,13.628
2026-01-30T00:00:00,13.964
2026-01-30T01:00:00,13.039
2026-01-30T02:00:00,11.816
2026-01-30T03:00:00,11.099
2026-01-30T04:00:00,10.008
2026-01-30T05:00:00,8.712
2026-01-30T06:00:00,8.396
2026-01-30T07:00:00,8.040
2026-01-30T08:00:00,8.015
2026-01-30T09:00:00,7.470
2026-01-30T10:00:00,8.303
2026-01-30T11:00:00,9.706
2026-01-30T12:00:00,9.560
2026-01-30T13:00:00,10.148
2026-01-30T14:00:00,11.883
2026-01-30T15:00:00,12.838
2026-01-30T16:00:00,14.065
2026-01-30T17:00:00,15.660
2026-01-30T18:00:00,15.448
2026-01-30T19:00:00,17.087
2026-01-30T20:00:00,14.439
2026-01-30T21:00:00,15.391
2026-01-30T22:00:00,15.619
2026-01-30T23:00:00,15.124
2026-01-31T00:00:00,14.033
2026-01-31T01:00:00,14.160
2026-01-31T02:00:00,11.353
2026-01-31T03:00:00,10.970
2026-01-31T04:00:00,10.351
2026-01-31T05:00:00,8.961
2026-01-31T06:00:00,9.126
2026-01-31T07:00:00,7.964
2026-01-31T08:00:00,7.260
2026-01-31T09:00:00,7.969
2026-01-31T10:00:00,7.652
2026-01-31T11:00:00,9.189
2026-01-31T12:00:00,11.194
2026-01-31T13:00:00,9.078
2026-01-31T14:00:00,12.452
2026-01-31T15:00:00,13.061
2026-01-31T16:00:00,13.459
2026-01-31T17:00:00,15.119
2026-01-31T18:00:00,15.056
2026-01-31T19:00:00,14.983
2026-01-31T20:00:00,18.294
2026-01-31T21:00:00,17.645
2026-01-31T22:00:00,16.922
2026-01-31T23:00:00,15.341
2026-02-01T00:00:00,15.201
2026-02-01T01:00:00,13.991
2026-02-01T02:00:00,13.190
2026-02-01T03:00:00,13.460
2026-02-01T04:00:00,11.163
2026-02-01T05:00:00,10.914
2026-02-01T06:00:00,9.773
2026-02-01T07:00:00,8.374
2026-02-01T08:00:00,8.590
2026-02-01T09:00:00,8.441
2026-02-01T10:00:00,8.903
2026-02-01T11:00:00,9.968
2026-02-01T12:00:00,10.758
2026-02-01T13:00:00,11.711
2026-02-01T14:00:00,13.071
2026-02-01T15:00:00,14.452
2026-02-01T16:00:00,16.043
2026-02-01T17:00:00,15.711
2026-02-01T18:00:00,18.319
2026-02-01T19:00:00,18.653
2026-02-01T20:00:00,18.691
2026-02-01T21:00:00,17.352
2026-02-01T22:00:00,17.714
2026-02-01T23:00:00,17.085
2026-02-02T00:00:00,17.055
2026-02-02T01:00:00,13.940
2026-02-02T02:00:00,13.932
2026-02-02T03:00:00,11.771
2026-02-02T04:00:00,12.461
2026-02-02T05:00:00,9.831
2026-02-02T06:00:00,10.330
2026-02-02T07:00:00,8.677
2026-02-02T08:00:00,9.790
2026-02-02T09:00:00,9.095
2026-02-02T10:00:00,9.573
2026-02-02T11:00:00,10.208
2026-02-02T12:00:00,10.993
2026-02-02T13:00:00,12.037
2026-02-02T14:00:00,14.386
2026-02-02T15:00:00,14.948
2026-02-02T16:00:00,17.312
2026-02-02T17:00:00,16.079
2026-02-02T18:00:00,16.743
2026-02-02T19:00:00,18.971
2026-02-02T20:00:00,17.001
2026-02-02T21:00:00,19.410
2026-02-02T22:00:00,17.489
2026-02-02T23:00:00,17.669
2026-02-03T00:00:00,16.059
2026-02-03T01:00:00,15.649
2026-02-03T02:00:00,13.917
2026-02-03T03:00:00,12.374
2026-02-03T04:00:00,11.586
2026-02-03T05:00:00,10.254
2026-02-03T06:00:00,9.470
2026-02-03T07:00:00,9.782
2026-02-03T08:00:00,9.288
2026-02-03T09:00:00,9.784
2026-02-03T10:00:00,8.038
2026-02-03T11:00:00,10.671
2026-02-03T12:00:00,10.889
2026-02-03T13:00:00,12.532
2026-02-03T14:00:00,15.330
2026-02-03T15:00:00,15.768
2026-02-03T16:00:00,16.255
2026-02-03T17:00:00,16.036
2026-02-03T18:00:00,15.454
2026-02-03T19:00:00,17.726
2026-02-03T20:00:00,18.575
2026-02-03T21:00:00,19.002
2026-02-03T22:00:00,16.829
2026-02-03T23:00:00,16.097
2026-02-04T00:00:00,15.841
2026-02-04T01:00:00,14.018
2026-02-04T02:00:00,14.654
2026-02-04T03:00:00,12.561
2026-02-04T04:00:00,11.171
2026-02-04T05:00:00,10.553
2026-02-04T06:00:00,8.580
2026-02-04T07:00:00,9.329
2026-02-04T08:00:00,9.896
2026-02-04T09:00:00,9.070
2026-02-04T10:00:00,8.818
2026-02-04T11:00:00,9.952
2026-02-04T12:00:00,11.509
2026-02-04T13:00:00,12.131
2026-02-04T14:00:00,11.951
2026-02-04T15:00:00,14.190
2026-02-04T16:00:00,16.568
2026-02-04T17:00:00,16.184
2026-02-04T18:00:00,18.594
2026-02-04T19:00:00,19.577
2026-02-04T20:00:00,17.285
2026-02-04T21:00:00,18.955
2026-02-04T22:00:00,15.522
2026-02-04T23:00:00,16.661
2026-02-05T00:00:00,16.057
2026-02-05T01:00:00,12.971
2026-02-05T02:00:00,14.954
2026-02-05T03:00:00,12.660
2026-02-05T04:00:00,9.820
2026-02-05T05:00:00,10.014
2026-02-05T06:00:00,8.893
2026-02-05T07:00:00,8.932
2026-02-05T08:00:00,8.151
2026-02-05T09:00:00,9.030
2026-02-05T10:00:00,9.426
2026-02-05T11:00:00,9.817
2026-02-05T12:00:00,10.635
2026-02-05T13:00:00,13.451
2026-02-05T14:00:00,14.520
2026-02-05T15:00:00,15.856
2026-02-05T16:00:00,15.972
2026-02-05T17:00:00,16.919
2026-02-05T18:00:00,15.569
2026-02-05T19:00:00,17.630
2026-02-05T20:00:00,17.849
2026-02-05T21:00:00,17.541
2026-02-05T22:00:00,19.068
2026-02-05T23:00:00,15.980
2026-02-06T00:00:00,14.631
2026-02-06T01:00:00,14.797
2026-02-06T02:00:00,12.812
2026-02-06T03:00:00,13.010
2026-02-06T04:00:00,11.651
2026-02-06T05:00:00,10.647
2026-02-06T06:00:00,10.134
2026-02-06T07:00:00,8.925
2026-02-06T08:00:00,8.497
2026-02-06T09:00:00,8.184
2026-02-06T10:00:00,9.433
2026-02-06T11:00:00,10.894
2026-02-06T12:00:00,12.458
2026-02-06T13:00:00,12.183
2026-02-06T14:00:00,13.445
2026-02-06T15:00:00,15.495
2026-02-06T16:00:00,16.599
2026-02-06T17:00:00,17.850
2026-02-06T18:00:00,19.007
2026-02-06T19:00:00,19.574
2026-02-06T20:00:00,19.943
2026-02-06T21:00:00,18.250
2026-02-06T22:00:00,16.549
2026-02-06T23:00:00,16.752
2026-02-07T00:00:00,16.742
2026-02-07T01:00:00,13.598
2026-02-07T02:00:00,12.355
2026-02-07T03:00:00,13.548
2026-02-07T04:00:00,10.844
2026-02-07T05:00:00,9.913
2026-02-07T06:00:00,9.783
2026-02-07T07:00:00,9.187
2026-02-07T08:00:00,8.579
2026-02-07T09:00:00,8.327
2026-02-07T10:00:00,9.528
2026-02-07T11:00:00,11.274
2026-02-07T12:00:00,11.645
2026-02-07T13:00:00,11.800
2026-02-07T14:00:00,13.541
2026-02-07T15:00:00,14.303
2026-02-07T16:00:00,17.131
2026-02-07T17:00:00,15.194
2026-02-07T18:00:00,19.525
2026-02-07T19:00:00,18.771
2026-02-07T20:00:00,18.956
2026-02-07T21:00:00,18.345
2026-02-07T22:00:00,16.608
2026-02-07T23:00:00,16.292
2026-02-08T00:00:00,16.527
2026-02-08T01:00:00,14.832
2026-02-08T02:00:00,14.159
2026-02-08T03:00:00,11.500
2026-02-08T04:00:00,10.592
2026-02-08T05:00:00,10.496
2026-02-08T06:00:00,9.932
2026-02-08T07:00:00,9.257
2026-02-08T08:00:00,8.739
2026-02-08T09:00:00,8.498
2026-02-08T10:00:00,8.987
2026-02-08T11:00:00,10.014
2026-02-08T12:00:00,10.433
2026-02-08T13:00:00,11.288
2026-02-08T14:00:00,14.485
2026-02-08T15:00:00,15.745
2026-02-08T16:00:00,16.252
2026-02-08T17:00:00,17.780
2026-02-08T18:00:00,19.279
2026-02-08T19:00:00,19.158
2026-02-08T20:00:00,18.680
2026-02-08T21:00:00,14.958
2026-02-08T22:00:00,17.237
2026-02-08T23:00:00,16.224
2026-02-09T00:00:00,16.633
2026-02-09T01:00:00,15.815
2026-02-09T02:00:00,14.004
2026-02-09T03:00:00,13.458
2026-02-09T04:00:00,10.804
2026-02-09T05:00:00,9.884
2026-02-09T06:00:00,9.484
2026-02-09T07:00:00,8.995
2026-02-09T08:00:00,8.331
2026-02-09T09:00:00,9.134
2026-02-09T10:00:00,9.652
2026-02-09T11:00:00,9.756
2026-02-09T12:00:00,11.216
2026-02-09T13:00:00,12.193
2026-02-09T14:00:00,13.388
2026-02-09T15:00:00,14.857
2026-02-09T16:00:00,15.808
2026-02-09T17:00:00,14.999
2026-02-09T18:00:00,18.622
2026-02-09T19:00:00,18.872
2026-02-09T20:00:00,17.946
2026-02-09T21:00:00,19.223
2026-02-09T22:00:00,17.100
2026-02-09T23:00:00,18.334
2026-02-10T00:00:00,17.077
2026-02-10T01:00:00,14.585
2026-02-10T02:00:00,14.280
2026-02-10T03:00:00,12.910
2026-02-10T04:00:00,11.591
2026-02-10T05:00:00,8.962
2026-02-10T06:00:00,9.842
2026-02-10T07:00:00,9.128
2026-02-10T08:00:00,8.954
2026-02-10T09:00:00,9.802
2026-02-10T10:00:00,9.675
2026-02-10T11:00:00,10.011
2026-02-10T12:00:00,11.221
2026-02-10T13:00:00,12.233
2026-02-10T14:00:00,13.588
2026-02-10T15:00:00,14.146
2026-02-10T16:00:00,16.296
2026-02-10T17:00:00,16.226
2026-02-10T18:00:00,16.824
2026-02-10T19:00:00,18.097
2026-02-10T20:00:00,19.230
2026-02-10T21:00:00,18.160
2026-02-10T22:00:00,18.185
2026-02-10T23:00:00,17.599
2026-02-11T00:00:00,15.600
2026-02-11T01:00:00,14.791
2026-02-11T02:00:00,13.167
2026-02-11T03:00:00,12.427
2026-02-11T04:00:00,10.294
2026-02-11T05:00:00,10.450
2026-02-11T06:00:00,9.007
2026-02-11T07:00:00,9.463
2026-02-11T08:00:00,9.082
2026-02-11T09:00:00,8.568
2026-02-11T10:00:00,10.496
2026-02-11T11:00:00,9.951
2026-02-11T12:00:00,10.971
2026-02-11T13:00:00,11.931
2026-02-11T14:00:00,13.240
2026-02-11T15:00:00,15.497
2026-02-11T16:00:00,15.261
2026-02-11T17:00:00,17.079
2026-02-11T18:00:00,18.064
2026-02-11T19:00:00,18.965
2026-02-11T20:00:00,19.616
2026-02-11T21:00:00,19.891
2026-02-11T22:00:00,16.513
2026-02-11T23:00:00,15.296
2026-02-12T00:00:00,16.705
2026-02-12T01:00:00,15.917
2026-02-12T02:00:00,13.261
2026-02-12T03:00:00,11.456
2026-02-12T04:00:00,10.514
2026-02-12T05:00:00,9.863
2026-02-12T06:00:00,9.587
2026-02-12T07:00:00,8.794
2026-02-12T08:00:00,8.679
2026-02-12T09:00:00,9.052
2026-02-12T10:00:00,9.603
2026-02-12T11:00:00,10.977
2026-02-12T12:00:00,11.557
2026-02-12T13:00:00,12.494
2026-02-12T14:00:00,12.751
2026-02-12T15:00:00,13.418
2026-02-12T16:00:00,17.256
2026-02-12T17:00:00,18.967
2026-02-12T18:00:00,16.696
2026-02-12T19:00:00,18.367
2026-02-12T20:00:00,17.848
2026-02-12T21:00:00,17.416
2026-02-12T22:00:00,16.960
2026-02-12T23:00:00,16.221
2026-02-13T00:00:00,15.729
2026-02-13T01:00:00,13.231
2026-02-13T02:00:00,14.350
2026-02-13T03:00:00,12.520
2026-02-13T04:00:00,10.937
2026-02-13T05:00:00,9.858
2026-02-13T06:00:00,9.965
2026-02-13T07:00:00,8.786
2026-02-13T08:00:00,9.283
2026-02-13T09:00:00,9.511
2026-02-13T10:00:00,9.005
2026-02-13T11:00:00,10.340
2026-02-13T12:00:00,10.428
2026-02-13T13:00:00,12.345
2026-02-13T14:00:00,13.550
2026-02-13T15:00:00,15.963
2026-02-13T16:00:00,15.242
2026-02-13T17:00:00,15.673
2026-02-13T18:00:00,17.539
2026-02-13T19:00:00,15.950
2026-02-13T20:00:00,18.858
2026-02-13T21:00:00,18.888
2026-02-13T22:00:00,19.260
2026-02-13T23:00:00,16.354
2026-02-14T00:00:00,16.002
2026-02-14T01:00:00,15.115
2026-02-14T02:00:00,14.016
2026-02-14T03:00:00,13.519
2026-02-14T04:00:00,11.165
2026-02-14T05:00:00,10.923
2026-02-14T06:00:00,9.513
2026-02-14T07:00:00,9.438
2026-02-14T08:00:00,8.453
2026-02-14T09:00:00,8.919
2026-02-14T10:00:00,8.413
2026-02-14T11:00:00,10.734
2026-02-14T12:00:00,11.240
2026-02-14T13:00:00,11.884
2026-02-14T14:00:00,13.053
2026-02-14T15:00:00,15.864
2026-02-14T16:00:00,15.700
2026-02-14T17:00:00,15.593
2026-02-14T18:00:00,17.814
2026-02-14T19:00:00,18.596
2026-02-14T20:00:00,18.029
2026-02-14T21:00:00,19.300
2026-02-14T22:00:00,18.218
2026-02-14T23:00:00,16.007
2026-02-15T00:00:00,15.914
2026-02-15T01:00:00,15.459
2026-02-15T02:00:00,14.905
2026-02-15T03:00:00,12.453
2026-02-15T04:00:00,10.088
2026-02-15T05:00:00,9.727
2026-02-15T06:00:00,9.897
2026-02-15T07:00:00,9.483
2026-02-15T08:00:00,7.975
2026-02-15T09:00:00,10.760
2026-02-15T10:00:00,9.439
2026-02-15T11:00:00,10.318
2026-02-15T12:00:00,11.121
2026-02-15T13:00:00,11.909
2026-02-15T14:00:00,13.972
2026-02-15T15:00:00,13.437
2026-02-15T16:00:00,15.363
2026-02-15T17:00:00,17.725
2026-02-15T18:00:00,16.987
2026-02-15T19:00:00,19.566
2026-02-15T20:00:00,17.583
2026-02-15T21:00:00,18.531
2026-02-15T22:00:00,16.634
2026-02-15T23:00:00,17.075
2026-02-16T00:00:00,15.934
2026-02-16T01:00:00,13.352
2026-02-16T02:00:00,12.644
2026-02-16T03:00:00,12.150
2026-02-16T04:00:00,11.572
2026-02-16T05:00:00,10.238
2026-02-16T06:00:00,10.110
2026-02-16T07:00:00,8.486
2026-02-16T08:00:00,8.773
2026-02-16T09:00:00,8.563
2026-02-16T10:00:00,10.335
2026-02-16T11:00:00,10.153
2026-02-16T12:00:00,10.892
2026-02-16T13:00:00,11.962
2026-02-16T14:00:00,12.969
2026-02-16T15:00:00,14.234
2026-02-16T16:00:00,16.413
2026-02-16T17:00:00,16.685
2026-02-16T18:00:00,18.739
2026-02-16T19:00:00,17.088
2026-02-16T20:00:00,18.747
2026-02-16T21:00:00,20.338
2026-02-16T22:00:00,17.141
2026-02-16T23:00:00,18.357
2026-02-17T00:00:00,15.248
2026-02-17T01:00:00,16.633
2026-02-17T02:00:00,14.747
2026-02-17T03:00:00,13.711
2026-02-17T04:00:00,12.138
2026-02-17T05:00:00,10.012
2026-02-17T06:00:00,9.602
2026-02-17T07:00:00,9.435
2026-02-17T08:00:00,9.245
2026-02-17T09:00:00,8.507
2026-02-17T10:00:00,9.774
2026-02-17T11:00:00,10.178
2026-02-17T12:00:00,11.996
2026-02-17T13:00:00,13.861
2026-02-17T14:00:00,14.951
2026-02-17T15:00:00,13.947
2026-02-17T16:00:00,17.582
2026-02-17T17:00:00,16.718
2026-02-17T18:00:00,18.621
2026-02-17T19:00:00,17.873
2026-02-17T20:00:00,18.507
2026-02-17T21:00:00,18.075
2026-02-17T22:00:00,17.014
2026-02-17T23:00:00,16.996
2026-02-18T00:00:00,16.643
2026-02-18T01:00:00,14.526
2026-02-18T02:00:00,13.256
2026-02-18T03:00:00,13.509
2026-02-18T04:00:00,12.988
2026-02-18T05:00:00,9.600
2026-02-18T06:00:00,9.630
2026-02-18T07:00:00,8.890
2026-02-18T08:00:00,8.776
2026-02-18T09:00:00,8.632
2026-02-18T10:00:00,9.726
2026-02-18T11:00:00,10.047
2026-02-18T12:00:00,12.116
2026-02-18T13:00:00,12.038
2026-02-18T14:00:00,13.369
2026-02-18T15:00:00,15.196
2026-02-18T16:00:00,16.332
2026-02-18T17:00:00,16.965
2026-02-18T18:00:00,17.053
2026-02-18T19:00:00,17.430
2026-02-18T20:00:00,17.890
2026-02-18T21:00:00,17.159
2026-02-18T22:00:00,16.989
2026-02-18T23:00:00,17.899
2026-02-19T00:00:00,15.263
2026-02-19T01:00:00,13.748
2026-02-19T02:00:00,13.207
2026-02-19T03:00:00,11.894
2026-02-19T04:00:00,10.559
2026-02-19T05:00:00,10.195
2026-02-19T06:00:00,9.629
2026-02-19T07:00:00,9.459
2026-02-19T08:00:00,8.850
2026-02-19T09:00:00,9.434
2026-02-19T10:00:00,8.842
2026-02-19T11:00:00,10.162
2026-02-19T12:00:00,10.850
2026-02-19T13:00:00,12.070
2026-02-19T14:00:00,14.957
2026-02-19T15:00:00,14.098
2026-02-19T16:00:00,15.084
2026-02-19T17:00:00,16.552
2026-02-19T18:00:00,17.271
2026-02-19T19:00:00,18.202
2026-02-19T20:00:00,17.715
2026-02-19T21:00:00,17.563
2026-02-19T22:00:00,17.397
2026-02-19T23:00:00,18.170
2026-02-20T00:00:00,16.622
2026-02-20T01:00:00,15.949
2026-02-20T02:00:00,13.577
2026-02-20T03:00:00,12.001
2026-02-20T04:00:00,10.439
2026-02-20T05:00:00,10.165
2026-02-20T06:00:00,10.289
2026-02-20T07:00:00,9.632
2026-02-20T08:00:00,7.712
2026-02-20T09:00:00,8.749
2026-02-20T10:00:00,9.721
2026-02-20T11:00:00,9.430
2026-02-20T12:00:00,10.546
2026-02-20T13:00:00,12.957
2026-02-20T14:00:00,14.052
2026-02-20T15:00:00,14.625
2026-02-20T16:00:00,15.033
2026-02-20T17:00:00,17.797
2026-02-20T18:00:00,16.404
2026-02-20T19:00:00,17.272
2026-02-20T20:00:00,16.467
2026-02-20T21:00:00,18.719
2026-02-20T22:00:00,17.383
2026-02-20T23:00:00,17.198
2026-02-21T00:00:00,15.534
2026-02-21T01:00:00,15.866
2026-02-21T02:00:00,13.474
2026-02-21T03:00:00,11.745
2026-02-21T04:00:00,11.241
2026-02-21T05:00:00,9.703
2026-02-21T06:00:00,9.218
2026-02-21T07:00:00,8.341
2026-02-21T08:00:00,9.382
2026-02-21T09:00:00,8.289
2026-02-21T10:00:00,9.190
2026-02-21T11:00:00,10.927
2026-02-21T12:00:00,10.116
2026-02-21T13:00:00,11.632
2026-02-21T14:00:00,13.241
2026-02-21T15:00:00,12.588
2026-02-21T16:00:00,16.651
2026-02-21T17:00:00,17.005
2026-02-21T18:00:00,16.870
2026-02-21T19:00:00,18.412
2026-02-21T20:00:00,16.266
2026-02-21T21:00:00,19.409
2026-02-21T22:00:00,17.455
2026-02-21T23:00:00,16.274
2026-02-22T00:00:00,14.533
2026-02-22T01:00:00,14.859
2026-02-22T02:00:00,12.998
2026-02-22T03:00:00,14.641
2026-02-22T04:00:00,11.852
2026-02-22T05:00:00,11.081
2026-02-22T06:00:00,9.858
2026-02-22T07:00:00,8.813
2026-02-22T08:00:00,9.039
2026-02-22T09:00:00,10.536
2026-02-22T10:00:00,8.892
2026-02-22T11:00:00,9.171
2026-02-22T12:00:00,10.435
2026-02-22T13:00:00,10.757
2026-02-22T14:00:00,14.009
2026-02-22T15:00:00,14.705
2026-02-22T16:00:00,16.838
2026-02-22T17:00:00,16.410
2026-02-22T18:00:00,16.888
2026-02-22T19:00:00,16.536
2026-02-22T20:00:00,18.221
2026-02-22T21:00:00,17.986
2026-02-22T22:00:00,19.501
2026-02-22T23:00:00,16.569
2026-02-23T00:00:00,17.031
2026-02-23T01:00:00,13.348
2026-02-23T02:00:00,14.137
2026-02-23T03:00:00,13.511
2026-02-23T04:00:00,12.411
2026-02-23T05:00:00,10.180
2026-02-23T06:00:00,8.845
2026-02-23T07:00:00,9.609
2026-02-23T08:00:00,8.612
2026-02-23T09:00:00,8.693
2026-02-23T10:00:00,10.442
2026-02-23T11:00:00,9.764
2026-02-23T12:00:00,10.742
2026-02-23T13:00:00,12.147
2026-02-23T14:00:00,15.043
2026-02-23T15:00:00,15.325
2026-02-23T16:00:00,15.116
2026-02-23T17:00:00,18.350
2026-02-23T18:00:00,17.979
2026-02-23T19:00:00,17.205
2026-02-23T20:00:00,18.682
2026-02-23T21:00:00,20.928
2026-02-23T22:00:00,17.745
2026-02-23T23:00:00,16.517
2026-02-24T00:00:00,14.616
2026-02-24T01:00:00,14.329
2026-02-24T02:00:00,13.658
2026-02-24T03:00:00,13.600
2026-02-24T04:00:00,11.199
2026-02-24T05:00:00,9.714
2026-02-24T06:00:00,10.076
2026-02-24T07:00:00,9.418
2026-02-24T08:00:00,8.589
2026-02-24T09:00:00,8.427
2026-02-24T10:00:00,9.611
2026-02-24T11:00:00,10.293
2026-02-24T12:00:00,11.821
2026-02-24T13:00:00,10.703
2026-02-24T14:00:00,14.038
2026-02-24T15:00:00,14.619
2026-02-24T16:00:00,16.432
2026-02-24T17:00:00,17.386
2026-02-24T18:00:00,19.234
2026-02-24T19:00:00,17.788
2026-02-24T20:00:00,15.797
2026-02-24T21:00:00,17.795
2026-02-24T22:00:00,19.219
2026-02-24T23:00:00,16.105
2026-02-25T00:00:00,16.007
2026-02-25T01:00:00,13.669
2026-02-25T02:00:00,13.399
2026-02-25T03:00:00,12.969
2026-02-25T04:00:00,11.153
2026-02-25T05:00:00,10.305
2026-02-25T06:00:00,9.021
2026-02-25T07:00:00,9.221
2026-02-25T08:00:00,8.248
2026-02-25T09:00:00,8.683
2026-02-25T10:00:00,9.714
2026-02-25T11:00:00,9.944
2026-02-25T12:00:00,11.575
2026-02-25T13:00:00,11.889
2026-02-25T14:00:00,12.522
2026-02-25T15:00:00,15.709
2026-02-25T16:00:00,16.740
2026-02-25T17:00:00,15.388
2026-02-25T18:00:00,18.355
2026-02-25T19:00:00,17.950
2026-02-25T20:00:00,17.935
2026-02-25T21:00:00,17.750
2026-02-25T22:00:00,17.747
2026-02-25T23:00:00,17.215
2026-02-26T00:00:00,16.273
2026-02-26T01:00:00,15.082
2026-02-26T02:00:00,14.159
2026-02-26T03:00:00,13.077
2026-02-26T04:00:00,11.818
2026-02-26T05:00:00,8.350
2026-02-26T06:00:00,9.705
2026-02-26T07:00:00,8.655
2026-02-26T08:00:00,8.855
2026-02-26T09:00:00,9.271
2026-02-26T10:00:00,9.902
2026-02-26T11:00:00,10.610
2026-02-26T12:00:00,10.347
2026-02-26T13:00:00,12.289
2026-02-26T14:00:00,13.087
2026-02-26T15:00:00,14.704
2026-02-26T16:00:00,14.816
2026-02-26T17:00:00,18.978
2026-02-26T18:00:00,19.694
2026-02-26T19:00:00,19.300
2026-02-26T20:00:00,18.564
2026-02-26T21:00:00,18.671
2026-02-26T22:00:00,18.530
2026-02-26T23:00:00,16.954
2026-02-27T00:00:00,15.068
2026-02-27T01:00:00,17.292
2026-02-27T02:00:00,11.963
2026-02-27T03:00:00,11.156
2026-02-27T04:00:00,11.786
2026-02-27T05:00:00,9.430
2026-02-27T06:00:00,9.227
2026-02-27T07:00:00,9.219
2026-02-27T08:00:00,8.372
2026-02-27T09:00:00,8.224
2026-02-27T10:00:00,9.003
2026-02-27T11:00:00,10.056
2026-02-27T12:00:00,10.243
2026-02-27T13:00:00,11.304
2026-02-27T14:00:00,14.937
2026-02-27T15:00:00,14.296
2026-02-27T16:00:00,17.141
2026-02-27T17:00:00,18.518
2026-02-27T18:00:00,17.370
2026-02-27T19:00:00,18.756
2026-02-27T20:00:00,19.013
2026-02-27T21:00:00,18.115
2026-02-27T22:00:00,15.783
2026-02-27T23:00:00,17.935
2026-02-28T00:00:00,15.586
2026-02-28T01:00:00,13.709
2026-02-28T02:00:00,14.278
2026-02-28T03:00:00,12.288
2026-02-28T04:00:00,10.959
2026-02-28T05:00:00,9.963
2026-02-28T06:00:00,8.985
2026-02-28T07:00:00,9.878
2026-02-28T08:00:00,9.457
2026-02-28T09:00:00,9.482
2026-02-28T10:00:00,8.843
2026-02-28T11:00:00,10.111
2026-02-28T12:00:00,12.509
2026-02-28T13:00:00,12.411
2026-02-28T14:00:00,13.419
2026-02-28T15:00:00,15.645
2026-02-28T16:00:00,14.878
2026-02-28T17:00:00,15.870
2026-02-28T18:00:00,18.818
2026-02-28T19:00:00,18.225
2026-02-28T20:00:00,18.291
2026-02-28T21:00:00,18.110
2026-02-28T22:00:00,17.814
2026-02-28T23:00:00,15.805
2026-03-01T00:00:00,14.589
2026-03-01T01:00:00,13.453
2026-03-01T02:00:00,12.205
2026-03-01T03:00:00,12.162
2026-03-01T04:00:00,10.020
2026-03-01T05:00:00,9.890
2026-03-01T06:00:00,7.477
2026-03-01T07:00:00,8.018
2026-03-01T08:00:00,8.982
2026-03-01T09:00:00,8.356
2026-03-01T10:00:00,8.815
2026-03-01T11:00:00,8.856
2026-03-01T12:00:00,10.771
2026-03-01T13:00:00,11.903
2026-03-01T14:00:00,12.758
2026-03-01T15:00:00,13.447
2026-03-01T16:00:00,15.346
2026-03-01T17:00:00,15.500
2026-03-01T18:00:00,16.484
2026-03-01T19:00:00,16.461
2026-03-01T20:00:00,17.193
2026-03-01T21:00:00,16.293
2026-03-01T22:00:00,17.175
2026-03-01T23:00:00,15.253
2026-03-02T00:00:00,14.027
2026-03-02T01:00:00,13.690
2026-03-02T02:00:00,12.193
2026-03-02T03:00:00,12.412
2026-03-02T04:00:00,10.230
2026-03-02T05:00:00,8.960
2026-03-02T06:00:00,8.579
2026-03-02T07:00:00,7.838
2026-03-02T08:00:00,7.734
2026-03-02T09:00:00,9.033
2026-03-02T10:00:00,8.124
2026-03-02T11:00:00,10.088
2026-03-02T12:00:00,10.703
2026-03-02T13:00:00,11.467
2026-03-02T14:00:00,12.087
2026-03-02T15:00:00,13.515
2026-03-02T16:00:00,14.238
2026-03-02T17:00:00,15.446
2026-03-02T18:00:00,17.865
2026-03-02T19:00:00,16.144
2026-03-02T20:00:00,15.950
2026-03-02T21:00:00,16.278
2026-03-02T22:00:00,17.680
2026-03-02T23:00:00,15.325
2026-03-03T00:00:00,13.274
2026-03-03T01:00:00,13.914
2026-03-03T02:00:00,12.966
2026-03-03T03:00:00,10.681
2026-03-03T04:00:00,10.323
2026-03-03T05:00:00,9.833
2026-03-03T06:00:00,9.560
2026-03-03T07:00:00,7.891
2026-03-03T08:00:00,9.108
2026-03-03T09:00:00,7.902
2026-03-03T10:00:00,9.460
2026-03-03T11:00:00,9.582
2026-03-03T12:00:00,10.639
2026-03-03T13:00:00,10.691
2026-03-03T14:00:00,13.537
2026-03-03T15:00:00,13.525
2026-03-03T16:00:00,15.087
2026-03-03T17:00:00,15.212
2026-03-03T18:00:00,17.219
2026-03-03T19:00:00,15.139
2026-03-03T20:00:00,19.036
2026-03-03T21:00:00,16.029
2026-03-03T22:00:00,15.858
2026-03-03T23:00:00,14.440
2026-03-04T00:00:00,14.368
2026-03-04T01:00:00,13.715
2026-03-04T02:00:00,12.357
2026-03-04T03:00:00,11.181
2026-03-04T04:00:00,10.316
2026-03-04T05:00:00,10.353
2026-03-04T06:00:00,8.231
2026-03-04T07:00:00,8.471
2026-03-04T08:00:00,8.183
2026-03-04T09:00:00,8.260
2026-03-04T10:00:00,9.607
2026-03-04T11:00:00,9.485
2026-03-04T12:00:00,10.165
2026-03-04T13:00:00,11.413
2026-03-04T14:00:00,11.194
2026-03-04T15:00:00,14.631
2026-03-04T16:00:00,15.075
2026-03-04T17:00:00,14.854
2026-03-04T18:00:00,14.618
2026-03-04T19:00:00,15.786
2026-03-04T20:00:00,16.681
2026-03-04T21:00:00,17.241
2026-03-04T22:00:00,16.076
2026-03-04T23:00:00,15.756
2026-03-05T00:00:00,14.241
2026-03-05T01:00:00,13.228
2026-03-05T02:00:00,12.360
2026-03-05T03:00:00,12.350
2026-03-05T04:00:00,9.874
2026-03-05T05:00:00,9.110
2026-03-05T06:00:00,9.109
2026-03-05T07:00:00,8.173
2026-03-05T08:00:00,7.398
2026-03-05T09:00:00,8.239
2026-03-05T10:00:00,8.172
2026-03-05T11:00:00,9.794
2026-03-05T12:00:00,9.861
2026-03-05T13:00:00,12.034
2026-03-05T14:00:00,12.022
2026-03-05T15:00:00,14.348
2026-03-05T16:00:00,14.619
2026-03-05T17:00:00,15.836
2026-03-05T18:00:00,14.643
2026-03-05T19:00:00,17.606
2026-03-05T20:00:00,17.488
2026-03-05T21:00:00,17.510
2026-03-05T22:00:00,17.433
2026-03-05T23:00:00,15.220
2026-03-06T00:00:00,15.227
2026-03-06T01:00:00,13.290
2026-03-06T02:00:00,12.500
2026-03-06T03:00:00,11.156
2026-03-06T04:00:00,9.524
2026-03-06T05:00:00,9.410
2026-03-06T06:00:00,9.211
2026-03-06T07:00:00,8.247
2026-03-06T08:00:00,7.945
2026-03-06T09:00:00,8.598
2026-03-06T10:00:00,7.624
2026-03-06T11:00:00,9.742
2026-03-06T12:00:00,10.464
2026-03-06T13:00:00,11.781
2026-03-06T14:00:00,11.367
2026-03-06T15:00:00,14.436
2026-03-06T16:00:00,13.795
2026-03-06T17:00:00,15.721
2026-03-06T18:00:00,15.856
2026-03-06T19:00:00,16.985
2026-03-06T20:00:00,16.753
2026-03-06T21:00:00,18.701
2026-03-06T22:00:00,16.071
2026-03-06T23:00:00,16.013
2026-03-07T00:00:00,14.691
2026-03-07T01:00:00,12.836
2026-03-07T02:00:00,12.214
2026-03-07T03:00:00,11.271
2026-03-07T04:00:00,10.469
2026-03-07T05:00:00,9.269
2026-03-07T06:00:00,8.071
2026-03-07T07:00:00,7.912
2026-03-07T08:00:00,7.413
2026-03-07T09:00:00,8.608
2026-03-07T10:00:00,8.986
2026-03-07T11:00:00,9.621
2026-03-07T12:00:00,10.687
2026-03-07T13:00:00,11.888
2026-03-07T14:00:00,13.248
2026-03-07T15:00:00,12.074
2026-03-07T16:00:00,14.128
2026-03-07T17:00:00,15.969
2026-03-07T18:00:00,17.096
2026-03-07T19:00:00,17.037
2026-03-07T20:00:00,17.036
2026-03-07T21:00:00,17.337
2026-03-07T22:00:00,16.895
2026-03-07T23:00:00,16.622
2026-03-08T00:00:00,13.323
2026-03-08T01:00:00,13.218
2026-03-08T02:00:00,11.203
2026-03-08T03:00:00,11.228
2026-03-08T04:00:00,9.589
2026-03-08T05:00:00,9.543
2026-03-08T06:00:00,8.666
2026-03-08T07:00:00,9.340
2026-03-08T08:00:00,7.289
2026-03-08T09:00:00,7.852
2026-03-08T10:00:00,8.429
2026-03-08T11:00:00,8.944
2026-03-08T12:00:00,8.758
2026-03-08T13:00:00,11.086
2026-03-08T14:00:00,12.863
2026-03-08T15:00:00,13.859
2026-03-08T16:00:00,13.190
2026-03-08T17:00:00,15.331
2026-03-08T18:00:00,16.858
2026-03-08T19:00:00,17.998
2026-03-08T20:00:00,16.517
2026-03-08T21:00:00,15.756
2026-03-08T22:00:00,18.617
2026-03-08T23:00:00,16.394
2026-03-09T00:00:00,15.232
2026-03-09T01:00:00,13.638
2026-03-09T02:00:00,11.061
2026-03-09T03:00:00,10.117
2026-03-09T04:00:00,10.975
2026-03-09T05:00:00,9.465
2026-03-09T06:00:00,8.763
2026-03-09T07:00:00,8.294
2026-03-09T08:00:00,7.848
2026-03-09T09:00:00,8.465
2026-03-09T10:00:00,8.087
2026-03-09T11:00:00,9.986
2026-03-09T12:00:00,9.327
2026-03-09T13:00:00,10.249
2026-03-09T14:00:00,12.668
2026-03-09T15:00:00,15.265
2026-03-09T16:00:00,14.017
2026-03-09T17:00:00,15.878
2026-03-09T18:00:00,15.819
2026-03-09T19:00:00,15.730
2026-03-09T20:00:00,17.853
2026-03-09T21:00:00,17.354
2026-03-09T22:00:00,15.964
2026-03-09T23:00:00,15.398
2026-03-10T00:00:00,13.991
2026-03-10T01:00:00,12.769
2026-03-10T02:00:00,11.881
2026-03-10T03:00:00,12.388
2026-03-10T04:00:00,9.042
2026-03-10T05:00:00,8.172
2026-03-10T06:00:00,8.572
2026-03-10T07:00:00,8.849
2026-03-10T08:00:00,7.818
2026-03-10T09:00:00,8.564
2026-03-10T10:00:00,8.628
2026-03-10T11:00:00,8.769
2026-03-10T12:00:00,9.897
2026-03-10T13:00:00,11.536
2026-03-10T14:00:00,12.841
2026-03-10T15:00:00,14.059
2026-03-10T16:00:00,14.745
2026-03-10T17:00:00,15.241
2026-03-10T18:00:00,15.267
2026-03-10T19:00:00,17.385
2026-03-10T20:00:00,16.423
2026-03-10T21:00:00,15.908
2026-03-10T22:00:00,17.890
2026-03-10T23:00:00,15.834
2026-03-11T00:00:00,14.641
2026-03-11T01:00:00,13.304
2026-03-11T02:00:00,12.375
2026-03-11T03:00:00,10.898
2026-03-11T04:00:00,9.509
2026-03-11T05:00:00,9.455
2026-03-11T06:00:00,8.468
2026-03-11T07:00:00,8.989
2026-03-11T08:00:00,7.700
2026-03-11T09:00:00,7.929
2026-03-11T10:00:00,9.125
2026-03-11T11:00:00,8.959
2026-03-11T12:00:00,11.793
2026-03-11T13:00:00,11.022
2026-03-11T14:00:00,14.513
2026-03-11T15:00:00,12.568
2026-03-11T16:00:00,15.979
2026-03-11T17:00:00,15.515
2026-03-11T18:00:00,16.448
2026-03-11T19:00:00,17.121
2026-03-11T20:00:00,15.549
2026-03-11T21:00:00,16.988
2026-03-11T22:00:00,14.599
2026-03-11T23:00:00,16.391
2026-03-12T00:00:00,15.290
2026-03-12T01:00:00,13.565
2026-03-12T02:00:00,14.781
2026-03-12T03:00:00,11.435
2026-03-12T04:00:00,9.247
2026-03-12T05:00:00,9.270
2026-03-12T06:00:00,8.409
2026-03-12T07:00:00,8.249
2026-03-12T08:00:00,7.282
2026-03-12T09:00:00,8.113
2026-03-12T10:00:00,8.647
2026-03-12T11:00:00,9.192
2026-03-12T12:00:00,10.421
2026-03-12T13:00:00,11.043
2026-03-12T14:00:00,11.389
2026-03-12T15:00:00,14.125
2026-03-12T16:00:00,14.642
2026-03-12T17:00:00,14.554
2026-03-12T18:00:00,14.111
2026-03-12T19:00:00,17.853
2026-03-12T20:00:00,17.877
2026-03-12T21:00:00,17.167
2026-03-12T22:00:00,17.358
2026-03-12T23:00:00,15.676
2026-03-13T00:00:00,14.316
2026-03-13T01:00:00,13.395
2026-03-13T02:00:00,12.574
2026-03-13T03:00:00,10.756
2026-03-13T04:00:00,10.832
2026-03-13T05:00:00,8.371
2026-03-13T06:00:00,9.625
2026-03-13T07:00:00,7.817
2026-03-13T08:00:00,8.170
2026-03-13T09:00:00,7.477
2026-03-13T10:00:00,9.295
2026-03-13T11:00:00,9.320
2026-03-13T12:00:00,10.684
2026-03-13T13:00:00,11.114
2026-03-13T14:00:00,13.539
2026-03-13T15:00:00,13.315
2026-03-13T16:00:00,15.697
2026-03-13T17:00:00,15.331
2026-03-13T18:00:00,16.236
2026-03-13T19:00:00,16.805
2026-03-13T20:00:00,17.858
2026-03-13T21:00:00,15.114
2026-03-13T22:00:00,17.215
2026-03-13T23:00:00,14.594
2026-03-14T00:00:00,16.412
2026-03-14T01:00:00,15.017
2026-03-14T02:00:00,12.402
2026-03-14T03:00:00,12.086
2026-03-14T04:00:00,9.655
2026-03-14T05:00:00,9.659
2026-03-14T06:00:00,9.001
2026-03-14T07:00:00,8.328
2026-03-14T08:00:00,8.099
2026-03-14T09:00:00,7.558
2026-03-14T10:00:00,8.593
2026-03-14T11:00:00,9.168
2026-03-14T12:00:00,10.339
2026-03-14T13:00:00,11.754
2026-03-14T14:00:00,12.205
2026-03-14T15:00:00,15.585
2026-03-14T16:00:00,14.891
2026-03-14T17:00:00,16.437
2026-03-14T18:00:00,16.204
2026-03-14T19:00:00,16.122
2026-03-14T20:00:00,18.129
2026-03-14T21:00:00,15.688
2026-03-14T22:00:00,16.709
2026-03-14T23:00:00,16.387
2026-03-15T00:00:00,14.541
2026-03-15T01:00:00,12.498
2026-03-15T02:00:00,12.951
2026-03-15T03:00:00,10.557
2026-03-15T04:00:00,10.200
2026-03-15T05:00:00,8.987
2026-03-15T06:00:00,9.075
2026-03-15T07:00:00,7.784
2026-03-15T08:00:00,8.498
2026-03-15T09:00:00,8.018
2026-03-15T10:00:00,8.666
2026-03-15T11:00:00,10.408
2026-03-15T12:00:00,10.795
2026-03-15T13:00:00,11.410
2026-03-15T14:00:00,11.510
2026-03-15T15:00:00,12.406
2026-03-15T16:00:00,13.592
2026-03-15T17:00:00,15.124
2026-03-15T18:00:00,14.879
2026-03-15T19:00:00,17.110
2026-03-15T20:00:00,16.374
2026-03-15T21:00:00,15.415
2026-03-15T22:00:00,16.530
2026-03-15T23:00:00,15.808
2026-03-16T00:00:00,15.247
2026-03-16T01:00:00,13.166
2026-03-16T02:00:00,12.149
2026-03-16T03:00:00,10.354
2026-03-16T04:00:00,9.909
2026-03-16T05:00:00,9.854
2026-03-16T06:00:00,8.474
2026-03-16T07:00:00,8.247
2026-03-16T08:00:00,7.698
2026-03-16T09:00:00,7.576
2026-03-16T10:00:00,8.000
2026-03-16T11:00:00,9.241
2026-03-16T12:00:00,10.284
2026-03-16T13:00:00,11.786
2026-03-16T14:00:00,10.879
2026-03-16T15:00:00,12.688
2026-03-16T16:00:00,15.682
2026-03-16T17:00:00,16.573
2026-03-16T18:00:00,16.804
2026-03-16T19:00:00,17.642
2026-03-16T20:00:00,17.497
2026-03-16T21:00:00,16.214
2026-03-16T22:00:00,15.167
2026-03-16T23:00:00,13.909
2026-03-17T00:00:00,15.110
2026-03-17T01:00:00,13.641
2026-03-17T02:00:00,11.546
2026-03-17T03:00:00,11.419
2026-03-17T04:00:00,9.922
2026-03-17T05:00:00,8.765
2026-03-17T06:00:00,8.446
2026-03-17T07:00:00,8.436
2026-03-17T08:00:00,7.855
2026-03-17T09:00:00,8.018
2026-03-17T10:00:00,8.089
2026-03-17T11:00:00,10.053
2026-03-17T12:00:00,10.472
2026-03-17T13:00:00,10.637
2026-03-17T14:00:00,13.238
2026-03-17T15:00:00,14.125
2026-03-17T16:00:00,13.858
2026-03-17T17:00:00,15.729
2026-03-17T18:00:00,15.965
2026-03-17T19:00:00,18.576
2026-03-17T20:00:00,17.233
2026-03-17T21:00:00,16.783
2026-03-17T22:00:00,15.297
2026-03-17T23:00:00,14.770
2026-03-18T00:00:00,15.995
2026-03-18T01:00:00,14.357
2026-03-18T02:00:00,13.524
2026-03-18T03:00:00,12.403
2026-03-18T04:00:00,11.217
2026-03-18T05:00:00,9.460
2026-03-18T06:00:00,8.482
2026-03-18T07:00:00,8.519
2026-03-18T08:00:00,9.175
2026-03-18T09:00:00,7.756
2026-03-18T10:00:00,8.327
2026-03-18T11:00:00,9.100
2026-03-18T12:00:00,10.763
2026-03-18T13:00:00,12.135
2026-03-18T14:00:00,12.217
2026-03-18T15:00:00,14.066
2026-03-18T16:00:00,14.834
2026-03-18T17:00:00,16.336
2026-03-18T18:00:00,14.510
2026-03-18T19:00:00,17.296
2026-03-18T20:00:00,17.169
2026-03-18T21:00:00,16.295
2026-03-18T22:00:00,16.808
2026-03-18T23:00:00,15.344
2026-03-19T00:00:00,13.754
2026-03-19T01:00:00,12.809
2026-03-19T02:00:00,13.371
2026-03-19T03:00:00,11.587
2026-03-19T04:00:00,9.871
2026-03-19T05:00:00,9.221
2026-03-19T06:00:00,8.597
2026-03-19T07:00:00,9.001
2026-03-19T08:00:00,8.649
2026-03-19T09:00:00,7.851
2026-03-19T10:00:00,8.570
2026-03-19T11:00:00,9.729
2026-03-19T12:00:00,9.473
2026-03-19T13:00:00,11.836
2026-03-19T14:00:00,12.648
2026-03-19T15:00:00,13.302
2026-03-19T16:00:00,14.522
2026-03-19T17:00:00,16.669
2026-03-19T18:00:00,17.333
2026-03-19T19:00:00,17.044
2026-03-19T20:00:00,17.257
2026-03-19T21:00:00,18.805
2026-03-19T22:00:00,16.119
2026-03-19T23:00:00,14.718
2026-03-20T00:00:00,14.669
2026-03-20T01:00:00,14.867
2026-03-20T02:00:00,12.988
2026-03-20T03:00:00,10.369
2026-03-20T04:00:00,10.294
2026-03-20T05:00:00,9.015
2026-03-20T06:00:00,8.119
2026-03-20T07:00:00,8.548
2026-03-20T08:00:00,8.842
2026-03-20T09:00:00,8.134
2026-03-20T10:00:00,9.166
2026-03-20T11:00:00,8.633
2026-03-20T12:00:00,9.481
2026-03-20T13:00:00,12.389
2026-03-20T14:00:00,12.731
2026-03-20T15:00:00,13.788
2026-03-20T16:00:00,14.253
2026-03-20T17:00:00,16.329
2026-03-20T18:00:00,17.689
2026-03-20T19:00:00,15.604
2026-03-20T20:00:00,16.273
2026-03-20T21:00:00,16.637
2026-03-20T22:00:00,17.032
2026-03-20T23:00:00,14.899
2026-03-21T00:00:00,15.251
2026-03-21T01:00:00,13.400
2026-03-21T02:00:00,13.646
2026-03-21T03:00:00,10.307
2026-03-21T04:00:00,10.382
2026-03-21T05:00:00,9.444
2026-03-21T06:00:00,8.760
2026-03-21T07:00:00,8.272
2026-03-21T08:00:00,8.325
2026-03-21T09:00:00,8.102
2026-03-21T10:00:00,8.824
2026-03-21T11:00:00,9.415
2026-03-21T12:00:00,10.289
2026-03-21T13:00:00,10.182
2026-03-21T14:00:00,11.999
2026-03-21T15:00:00,14.399
2026-03-21T16:00:00,14.796
2026-03-21T17:00:00,14.942
2026-03-21T18:00:00,16.650
2026-03-21T19:00:00,16.453
2026-03-21T20:00:00,16.754
2026-03-21T21:00:00,16.584
2026-03-21T22:00:00,17.433
2026-03-21T23:00:00,16.661
2026-03-22T00:00:00,15.413
2026-03-22T01:00:00,13.974
2026-03-22T02:00:00,13.313
2026-03-22T03:00:00,11.312
2026-03-22T04:00:00,8.876
2026-03-22T05:00:00,9.773
2026-03-22T06:00:00,8.429
2026-03-22T07:00:00,9.086
2026-03-22T08:00:00,8.354
2026-03-22T09:00:00,8.086
2026-03-22T10:00:00,7.620
2026-03-22T11:00:00,9.854
2026-03-22T12:00:00,9.897
2026-03-22T13:00:00,10.320
2026-03-22T14:00:00,12.156
2026-03-22T15:00:00,12.714
2026-03-22T16:00:00,14.892
2026-03-22T17:00:00,13.687
2026-03-22T18:00:00,14.078
2026-03-22T19:00:00,17.133
2026-03-22T20:00:00,15.115
2026-03-22T21:00:00,17.316
2026-03-22T22:00:00,14.568
2026-03-22T23:00:00,16.846
2026-03-23T00:00:00,13.724
2026-03-23T01:00:00,12.940
2026-03-23T02:00:00,14.387
2026-03-23T03:00:00,9.906
2026-03-23T04:00:00,10.701
2026-03-23T05:00:00,9.313
2026-03-23T06:00:00,8.827
2026-03-23T07:00:00,8.488
2026-03-23T08:00:00,7.772
2026-03-23T09:00:00,8.073
2026-03-23T10:00:00,8.680
2026-03-23T11:00:00,9.404
2026-03-23T12:00:00,10.814
2026-03-23T13:00:00,12.589
2026-03-23T14:00:00,11.651
2026-03-23T15:00:00,13.239
2026-03-23T16:00:00,14.833
2026-03-23T17:00:00,16.250
2026-03-23T18:00:00,16.057
2026-03-23T19:00:00,16.714
2026-03-23T20:00:00,17.408
2026-03-23T21:00:00,15.613
2026-03-23T22:00:00,15.193
2026-03-23T23:00:00,16.354
2026-03-24T00:00:00,14.116
2026-03-24T01:00:00,15.980
2026-03-24T02:00:00,12.091
2026-03-24T03:00:00,11.546
2026-03-24T04:00:00,9.937
2026-03-24T05:00:00,8.429
2026-03-24T06:00:00,8.749
2026-03-24T07:00:00,7.834
2026-03-24T08:00:00,7.974
2026-03-24T09:00:00,7.864
2026-03-24T10:00:00,9.099
2026-03-24T11:00:00,8.415
2026-03-24T12:00:00,9.915
2026-03-24T13:00:00,12.485
2026-03-24T14:00:00,12.563
2026-03-24T15:00:00,13.395
2026-03-24T16:00:00,14.683
2026-03-24T17:00:00,14.984
2026-03-24T18:00:00,14.781
2026-03-24T19:00:00,16.745
2026-03-24T20:00:00,16.729
2026-03-24T21:00:00,17.704
2026-03-24T22:00:00,16.999
2026-03-24T23:00:00,14.663
2026-03-25T00:00:00,14.594
2026-03-25T01:00:00,14.490
2026-03-25T02:00:00,11.347
2026-03-25T03:00:00,10.684
2026-03-25T04:00:00,10.419
2026-03-25T05:00:00,9.801
2026-03-25T06:00:00,8.669
2026-03-25T07:00:00,9.009
2026-03-25T08:00:00,7.905
2026-03-25T09:00:00,8.019
2026-03-25T10:00:00,7.930
2026-03-25T11:00:00,10.093
2026-03-25T12:00:00,11.218
2026-03-25T13:00:00,11.101
2026-03-25T14:00:00,11.233
2026-03-25T15:00:00,13.073
2026-03-25T16:00:00,14.790
2026-03-25T17:00:00,17.018
2026-03-25T18:00:00,15.501
2026-03-25T19:00:00,16.163
2026-03-25T20:00:00,14.982
2026-03-25T21:00:00,15.803
2026-03-25T22:00:00,17.507
2026-03-25T23:00:00,15.552
2026-03-26T00:00:00,14.089
2026-03-26T01:00:00,13.369
2026-03-26T02:00:00,14.094
2026-03-26T03:00:00,12.191
2026-03-26T04:00:00,11.469
2026-03-26T05:00:00,8.619
2026-03-26T06:00:00,8.758
2026-03-26T07:00:00,8.709
2026-03-26T08:00:00,7.996
2026-03-26T09:00:00,8.766
2026-03-26T10:00:00,8.468
2026-03-26T11:00:00,10.084
2026-03-26T12:00:00,9.513
2026-03-26T13:00:00,11.784
2026-03-26T14:00:00,12.725
2026-03-26T15:00:00,14.343
2026-03-26T16:00:00,13.668
2026-03-26T17:00:00,16.726
2026-03-26T18:00:00,15.324
2026-03-26T19:00:00,18.679
2026-03-26T20:00:00,19.047
2026-03-26T21:00:00,17.768
2026-03-26T22:00:00,17.091
2026-03-26T23:00:00,14.955
2026-03-27T00:00:00,13.183
2026-03-27T01:00:00,13.637
2026-03-27T02:00:00,11.802
2026-03-27T03:00:00,12.733
2026-03-27T04:00:00,9.061
2026-03-27T05:00:00,9.860
2026-03-27T06:00:00,8.907
2026-03-27T07:00:00,8.267
2026-03-27T08:00:00,9.009
2026-03-27T09:00:00,9.037
2026-03-27T10:00:00,8.538
2026-03-27T11:00:00,9.747
2026-03-27T12:00:00,11.845
2026-03-27T13:00:00,10.383
2026-03-27T14:00:00,11.853
2026-03-27T15:00:00,14.352
2026-03-27T16:00:00,15.408
2026-03-27T17:00:00,15.771
2026-03-27T18:00:00,16.145
2026-03-27T19:00:00,16.478
2026-03-27T20:00:00,17.035
2026-03-27T21:00:00,17.266
2026-03-27T22:00:00,17.388
2026-03-27T23:00:00,15.980
2026-03-28T00:00:00,14.116
2026-03-28T01:00:00,12.529
2026-03-28T02:00:00,11.039
2026-03-28T03:00:00,10.727
2026-03-28T04:00:00,10.162
2026-03-28T05:00:00,10.163
2026-03-28T06:00:00,8.522
2026-03-28T07:00:00,8.485
2026-03-28T08:00:00,7.538
2026-03-28T09:00:00,8.476
2026-03-28T10:00:00,9.405
2026-03-28T11:00:00,9.591
2026-03-28T12:00:00,9.936
2026-03-28T13:00:00,11.029
2026-03-28T14:00:00,12.313
2026-03-28T15:00:00,14.446
2026-03-28T16:00:00,13.019
2026-03-28T17:00:00,14.398
2026-03-28T18:00:00,17.441
2026-03-28T19:00:00,16.036
2026-03-28T20:00:00,17.246
2026-03-28T21:00:00,17.300
2026-03-28T22:00:00,15.148
2026-03-28T23:00:00,15.564
2026-03-29T00:00:00,13.391
2026-03-29T01:00:00,13.704
2026-03-29T02:00:00,12.169
2026-03-29T03:00:00,11.823
2026-03-29T04:00:00,10.887
2026-03-29T05:00:00,9.464
2026-03-29T06:00:00,9.676
2026-03-29T07:00:00,8.426
2026-03-29T08:00:00,8.598
2026-03-29T09:00:00,8.630
2026-03-29T10:00:00,9.065
2026-03-29T11:00:00,9.413
2026-03-29T12:00:00,9.909
2026-03-29T13:00:00,11.037
2026-03-29T14:00:00,12.635
2026-03-29T15:00:00,14.428
2026-03-29T16:00:00,15.089
2026-03-29T17:00:00,15.523
2026-03-29T18:00:00,15.358
2026-03-29T19:00:00,17.446
2026-03-29T20:00:00,15.754
2026-03-29T21:00:00,17.019
2026-03-29T22:00:00,15.757
2026-03-29T23:00:00,14.496
2026-03-30T00:00:00,14.792
2026-03-30T01:00:00,14.270
2026-03-30T02:00:00,12.526
2026-03-30T03:00:00,11.953
2026-03-30T04:00:00,10.755
2026-03-30T05:00:00,9.907
2026-03-30T06:00:00,10.070
2026-03-30T07:00:00,8.070
2026-03-30T08:00:00,7.853
2026-03-30T09:00:00,8.035
2026-03-30T10:00:00,8.111
2026-03-30T11:00:00,8.643
2026-03-30T12:00:00,10.212
2026-03-30T13:00:00,11.742
2026-03-30T14:00:00,11.732
2026-03-30T15:00:00,13.402
2026-03-30T16:00:00,14.207
2026-03-30T17:00:00,15.310
2026-03-30T18:00:00,16.081
2026-03-30T19:00:00,18.328
2026-03-30T20:00:00,16.693
2026-03-30T21:00:00,16.929
2026-03-30T22:00:00,15.967
2026-03-30T23:00:00,14.131
2026-03-31T00:00:00,15.293
2026-03-31T01:00:00,13.808
2026-03-31T02:00:00,13.669
2026-03-31T03:00:00,12.055
2026-03-31T04:00:00,10.268
2026-03-31T05:00:00,8.995
2026-03-31T06:00:00,9.440
2026-03-31T07:00:00,8.792
2026-03-31T08:00:00,8.540
2026-03-31T09:00:00,8.238
2026-03-31T10:00:00,8.194
2026-03-31T11:00:00,8.489
2026-03-31T12:00:00,10.454
2026-03-31T13:00:00,10.697
2026-03-31T14:00:00,11.507
2026-03-31T15:00:00,14.431
2026-03-31T16:00:00,14.781
2026-03-31T17:00:00,14.749
2026-03-31T18:00:00,16.860
2026-03-31T19:00:00,17.713
2026-03-31T20:00:00,16.158
2026-03-31T21:00:00,17.812
2026-03-31T22:00:00,16.736
2026-03-31T23:00:00,14.492
2026-04-01T00:00:00,15.873
2026-04-01T01:00:00,13.599
2026-04-01T02:00:00,11.874
2026-04-01T03:00:00,11.116
2026-04-01T04:00:00,11.117
2026-04-01T05:00:00,9.141
2026-04-01T06:00:00,9.473
2026-04-01T07:00:00,7.930
2026-04-01T08:00:00,7.919
2026-04-01T09:00:00,9.118
2026-04-01T10:00:00,9.455
2026-04-01T11:00:00,9.794
2026-04-01T12:00:00,10.906
2026-04-01T13:00:00,10.383
2026-04-01T14:00:00,11.549
2026-04-01T15:00:00,14.288
2026-04-01T16:00:00,14.702
2026-04-01T17:00:00,15.776
2026-04-01T18:00:00,15.455
2026-04-01T19:00:00,15.992
2026-04-01T20:00:00,16.019
2026-04-01T21:00:00,17.386
2026-04-01T22:00:00,16.196
2026-04-01T23:00:00,15.423
2026-04-02T00:00:00,15.513
2026-04-02T01:00:00,13.327
2026-04-02T02:00:00,12.512
2026-04-02T03:00:00,11.000
2026-04-02T04:00:00,10.591
2026-04-02T05:00:00,9.141
2026-04-02T06:00:00,9.537
2026-04-02T07:00:00,8.882
2026-04-02T08:00:00,8.480
2026-04-02T09:00:00,7.324
2026-04-02T10:00:00,8.457
2026-04-02T11:00:00,9.674
2026-04-02T12:00:00,9.304
2026-04-02T13:00:00,11.795
2026-04-02T14:00:00,12.558
2026-04-02T15:00:00,14.621
2026-04-02T16:00:00,14.654
2026-04-02T17:00:00,14.985
2026-04-02T18:00:00,15.370
2026-04-02T19:00:00,16.274
2026-04-02T20:00:00,15.469
2026-04-02T21:00:00,17.614
2026-04-02T22:00:00,14.228
2026-04-02T23:00:00,15.942
2026-04-03T00:00:00,14.192
2026-04-03T01:00:00,14.343
2026-04-03T02:00:00,12.679
2026-04-03T03:00:00,11.734
2026-04-03T04:00:00,10.142
2026-04-03T05:00:00,10.466
2026-04-03T06:00:00,8.946
2026-04-03T07:00:00,8.631
2026-04-03T08:00:00,7.640
2026-04-03T09:00:00,9.462
2026-04-03T10:00:00,8.709
2026-04-03T11:00:00,8.855
2026-04-03T12:00:00,10.309
2026-04-03T13:00:00,10.816
2026-04-03T14:00:00,11.232
2026-04-03T15:00:00,14.482
2026-04-03T16:00:00,13.705
2026-04-03T17:00:00,17.057
2026-04-03T18:00:00,17.866
2026-04-03T19:00:00,19.022
2026-04-03T20:00:00,17.054
2026-04-03T21:00:00,15.440
2026-04-03T22:00:00,16.440
2026-04-03T23:00:00,16.973
2026-04-04T00:00:00,14.742
2026-04-04T01:00:00,12.933
2026-04-04T02:00:00,12.361
2026-04-04T03:00:00,11.700
2026-04-04T04:00:00,9.997
2026-04-04T05:00:00,9.750
2026-04-04T06:00:00,9.073
2026-04-04T07:00:00,7.487
2026-04-04T08:00:00,7.954
2026-04-04T09:00:00,8.168
2026-04-04T10:00:00,8.797
2026-04-04T11:00:00,8.602
2026-04-04T12:00:00,10.305
2026-04-04T13:00:00,11.317
2026-04-04T14:00:00,11.532
2026-04-04T15:00:00,13.180
2026-04-04T16:00:00,14.954
2026-04-04T17:00:00,14.318
2026-04-04T18:00:00,16.535
2026-04-04T19:00:00,16.121
2026-04-04T20:00:00,15.073
2026-04-04T21:00:00,17.020
2026-04-04T22:00:00,15.853
2026-04-04T23:00:00,15.013
2026-04-05T00:00:00,13.984
2026-04-05T01:00:00,14.041
2026-04-05T02:00:00,13.072
2026-04-05T03:00:00,9.532
2026-04-05T04:00:00,10.184
2026-04-05T05:00:00,10.707
2026-04-05T06:00:00,8.862
2026-04-05T07:00:00,8.138
2026-04-05T08:00:00,7.912
2026-04-05T09:00:00,9.193
2026-04-05T10:00:00,8.940
2026-04-05T11:00:00,9.469
2026-04-05T12:00:00,10.494
2026-04-05T13:00:00,11.808
2026-04-05T14:00:00,12.958
2026-04-05T15:00:00,12.984
2026-04-05T16:00:00,14.791
2026-04-05T17:00:00,14.772
2026-04-05T18:00:00,15.495
2026-04-05T19:00:00,17.294
2026-04-05T20:00:00,17.673
2026-04-05T21:00:00,17.032
2026-04-05T22:00:00,15.621
2026-04-05T23:00:00,18.196
2026-04-06T00:00:00,15.099
2026-04-06T01:00:00,14.258
2026-04-06T02:00:00,12.787
2026-04-06T03:00:00,11.090
2026-04-06T04:00:00,9.049
2026-04-06T05:00:00,8.921
2026-04-06T06:00:00,8.998
2026-04-06T07:00:00,8.542
2026-04-06T08:00:00,8.724
2026-04-06T09:00:00,7.926
2026-04-06T10:00:00,8.752
2026-04-06T11:00:00,8.871
2026-04-06T12:00:00,10.602
2026-04-06T13:00:00,11.294
2026-04-06T14:00:00,11.804
2026-04-06T15:00:00,14.175
2026-04-06T16:00:00,14.517
2026-04-06T17:00:00,14.472
2026-04-06T18:00:00,14.804
2026-04-06T19:00:00,17.268
2026-04-06T20:00:00,18.009
2026-04-06T21:00:00,16.521
2026-04-06T22:00:00,16.567
2026-04-06T23:00:00,15.380
2026-04-07T00:00:00,15.655
2026-04-07T01:00:00,14.049
2026-04-07T02:00:00,12.694
2026-04-07T03:00:00,11.604
2026-04-07T04:00:00,11.109
2026-04-07T05:00:00,9.331
2026-04-07T06:00:00,9.170
2026-04-07T07:00:00,8.332
2026-04-07T08:00:00,8.034
2026-04-07T09:00:00,8.617
2026-04-07T10:00:00,9.543
2026-04-07T11:00:00,9.995
2026-04-07T12:00:00,11.012
2026-04-07T13:00:00,11.719
2026-04-07T14:00:00,13.016
2026-04-07T15:00:00,13.988
2026-04-07T16:00:00,12.642
2026-04-07T17:00:00,16.342
2026-04-07T18:00:00,15.162
2026-04-07T19:00:00,16.118
2026-04-07T20:00:00,16.075
2026-04-07T21:00:00,16.182
2026-04-07T22:00:00,15.194
2026-04-07T23:00:00,15.119
2026-04-08T00:00:00,12.628
2026-04-08T01:00:00,14.193
2026-04-08T02:00:00,13.668
2026-04-08T03:00:00,11.719
2026-04-08T04:00:00,9.627
2026-04-08T05:00:00,9.078
2026-04-08T06:00:00,8.865
2026-04-08T07:00:00,8.445
2026-04-08T08:00:00,7.161
2026-04-08T09:00:00,7.804
2026-04-08T10:00:00,8.508
2026-04-08T11:00:00,8.671
2026-04-08T12:00:00,10.937
2026-04-08T13:00:00,11.900
2026-04-08T14:00:00,11.791
2026-04-08T15:00:00,12.644
2026-04-08T16:00:00,13.594
2026-04-08T17:00:00,16.310
2026-04-08T18:00:00,17.648
2026-04-08T19:00:00,17.055
2026-04-08T20:00:00,15.931
2026-04-08T21:00:00,18.760
2026-04-08T22:00:00,16.214
2026-04-08T23:00:00,15.948
2026-04-09T00:00:00,15.070
2026-04-09T01:00:00,12.671
2026-04-09T02:00:00,13.011
2026-04-09T03:00:00,10.725
2026-04-09T04:00:00,10.321
2026-04-09T05:00:00,9.726
2026-04-09T06:00:00,8.008
2026-04-09T07:00:00,8.499
2026-04-09T08:00:00,9.786
2026-04-09T09:00:00,7.528
2026-04-09T10:00:00,8.753
2026-04-09T11:00:00,10.580
2026-04-09T12:00:00,11.361
2026-04-09T13:00:00,12.385
2026-04-09T14:00:00,13.236
2026-04-09T15:00:00,15.022
2026-04-09T16:00:00,14.519
2026-04-09T17:00:00,14.686
2026-04-09T18:00:00,15.183
2026-04-09T19:00:00,16.736
2026-04-09T20:00:00,15.115
2026-04-09T21:00:00,18.627
2026-04-09T22:00:00,17.075
2026-04-09T23:00:00,15.272
2026-04-10T00:00:00,14.185
2026-04-10T01:00:00,13.880
2026-04-10T02:00:00,12.400
2026-04-10T03:00:00,11.133
2026-04-10T04:00:00,10.286
2026-04-10T05:00:00,10.196
2026-04-10T06:00:00,8.795
2026-04-10T07:00:00,8.339
2026-04-10T08:00:00,8.260
2026-04-10T09:00:00,8.611
2026-04-10T10:00:00,8.979
2026-04-10T11:00:00,8.884
2026-04-10T12:00:00,11.388
2026-04-10T13:00:00,10.954
2026-04-10T14:00:00,11.384
2026-04-10T15:00:00,13.663
2026-04-10T16:00:00,13.333
2026-04-10T17:00:00,14.530
2026-04-10T18:00:00,16.897
2026-04-10T19:00:00,15.803
2026-04-10T20:00:00,14.697
2026-04-10T21:00:00,15.165
2026-04-10T22:00:00,16.315
2026-04-10T23:00:00,14.774
2026-04-11T00:00:00,13.835
2026-04-11T01:00:00,12.374
2026-04-11T02:00:00,12.892
2026-04-11T03:00:00,11.209
2026-04-11T04:00:00,10.069
2026-04-11T05:00:00,8.981
2026-04-11T06:00:00,8.527
2026-04-11T07:00:00,9.246
2026-04-11T08:00:00,6.804
2026-04-11T09:00:00,7.943
2026-04-11T10:00:00,8.229
2026-04-11T11:00:00,10.220
2026-04-11T12:00:00,10.255
2026-04-11T13:00:00,11.438
2026-04-11T14:00:00,12.403
2026-04-11T15:00:00,12.842
2026-04-11T16:00:00,15.054
2026-04-11T17:00:00,14.710
2026-04-11T18:00:00,15.838
2026-04-11T19:00:00,16.769
2026-04-11T20:00:00,16.436
2026-04-11T21:00:00,18.186
2026-04-11T22:00:00,16.330
2026-04-11T23:00:00,17.443
2026-04-12T00:00:00,14.444
2026-04-12T01:00:00,13.972
2026-04-12T02:00:00,11.685
2026-04-12T03:00:00,11.921
2026-04-12T04:00:00,10.060
2026-04-12T05:00:00,9.617
2026-04-12T06:00:00,8.439
2026-04-12T07:00:00,8.508
2026-04-12T08:00:00,7.285
2026-04-12T09:00:00,9.687
2026-04-12T10:00:00,7.996
2026-04-12T11:00:00,9.302
2026-04-12T12:00:00,10.387
2026-04-12T13:00:00,11.597
2026-04-12T14:00:00,12.422
2026-04-12T15:00:00,13.764
2026-04-12T16:00:00,14.050
2026-04-12T17:00:00,15.658
2026-04-12T18:00:00,14.932
2026-04-12T19:00:00,17.377
2026-04-12T20:00:00,18.020
2026-04-12T21:00:00,16.427
2026-04-12T22:00:00,16.303
2026-04-12T23:00:00,14.055
2026-04-13T00:00:00,16.191
2026-04-13T01:00:00,12.331
2026-04-13T02:00:00,13.420
2026-04-13T03:00:00,10.912
2026-04-13T04:00:00,10.741
2026-04-13T05:00:00,8.679
2026-04-13T06:00:00,8.372
2026-04-13T07:00:00,8.347
2026-04-13T08:00:00,7.574
2026-04-13T09:00:00,8.417
2026-04-13T10:00:00,8.716
2026-04-13T11:00:00,8.526
2026-04-13T12:00:00,10.096
2026-04-13T13:00:00,11.377
2026-04-13T14:00:00,11.510
2026-04-13T15:00:00,14.295
2026-04-13T16:00:00,13.727
2026-04-13T17:00:00,15.989
2026-04-13T18:00:00,16.731
2026-04-13T19:00:00,18.004
2026-04-13T20:00:00,16.077
2026-04-13T21:00:00,16.008
2026-04-13T22:00:00,17.438
2026-04-13T23:00:00,15.450
2026-04-14T00:00:00,12.683
2026-04-14T01:00:00,14.078
2026-04-14T02:00:00,11.933
2026-04-14T03:00:00,11.025
2026-04-14T04:00:00,9.770
2026-04-14T05:00:00,8.957
2026-04-14T06:00:00,8.021
2026-04-14T07:00:00,8.494
2026-04-14T08:00:00,7.838
2026-04-14T09:00:00,8.175
2026-04-14T10:00:00,8.690
2026-04-14T11:00:00,10.264
2026-04-14T12:00:00,10.357
2026-04-14T13:00:00,10.875
2026-04-14T14:00:00,12.878
2026-04-14T15:00:00,13.456
2026-04-14T16:00:00,13.532
2026-04-14T17:00:00,15.908
2026-04-14T18:00:00,16.983
2026-04-14T19:00:00,16.074
2026-04-14T20:00:00,17.681
2026-04-14T21:00:00,15.541
2026-04-14T22:00:00,16.314
2026-04-14T23:00:00,15.331
2026-04-15T00:00:00,15.852
2026-04-15T01:00:00,12.920
2026-04-15T02:00:00,13.761
2026-04-15T03:00:00,11.781
2026-04-15T04:00:00,10.288
2026-04-15T05:00:00,9.171
2026-04-15T06:00:00,8.092
2026-04-15T07:00:00,7.151
2026-04-15T08:00:00,7.933
2026-04-15T09:00:00,9.093
2026-04-15T10:00:00,8.839
2026-04-15T11:00:00,8.654
2026-04-15T12:00:00,9.119
2026-04-15T13:00:00,10.285
2026-04-15T14:00:00,13.518
2026-04-15T15:00:00,13.851
2026-04-15T16:00:00,14.637
2026-04-15T17:00:00,15.711
2026-04-15T18:00:00,17.143
2026-04-15T19:00:00,17.326
2026-04-15T20:00:00,16.590
2026-04-15T21:00:00,15.970
2026-04-15T22:00:00,16.710
2026-04-15T23:00:00,16.119
2026-04-16T00:00:00,13.999
2026-04-16T01:00:00,12.910
2026-04-16T02:00:00,11.355
2026-04-16T03:00:00,12.239
2026-04-16T04:00:00,11.029
2026-04-16T05:00:00,8.606
2026-04-16T06:00:00,8.851
2026-04-16T07:00:00,7.987
2026-04-16T08:00:00,7.863
2026-04-16T09:00:00,8.055
2026-04-16T10:00:00,9.382
2026-04-16T11:00:00,9.248
2026-04-16T12:00:00,11.560
2026-04-16T13:00:00,9.897
2026-04-16T14:00:00,12.071
2026-04-16T15:00:00,13.226
2026-04-16T16:00:00,14.580
2026-04-16T17:00:00,16.134
2026-04-16T18:00:00,16.753
2026-04-16T19:00:00,14.852
2026-04-16T20:00:00,16.041
2026-04-16T21:00:00,16.302
2026-04-16T22:00:00,17.064
2026-04-16T23:00:00,15.862
2026-04-17T00:00:00,14.466
2026-04-17T01:00:00,14.364
2026-04-17T02:00:00,11.785
2026-04-17T03:00:00,11.174
2026-04-17T04:00:00,9.631
2026-04-17T05:00:00,9.489
2026-04-17T06:00:00,8.677
2026-04-17T07:00:00,7.673
2026-04-17T08:00:00,8.556
2026-04-17T09:00:00,8.341
2026-04-17T10:00:00,9.580
2026-04-17T11:00:00,8.810
2026-04-17T12:00:00,11.098
2026-04-17T13:00:00,11.006
2026-04-17T14:00:00,12.397
2026-04-17T15:00:00,12.902
2026-04-17T16:00:00,13.287
2026-04-17T17:00:00,17.171
2026-04-17T18:00:00,17.644
2026-04-17T19:00:00,15.580
2026-04-17T20:00:00,17.419
2026-04-17T21:00:00,17.703
2026-04-17T22:00:00,17.537
2026-04-17T23:00:00,15.754
2026-04-18T00:00:00,13.555
2026-04-18T01:00:00,11.468
2026-04-18T02:00:00,13.400
2026-04-18T03:00:00,10.647
2026-04-18T04:00:00,10.666
2026-04-18T05:00:00,8.936
2026-04-18T06:00:00,7.964
2026-04-18T07:00:00,7.683
2026-04-18T08:00:00,8.494
2026-04-18T09:00:00,8.442
2026-04-18T10:00:00,8.357
2026-04-18T11:00:00,10.434
2026-04-18T12:00:00,9.941
2026-04-18T13:00:00,10.133
2026-04-18T14:00:00,12.755
2026-04-18T15:00:00,15.271
2026-04-18T16:00:00,14.701
2026-04-18T17:00:00,17.227
2026-04-18T18:00:00,15.810
2026-04-18T19:00:00,16.573
2026-04-18T20:00:00,16.888
2026-04-18T21:00:00,15.970
2026-04-18T22:00:00,16.661
2026-04-18T23:00:00,16.483
2026-04-19T00:00:00,14.929
2026-04-19T01:00:00,12.945
2026-04-19T02:00:00,13.088
2026-04-19T03:00:00,12.061
2026-04-19T04:00:00,10.319
2026-04-19T05:00:00,9.567
2026-04-19T06:00:00,9.159
2026-04-19T07:00:00,8.157
2026-04-19T08:00:00,7.825
2026-04-19T09:00:00,8.221
2026-04-19T10:00:00,8.337
2026-04-19T11:00:00,8.840
2026-04-19T12:00:00,9.538
2026-04-19T13:00:00,11.855
2026-04-19T14:00:00,11.756
2026-04-19T15:00:00,11.479
2026-04-19T16:00:00,14.636
2026-04-19T17:00:00,15.008
2026-04-19T18:00:00,16.478
2026-04-19T19:00:00,17.173
2026-04-19T20:00:00,16.989
2026-04-19T21:00:00,15.568
2026-04-19T22:00:00,17.245
2026-04-19T23:00:00,15.487
2026-04-20T00:00:00,15.608
2026-04-20T01:00:00,12.173
2026-04-20T02:00:00,12.449
2026-04-20T03:00:00,11.705
2026-04-20T04:00:00,11.110
2026-04-20T05:00:00,9.130
2026-04-20T06:00:00,8.859
2026-04-20T07:00:00,8.671
2026-04-20T08:00:00,8.183
2026-04-20T09:00:00,8.178
2026-04-20T10:00:00,8.528
2026-04-20T11:00:00,9.653
2026-04-20T12:00:00,10.316
2026-04-20T13:00:00,10.918
2026-04-20T14:00:00,12.003
2026-04-20T15:00:00,14.054
2026-04-20T16:00:00,15.191
2026-04-20T17:00:00,16.610
2026-04-20T18:00:00,16.917
2026-04-20T19:00:00,15.025
2026-04-20T20:00:00,15.865
2026-04-20T21:00:00,15.966
2026-04-20T22:00:00,18.051
2026-04-20T23:00:00,15.520
2026-04-21T00:00:00,12.585
2026-04-21T01:00:00,13.809
2026-04-21T02:00:00,12.057
2026-04-21T03:00:00,11.747
2026-04-21T04:00:00,10.874
2026-04-21T05:00:00,9.036
2026-04-21T06:00:00,8.686
2026-04-21T07:00:00,8.513
2026-04-21T08:00:00,8.001
2026-04-21T09:00:00,8.087
2026-04-21T10:00:00,7.841
2026-04-21T11:00:00,8.803
2026-04-21T12:00:00,9.655
2026-04-21T13:00:00,11.322
2026-04-21T14:00:00,12.883
2026-04-21T15:00:00,14.817
2026-04-21T16:00:00,14.961
2026-04-21T17:00:00,17.070
2026-04-21T18:00:00,17.882
2026-04-21T19:00:00,16.760
2026-04-21T20:00:00,18.597
2026-04-21T21:00:00,16.913
2026-04-21T22:00:00,17.394
2026-04-21T23:00:00,15.494
2026-04-22T00:00:00,13.357
2026-04-22T01:00:00,13.626
2026-04-22T02:00:00,11.974
2026-04-22T03:00:00,11.759
2026-04-22T04:00:00,10.238
2026-04-22T05:00:00,9.633
2026-04-22T06:00:00,9.120
2026-04-22T07:00:00,7.573
2026-04-22T08:00:00,7.847
2026-04-22T09:00:00,7.684
2026-04-22T10:00:00,8.949
2026-04-22T11:00:00,9.204
2026-04-22T12:00:00,9.899
2026-04-22T13:00:00,11.473
2026-04-22T14:00:00,12.842
2026-04-22T15:00:00,14.630
2026-04-22T16:00:00,16.074
2026-04-22T17:00:00,15.728
2026-04-22T18:00:00,16.465
2026-04-22T19:00:00,15.346
2026-04-22T20:00:00,17.924
2026-04-22T21:00:00,16.151
2026-04-22T22:00:00,16.840
2026-04-22T23:00:00,16.017
2026-04-23T00:00:00,15.016
2026-04-23T01:00:00,13.977
2026-04-23T02:00:00,11.291
2026-04-23T03:00:00,11.747
2026-04-23T04:00:00,11.512
2026-04-23T05:00:00,9.269
2026-04-23T06:00:00,8.628
2026-04-23T07:00:00,8.524
2026-04-23T08:00:00,8.404
2026-04-23T09:00:00,8.169
2026-04-23T10:00:00,9.508
2026-04-23T11:00:00,9.271
2026-04-23T12:00:00,10.096
2026-04-23T13:00:00,9.983
2026-04-23T14:00:00,10.778
2026-04-23T15:00:00,13.731
2026-04-23T16:00:00,15.588
2026-04-23T17:00:00,16.917
2026-04-23T18:00:00,16.439
2026-04-23T19:00:00,17.473
2026-04-23T20:00:00,17.797
2026-04-23T21:00:00,17.373
2026-04-23T22:00:00,18.096
2026-04-23T23:00:00,16.553
2026-04-24T00:00:00,14.503
2026-04-24T01:00:00,13.519
2026-04-24T02:00:00,12.931
2026-04-24T03:00:00,11.310
2026-04-24T04:00:00,9.029
2026-04-24T05:00:00,8.914
2026-04-24T06:00:00,7.627
2026-04-24T07:00:00,7.406
2026-04-24T08:00:00,8.383
2026-04-24T09:00:00,8.952
2026-04-24T10:00:00,9.217
2026-04-24T11:00:00,9.415
2026-04-24T12:00:00,10.193
2026-04-24T13:00:00,11.664
2026-04-24T14:00:00,13.332
2026-04-24T15:00:00,12.788
2026-04-24T16:00:00,13.717
2026-04-24T17:00:00,12.984
2026-04-24T18:00:00,16.406
2026-04-24T19:00:00,17.611
2026-04-24T20:00:00,16.427
2026-04-24T21:00:00,18.364
2026-04-24T22:00:00,17.008
2026-04-24T23:00:00,15.059
2026-04-25T00:00:00,13.820
2026-04-25T01:00:00,13.337
2026-04-25T02:00:00,11.581
2026-04-25T03:00:00,12.023
2026-04-25T04:00:00,11.923
2026-04-25T05:00:00,9.853
2026-04-25T06:00:00,8.617
2026-04-25T07:00:00,9.343
2026-04-25T08:00:00,7.943
2026-04-25T09:00:00,7.826
2026-04-25T10:00:00,8.660
2026-04-25T11:00:00,8.768
2026-04-25T12:00:00,10.472
2026-04-25T13:00:00,12.852
2026-04-25T14:00:00,12.338
2026-04-25T15:00:00,13.540
2026-04-25T16:00:00,14.126
2026-04-25T17:00:00,16.868
2026-04-25T18:00:00,16.296
2026-04-25T19:00:00,15.484
2026-04-25T20:00:00,15.854
2026-04-25T21:00:00,17.475
2026-04-25T22:00:00,16.984
2026-04-25T23:00:00,14.361
2026-04-26T00:00:00,15.212
2026-04-26T01:00:00,13.056
2026-04-26T02:00:00,11.897
2026-04-26T03:00:00,10.939
2026-04-26T04:00:00,10.860
2026-04-26T05:00:00,10.430
2026-04-26T06:00:00,8.968
2026-04-26T07:00:00,8.526
2026-04-26T08:00:00,8.646
2026-04-26T09:00:00,9.518
2026-04-26T10:00:00,9.016
2026-04-26T11:00:00,9.220
2026-04-26T12:00:00,9.616
2026-04-26T13:00:00,11.319
2026-04-26T14:00:00,12.290
2026-04-26T15:00:00,12.557
2026-04-26T16:00:00,14.839
2026-04-26T17:00:00,15.597
2026-04-26T18:00:00,18.025
2026-04-26T19:00:00,17.357
2026-04-26T20:00:00,17.637
2026-04-26T21:00:00,17.163
2026-04-26T22:00:00,17.228
2026-04-26T23:00:00,16.272
2026-04-27T00:00:00,14.911
2026-04-27T01:00:00,13.933
2026-04-27T02:00:00,14.041
2026-04-27T03:00:00,11.940
2026-04-27T04:00:00,10.249
2026-04-27T05:00:00,9.239
2026-04-27T06:00:00,9.895
2026-04-27T07:00:00,8.381
2026-04-27T08:00:00,7.042
2026-04-27T09:00:00,8.909
2026-04-27T10:00:00,8.409
2026-04-27T11:00:00,10.325
2026-04-27T12:00:00,9.688
2026-04-27T13:00:00,10.582
2026-04-27T14:00:00,12.642
2026-04-27T15:00:00,14.189
2026-04-27T16:00:00,14.205
2026-04-27T17:00:00,14.715
2026-04-27T18:00:00,16.437
2026-04-27T19:00:00,16.597
2026-04-27T20:00:00,16.619
2026-04-27T21:00:00,16.617
2026-04-27T22:00:00,15.571
2026-04-27T23:00:00,15.642
2026-04-28T00:00:00,15.464
2026-04-28T01:00:00,13.652
2026-04-28T02:00:00,11.875
2026-04-28T03:00:00,10.786
2026-04-28T04:00:00,11.325
2026-04-28T05:00:00,8.743
2026-04-28T06:00:00,9.311
2026-04-28T07:00:00,7.761
2026-04-28T08:00:00,8.415
2026-04-28T09:00:00,8.083
2026-04-28T10:00:00,9.513
2026-04-28T11:00:00,9.886
2026-04-28T12:00:00,10.682
2026-04-28T13:00:00,11.699
2026-04-28T14:00:00,11.273
2026-04-28T15:00:00,12.679
2026-04-28T16:00:00,13.592
2026-04-28T17:00:00,15.461
2026-04-28T18:00:00,16.360
2026-04-28T19:00:00,16.149
2026-04-28T20:00:00,18.992
2026-04-28T21:00:00,16.012
2026-04-28T22:00:00,16.719
2026-04-28T23:00:00,14.364
2026-04-29T00:00:00,15.161
2026-04-29T01:00:00,13.773
2026-04-29T02:00:00,12.756
2026-04-29T03:00:00,11.599
2026-04-29T04:00:00,9.098
2026-04-29T05:00:00,9.531
2026-04-29T06:00:00,9.426
2026-04-29T07:00:00,8.526
2026-04-29T08:00:00,8.589
2026-04-29T09:00:00,7.739
2026-04-29T10:00:00,8.879
2026-04-29T11:00:00,10.376
2026-04-29T12:00:00,9.326
2026-04-29T13:00:00,11.503
2026-04-29T14:00:00,13.002
2026-04-29T15:00:00,14.183
2026-04-29T16:00:00,16.075
2026-04-29T17:00:00,16.024
2026-04-29T18:00:00,17.255
2026-04-29T19:00:00,16.102
2026-04-29T20:00:00,18.237
2026-04-29T21:00:00,16.852
2026-04-29T22:00:00,15.348
2026-04-29T23:00:00,15.559
2026-04-30T00:00:00,15.365
2026-04-30T01:00:00,14.049
2026-04-30T02:00:00,11.931
2026-04-30T03:00:00,11.800
2026-04-30T04:00:00,10.115
2026-04-30T05:00:00,9.260
2026-04-30T06:00:00,9.139
2026-04-30T07:00:00,9.164
2026-04-30T08:00:00,8.226
2026-04-30T09:00:00,7.676
2026-04-30T10:00:00,8.150
2026-04-30T11:00:00,9.957
2026-04-30T12:00:00,11.345
2026-04-30T13:00:00,11.002
2026-04-30T14:00:00,12.346
2026-04-30T15:00:00,12.912
2026-04-30T16:00:00,14.004
2026-04-30T17:00:00,14.544
2026-04-30T18:00:00,16.745
2026-04-30T19:00:00,15.961
2026-04-30T20:00:00,16.605
2026-04-30T21:00:00,17.700
2026-04-30T22:00:00,16.123
2026-04-30T23:00:00,15.861
2026-05-01T00:00:00,15.508
2026-05-01T01:00:00,14.411
2026-05-01T02:00:00,13.089
2026-05-01T03:00:00,10.496
2026-05-01T04:00:00,9.983
2026-05-01T05:00:00,10.610
2026-05-01T06:00:00,9.413
2026-05-01T07:00:00,9.089
2026-05-01T08:00:00,8.805
2026-05-01T09:00:00,9.189
2026-05-01T10:00:00,10.145
2026-05-01T11:00:00,9.857
2026-05-01T12:00:00,11.551
2026-05-01T13:00:00,10.942
2026-05-01T14:00:00,14.548
2026-05-01T15:00:00,14.013
2026-05-01T16:00:00,13.470
2026-05-01T17:00:00,18.182
2026-05-01T18:00:00,17.434
2026-05-01T19:00:00,17.565
2026-05-01T20:00:00,17.885
2026-05-01T21:00:00,16.763
2026-05-01T22:00:00,16.403
2026-05-01T23:00:00,16.277
2026-05-02T00:00:00,15.477
2026-05-02T01:00:00,15.056
2026-05-02T02:00:00,12.297
2026-05-02T03:00:00,10.353
2026-05-02T04:00:00,11.405
2026-05-02T05:00:00,9.448
2026-05-02T06:00:00,9.141
2026-05-02T07:00:00,9.264
2026-05-02T08:00:00,8.696
2026-05-02T09:00:00,8.777
2026-05-02T10:00:00,9.740
2026-05-02T11:00:00,10.576
2026-05-02T12:00:00,10.654
2026-05-02T13:00:00,12.121
2026-05-02T14:00:00,13.597
2026-05-02T15:00:00,13.529
2026-05-02T16:00:00,14.705
2026-05-02T17:00:00,16.212
2026-05-02T18:00:00,17.409
2026-05-02T19:00:00,17.634
2026-05-02T20:00:00,18.288
2026-05-02T21:00:00,17.409
2026-05-02T22:00:00,18.465
2026-05-02T23:00:00,15.592
2026-05-03T00:00:00,13.585
2026-05-03T01:00:00,12.837
2026-05-03T02:00:00,12.902
2026-05-03T03:00:00,12.189
2026-05-03T04:00:00,10.267
2026-05-03T05:00:00,9.952
2026-05-03T06:00:00,9.994
2026-05-03T07:00:00,8.180
2026-05-03T08:00:00,8.925
2026-05-03T09:00:00,8.226
2026-05-03T10:00:00,8.881
2026-05-03T11:00:00,9.165
2026-05-03T12:00:00,10.367
2026-05-03T13:00:00,11.242
2026-05-03T14:00:00,12.357
2026-05-03T15:00:00,13.639
2026-05-03T16:00:00,15.329
2026-05-03T17:00:00,16.718
2026-05-03T18:00:00,16.847
2026-05-03T19:00:00,17.583
2026-05-03T20:00:00,18.853
2026-05-03T21:00:00,17.735
2026-05-03T22:00:00,15.651
2026-05-03T23:00:00,14.793
2026-05-04T00:00:00,14.544
2026-05-04T01:00:00,12.772
2026-05-04T02:00:00,12.366
2026-05-04T03:00:00,11.399
2026-05-04T04:00:00,10.342
2026-05-04T05:00:00,9.954
2026-05-04T06:00:00,8.654
2026-05-04T07:00:00,8.873
2026-05-04T08:00:00,8.605
2026-05-04T09:00:00,8.859
2026-05-04T10:00:00,9.548
2026-05-04T11:00:00,9.140
2026-05-04T12:00:00,11.815
2026-05-04T13:00:00,12.527
2026-05-04T14:00:00,13.039
2026-05-04T15:00:00,14.872
2026-05-04T16:00:00,16.576
2026-05-04T17:00:00,17.044
2026-05-04T18:00:00,16.380
2026-05-04T19:00:00,16.861
2026-05-04T20:00:00,17.456
2026-05-04T21:00:00,15.021
2026-05-04T22:00:00,16.013
2026-05-04T23:00:00,16.851
2026-05-05T00:00:00,14.465
2026-05-05T01:00:00,14.445
2026-05-05T02:00:00,12.649
2026-05-05T03:00:00,11.716
2026-05-05T04:00:00,9.784
2026-05-05T05:00:00,10.695
2026-05-05T06:00:00,8.758
2026-05-05T07:00:00,8.335
2026-05-05T08:00:00,8.977
2026-05-05T09:00:00,8.408
2026-05-05T10:00:00,9.396
2026-05-05T11:00:00,10.053
2026-05-05T12:00:00,10.855
2026-05-05T13:00:00,11.492
2026-05-05T14:00:00,12.454
2026-05-05T15:00:00,14.459
2026-05-05T16:00:00,16.674
2026-05-05T17:00:00,16.403
2026-05-05T18:00:00,18.736
2026-05-05T19:00:00,17.387
2026-05-05T20:00:00,18.027
2026-05-05T21:00:00,17.028
2026-05-05T22:00:00,15.683
2026-05-05T23:00:00,15.566
2026-05-06T00:00:00,17.097
2026-05-06T01:00:00,13.988
2026-05-06T02:00:00,12.927
2026-05-06T03:00:00,12.546
2026-05-06T04:00:00,11.255
2026-05-06T05:00:00,9.468
2026-05-06T06:00:00,9.596
2026-05-06T07:00:00,8.316
2026-05-06T08:00:00,8.257
2026-05-06T09:00:00,8.629
2026-05-06T10:00:00,8.347
2026-05-06T11:00:00,8.818
2026-05-06T12:00:00,10.229
2026-05-06T13:00:00,12.730
2026-05-06T14:00:00,13.568
2026-05-06T15:00:00,14.406
2026-05-06T16:00:00,14.709
2026-05-06T17:00:00,17.661
2026-05-06T18:00:00,15.949
2026-05-06T19:00:00,19.104
2026-05-06T20:00:00,17.610
2026-05-06T21:00:00,17.422
2026-05-06T22:00:00,16.942
2026-05-06T23:00:00,15.007
2026-05-07T00:00:00,14.967
2026-05-07T01:00:00,15.020
2026-05-07T02:00:00,13.132
2026-05-07T03:00:00,12.046
2026-05-07T04:00:00,10.836
2026-05-07T05:00:00,9.818
2026-05-07T06:00:00,8.016
2026-05-07T07:00:00,9.678
2026-05-07T08:00:00,8.750
2026-05-07T09:00:00,9.324
2026-05-07T10:00:00,9.015
2026-05-07T11:00:00,8.551
2026-05-07T12:00:00,10.545
2026-05-07T13:00:00,10.986
2026-05-07T14:00:00,14.077
2026-05-07T15:00:00,13.063
2026-05-07T16:00:00,13.909
2026-05-07T17:00:00,15.370
2026-05-07T18:00:00,16.165
2026-05-07T19:00:00,17.327
2026-05-07T20:00:00,16.552
2026-05-07T21:00:00,16.474
2026-05-07T22:00:00,19.748
2026-05-07T23:00:00,17.497
2026-05-08T00:00:00,14.987
2026-05-08T01:00:00,14.438
2026-05-08T02:00:00,12.325
2026-05-08T03:00:00,13.118
2026-05-08T04:00:00,9.997
2026-05-08T05:00:00,9.110
2026-05-08T06:00:00,8.381
2026-05-08T07:00:00,8.376
2026-05-08T08:00:00,8.914
2026-05-08T09:00:00,7.827
2026-05-08T10:00:00,9.250
2026-05-08T11:00:00,9.564
2026-05-08T12:00:00,11.293
2026-05-08T13:00:00,12.490
2026-05-08T14:00:00,12.716
2026-05-08T15:00:00,14.068
2026-05-08T16:00:00,14.594
2026-05-08T17:00:00,16.938
2026-05-08T18:00:00,18.428
2026-05-08T19:00:00,17.641
2026-05-08T20:00:00,17.295
2026-05-08T21:00:00,16.897
2026-05-08T22:00:00,16.425
2026-05-08T23:00:00,17.725
2026-05-09T00:00:00,15.369
2026-05-09T01:00:00,13.757
2026-05-09T02:00:00,12.416
2026-05-09T03:00:00,10.767
2026-05-09T04:00:00,10.938
2026-05-09T05:00:00,10.704
2026-05-09T06:00:00,8.668
2026-05-09T07:00:00,7.801
2026-05-09T08:00:00,8.174
2026-05-09T09:00:00,9.417
2026-05-09T10:00:00,9.178
2026-05-09T11:00:00,9.244
2026-05-09T12:00:00,9.979
2026-05-09T13:00:00,11.612
2026-05-09T14:00:00,12.414
2026-05-09T15:00:00,14.613
2026-05-09T16:00:00,15.090
2026-05-09T17:00:00,16.219
2026-05-09T18:00:00,14.677
2026-05-09T19:00:00,16.483
2026-05-09T20:00:00,18.930
2026-05-09T21:00:00,17.570
2026-05-09T22:00:00,17.247
2026-05-09T23:00:00,15.723
2026-05-10T00:00:00,14.476
2026-05-10T01:00:00,12.461
2026-05-10T02:00:00,14.911
2026-05-10T03:00:00,12.324
2026-05-10T04:00:00,10.842
2026-05-10T05:00:00,9.438
2026-05-10T06:00:00,8.979
2026-05-10T07:00:00,8.179
2026-05-10T08:00:00,8.188
2026-05-10T09:00:00,8.118
2026-05-10T10:00:00,8.985
2026-05-10T11:00:00,9.340
2026-05-10T12:00:00,10.607
2026-05-10T13:00:00,11.785
2026-05-10T14:00:00,13.199
2026-05-10T15:00:00,12.553
2026-05-10T16:00:00,16.824
2026-05-10T17:00:00,15.454
2026-05-10T18:00:00,16.712
2026-05-10T19:00:00,15.938
2026-05-10T20:00:00,17.216
2026-05-10T21:00:00,16.375
2026-05-10T22:00:00,18.743
2026-05-10T23:00:00,15.684
2026-05-11T00:00:00,15.945
2026-05-11T01:00:00,14.043
2026-05-11T02:00:00,11.550
2026-05-11T03:00:00,11.346
2026-05-11T04:00:00,10.860
2026-05-11T05:00:00,8.914
2026-05-11T06:00:00,9.315
2026-05-11T07:00:00,7.700
2026-05-11T08:00:00,8.082
2026-05-11T09:00:00,9.011
2026-05-11T10:00:00,10.255
2026-05-11T11:00:00,10.030
2026-05-11T12:00:00,10.934
2026-05-11T13:00:00,11.884
2026-05-11T14:00:00,12.469
2026-05-11T15:00:00,14.267
2026-05-11T16:00:00,13.477
2026-05-11T17:00:00,15.119
2026-05-11T18:00:00,16.323
2026-05-11T19:00:00,18.661
2026-05-11T20:00:00,18.676
2026-05-11T21:00:00,16.374
2026-05-11T22:00:00,16.640
2026-05-11T23:00:00,14.715
2026-05-12T00:00:00,14.203
2026-05-12T01:00:00,14.566
2026-05-12T02:00:00,13.146
2026-05-12T03:00:00,12.211
2026-05-12T04:00:00,9.800
2026-05-12T05:00:00,9.341
2026-05-12T06:00:00,8.963
2026-05-12T07:00:00,9.109
2026-05-12T08:00:00,8.194
2026-05-12T09:00:00,8.244
2026-05-12T10:00:00,9.038
2026-05-12T11:00:00,9.822
2026-05-12T12:00:00,10.204
2026-05-12T13:00:00,11.073
2026-05-12T14:00:00,12.845
2026-05-12T15:00:00,14.155
2026-05-12T16:00:00,15.043
2026-05-12T17:00:00,15.525
2026-05-12T18:00:00,17.305
2026-05-12T19:00:00,16.763
2026-05-12T20:00:00,16.909
2026-05-12T21:00:00,17.363
2026-05-12T22:00:00,14.629
2026-05-12T23:00:00,13.127
2026-05-13T00:00:00,15.365
2026-05-13T01:00:00,13.840
2026-05-13T02:00:00,14.051
2026-05-13T03:00:00,11.288
2026-05-13T04:00:00,9.658
2026-05-13T05:00:00,8.985
2026-05-13T06:00:00,8.869
2026-05-13T07:00:00,8.796
2026-05-13T08:00:00,7.715
2026-05-13T09:00:00,8.939
2026-05-13T10:00:00,8.219
2026-05-13T11:00:00,10.085
2026-05-13T12:00:00,10.231
2026-05-13T13:00:00,12.253
2026-05-13T14:00:00,13.361
2026-05-13T15:00:00,14.712
2026-05-13T16:00:00,14.956
2026-05-13T17:00:00,17.695
2026-05-13T18:00:00,16.921
2026-05-13T19:00:00,16.234
2026-05-13T20:00:00,16.111
2026-05-13T21:00:00,16.840
2026-05-13T22:00:00,15.909
2026-05-13T23:00:00,15.613
2026-05-14T00:00:00,15.573
2026-05-14T01:00:00,14.102
2026-05-14T02:00:00,10.612
2026-05-14T03:00:00,10.978
2026-05-14T04:00:00,10.360
2026-05-14T05:00:00,10.070
2026-05-14T06:00:00,9.799
2026-05-14T07:00:00,8.992
2026-05-14T08:00:00,9.411
2026-05-14T09:00:00,8.628
2026-05-14T10:00:00,8.631
2026-05-14T11:00:00,9.700
2026-05-14T12:00:00,11.476
2026-05-14T13:00:00,11.264
2026-05-14T14:00:00,12.132
2026-05-14T15:00:00,14.140
2026-05-14T16:00:00,14.276
2026-05-14T17:00:00,16.258
2026-05-14T18:00:00,14.917
2026-05-14T19:00:00,17.367
2026-05-14T20:00:00,18.406
2026-05-14T21:00:00,14.615
2026-05-14T22:00:00,18.123
2026-05-14T23:00:00,16.393
2026-05-15T00:00:00,17.584
2026-05-15T01:00:00,13.368
2026-05-15T02:00:00,12.453
2026-05-15T03:00:00,12.121
2026-05-15T04:00:00,10.661
2026-05-15T05:00:00,9.959
2026-05-15T06:00:00,9.427
2026-05-15T07:00:00,8.201
2026-05-15T08:00:00,8.450
2026-05-15T09:00:00,9.589
2026-05-15T10:00:00,8.976
2026-05-15T11:00:00,9.842
2026-05-15T12:00:00,10.969
2026-05-15T13:00:00,11.559
2026-05-15T14:00:00,13.825
2026-05-15T15:00:00,14.511
2026-05-15T16:00:00,14.733
2026-05-15T17:00:00,16.336
2026-05-15T18:00:00,16.711
2026-05-15T19:00:00,16.895
2026-05-15T20:00:00,17.202
2026-05-15T21:00:00,16.636
2026-05-15T22:00:00,15.372
2026-05-15T23:00:00,16.565
2026-05-16T00:00:00,14.314
2026-05-16T01:00:00,12.992
2026-05-16T02:00:00,11.992
2026-05-16T03:00:00,12.495
2026-05-16T04:00:00,9.306
2026-05-16T05:00:00,8.825
2026-05-16T06:00:00,8.500
2026-05-16T07:00:00,8.901
2026-05-16T08:00:00,8.575
2026-05-16T09:00:00,8.912
2026-05-16T10:00:00,9.046
2026-05-16T11:00:00,8.932
2026-05-16T12:00:00,10.726
2026-05-16T13:00:00,13.252
2026-05-16T14:00:00,12.604
2026-05-16T15:00:00,13.046
2026-05-16T16:00:00,15.973
2026-05-16T17:00:00,18.181
2026-05-16T18:00:00,15.870
2026-05-16T19:00:00,16.151
2026-05-16T20:00:00,17.779
2026-05-16T21:00:00,17.399
2026-05-16T22:00:00,17.923
2026-05-16T23:00:00,17.092
2026-05-17T00:00:00,15.536
2026-05-17T01:00:00,13.348
2026-05-17T02:00:00,12.959
2026-05-17T03:00:00,11.839
2026-05-17T04:00:00,11.228
2026-05-17T05:00:00,10.227
2026-05-17T06:00:00,9.085
2026-05-17T07:00:00,8.485
2026-05-17T08:00:00,8.312
2026-05-17T09:00:00,8.474
2026-05-17T10:00:00,9.042
2026-05-17T11:00:00,9.557
2026-05-17T12:00:00,9.887
2026-05-17T13:00:00,13.755
2026-05-17T14:00:00,12.277
2026-05-17T15:00:00,15.099
2026-05-17T16:00:00,17.128
2026-05-17T17:00:00,15.798
2026-05-17T18:00:00,17.048
2026-05-17T19:00:00,16.511
2026-05-17T20:00:00,16.519
2026-05-17T21:00:00,16.923
2026-05-17T22:00:00,16.725
2026-05-17T23:00:00,15.515
2026-05-18T00:00:00,16.462
2026-05-18T01:00:00,14.001
2026-05-18T02:00:00,13.092
2026-05-18T03:00:00,11.194
2026-05-18T04:00:00,10.179
2026-05-18T05:00:00,10.482
2026-05-18T06:00:00,9.711
2026-05-18T07:00:00,9.222
2026-05-18T08:00:00,9.174
2026-05-18T09:00:00,8.069
2026-05-18T10:00:00,8.795
2026-05-18T11:00:00,9.581
2026-05-18T12:00:00,9.743
2026-05-18T13:00:00,11.448
2026-05-18T14:00:00,13.195
2026-05-18T15:00:00,13.383
2026-05-18T16:00:00,13.415
2026-05-18T17:00:00,15.352
2026-05-18T18:00:00,15.901
2026-05-18T19:00:00,17.334
2026-05-18T20:00:00,17.007
2026-05-18T21:00:00,17.716
2026-05-18T22:00:00,17.428
2026-05-18T23:00:00,16.579
2026-05-19T00:00:00,14.178
2026-05-19T01:00:00,11.584
2026-05-19T02:00:00,12.210
2026-05-19T03:00:00,10.850
2026-05-19T04:00:00,10.515
2026-05-19T05:00:00,10.051
2026-05-19T06:00:00,8.079
2026-05-19T07:00:00,8.775
2026-05-19T08:00:00,8.163
2026-05-19T09:00:00,8.136
2026-05-19T10:00:00,9.129
2026-05-19T11:00:00,9.490
2026-05-19T12:00:00,10.017
2026-05-19T13:00:00,11.688
2026-05-19T14:00:00,13.498
2026-05-19T15:00:00,13.675
2026-05-19T16:00:00,16.705
2026-05-19T17:00:00,15.667
2026-05-19T18:00:00,16.413
2026-05-19T19:00:00,17.754
2026-05-19T20:00:00,18.304
2026-05-19T21:00:00,17.116
2026-05-19T22:00:00,17.799
2026-05-19T23:00:00,18.856
2026-05-20T00:00:00,16.075
2026-05-20T01:00:00,14.577
2026-05-20T02:00:00,13.259
2026-05-20T03:00:00,11.459
2026-05-20T04:00:00,10.791
2026-05-20T05:00:00,9.418
2026-05-20T06:00:00,8.624
2026-05-20T07:00:00,8.168
2026-05-20T08:00:00,9.136
2026-05-20T09:00:00,8.507
2026-05-20T10:00:00,8.832
2026-05-20T11:00:00,9.629
2026-05-20T12:00:00,9.711
2026-05-20T13:00:00,11.057
2026-05-20T14:00:00,13.146
2026-05-20T15:00:00,13.650
2026-05-20T16:00:00,15.574
2026-05-20T17:00:00,17.268
2026-05-20T18:00:00,16.715
2026-05-20T19:00:00,15.509
2026-05-20T20:00:00,15.816
2026-05-20T21:00:00,17.703
2026-05-20T22:00:00,18.538
2026-05-20T23:00:00,16.538
2026-05-21T00:00:00,14.664
2026-05-21T01:00:00,15.107
2026-05-21T02:00:00,13.211
2026-05-21T03:00:00,11.854
2026-05-21T04:00:00,10.836
2026-05-21T05:00:00,9.666
2026-05-21T06:00:00,8.337
2026-05-21T07:00:00,8.568
2026-05-21T08:00:00,8.819
2026-05-21T09:00:00,8.746
2026-05-21T10:00:00,9.461
2026-05-21T11:00:00,10.596
2026-05-21T12:00:00,11.280
2026-05-21T13:00:00,13.260
2026-05-21T14:00:00,12.148
2026-05-21T15:00:00,13.814
2026-05-21T16:00:00,15.524
2026-05-21T17:00:00,16.268
2026-05-21T18:00:00,17.155
2026-05-21T19:00:00,17.247
2026-05-21T20:00:00,17.358
2026-05-21T21:00:00,16.742
2026-05-21T22:00:00,15.999
2026-05-21T23:00:00,15.427
2026-05-22T00:00:00,14.461
2026-05-22T01:00:00,13.277
2026-05-22T02:00:00,13.303
2026-05-22T03:00:00,11.786
2026-05-22T04:00:00,11.205
2026-05-22T05:00:00,10.438
2026-05-22T06:00:00,8.169
2026-05-22T07:00:00,8.464
2026-05-22T08:00:00,7.862
2026-05-22T09:00:00,8.460
2026-05-22T10:00:00,8.936
2026-05-22T11:00:00,10.127
2026-05-22T12:00:00,10.679
2026-05-22T13:00:00,11.568
2026-05-22T14:00:00,13.280
2026-05-22T15:00:00,13.665
2026-05-22T16:00:00,16.108
2026-05-22T17:00:00,14.790
2026-05-22T18:00:00,16.020
2026-05-22T19:00:00,18.701
2026-05-22T20:00:00,18.086
2026-05-22T21:00:00,17.329
2026-05-22T22:00:00,16.608
2026-05-22T23:00:00,15.666
2026-05-23T00:00:00,15.950
2026-05-23T01:00:00,13.373
2026-05-23T02:00:00,12.988
2026-05-23T03:00:00,10.980
2026-05-23T04:00:00,10.795
2026-05-23T05:00:00,9.933
2026-05-23T06:00:00,8.686
2026-05-23T07:00:00,9.431
2026-05-23T08:00:00,8.081
2026-05-23T09:00:00,8.735
2026-05-23T10:00:00,8.972
2026-05-23T11:00:00,9.563
2026-05-23T12:00:00,10.959
2026-05-23T13:00:00,12.607
2026-05-23T14:00:00,12.184
2026-05-23T15:00:00,15.573
2026-05-23T16:00:00,14.854
2026-05-23T17:00:00,16.398
2026-05-23T18:00:00,16.579
2026-05-23T19:00:00,14.843
2026-05-23T20:00:00,18.315
2026-05-23T21:00:00,16.771
2026-05-23T22:00:00,15.939
2026-05-23T23:00:00,14.832
2026-05-24T00:00:00,13.808
2026-05-24T01:00:00,13.711
2026-05-24T02:00:00,13.358
2026-05-24T03:00:00,11.321
2026-05-24T04:00:00,11.584
2026-05-24T05:00:00,9.385
2026-05-24T06:00:00,8.683
2026-05-24T07:00:00,8.763
2026-05-24T08:00:00,8.387
2026-05-24T09:00:00,9.135
2026-05-24T10:00:00,9.834
2026-05-24T11:00:00,9.708
2026-05-24T12:00:00,10.373
2026-05-24T13:00:00,11.518
2026-05-24T14:00:00,12.742
2026-05-24T15:00:00,14.487
2026-05-24T16:00:00,15.491
2026-05-24T17:00:00,16.075
2026-05-24T18:00:00,17.016
2026-05-24T19:00:00,18.525
2026-05-24T20:00:00,16.766
2026-05-24T21:00:00,15.391
2026-05-24T22:00:00,16.816
2026-05-24T23:00:00,15.102
2026-05-25T00:00:00,17.157
2026-05-25T01:00:00,12.985
2026-05-25T02:00:00,12.985
2026-05-25T03:00:00,11.658
2026-05-25T04:00:00,10.271
2026-05-25T05:00:00,9.487
2026-05-25T06:00:00,8.326
2026-05-25T07:00:00,8.630
2026-05-25T08:00:00,8.677
2026-05-25T09:00:00,8.513
2026-05-25T10:00:00,9.625
2026-05-25T11:00:00,10.022
2026-05-25T12:00:00,10.244
2026-05-25T13:00:00,11.847
2026-05-25T14:00:00,13.378
2026-05-25T15:00:00,12.855
2026-05-25T16:00:00,15.965
2026-05-25T17:00:00,16.182
2026-05-25T18:00:00,17.169
2026-05-25T19:00:00,16.378
2026-05-25T20:00:00,18.622
2026-05-25T21:00:00,17.972
2026-05-25T22:00:00,18.079
2026-05-25T23:00:00,17.040
2026-05-26T00:00:00,15.165
2026-05-26T01:00:00,13.239
2026-05-26T02:00:00,12.424
2026-05-26T03:00:00,11.306
2026-05-26T04:00:00,10.475
2026-05-26T05:00:00,8.359
2026-05-26T06:00:00,8.619
2026-05-26T07:00:00,8.366
2026-05-26T08:00:00,8.901
2026-05-26T09:00:00,7.771
2026-05-26T10:00:00,8.983
2026-05-26T11:00:00,11.291
2026-05-26T12:00:00,11.405
2026-05-26T13:00:00,11.550
2026-05-26T14:00:00,13.611
2026-05-26T15:00:00,13.465
2026-05-26T16:00:00,15.122
2026-05-26T17:00:00,16.233
2026-05-26T18:00:00,18.292
2026-05-26T19:00:00,17.341
2026-05-26T20:00:00,18.883
2026-05-26T21:00:00,16.478
2026-05-26T22:00:00,18.722
2026-05-26T23:00:00,15.086
2026-05-27T00:00:00,15.159
2026-05-27T01:00:00,14.011
2026-05-27T02:00:00,14.150
2026-05-27T03:00:00,10.538
2026-05-27T04:00:00,10.088
2026-05-27T05:00:00,11.073
2026-05-27T06:00:00,9.438
2026-05-27T07:00:00,8.449
2026-05-27T08:00:00,8.894
2026-05-27T09:00:00,8.679
2026-05-27T10:00:00,9.291
2026-05-27T11:00:00,9.240
2026-05-27T12:00:00,9.847
2026-05-27T13:00:00,11.872
2026-05-27T14:00:00,12.513
2026-05-27T15:00:00,13.372
2026-05-27T16:00:00,16.018
2026-05-27T17:00:00,16.897
2026-05-27T18:00:00,15.048
2026-05-27T19:00:00,16.545
2026-05-27T20:00:00,16.414
2026-05-27T21:00:00,18.095
2026-05-27T22:00:00,17.054
2026-05-27T23:00:00,17.635
2026-05-28T00:00:00,15.803
2026-05-28T01:00:00,12.634
2026-05-28T02:00:00,11.935
2026-05-28T03:00:00,12.570
2026-05-28T04:00:00,10.375
2026-05-28T05:00:00,8.769
2026-05-28T06:00:00,9.059
2026-05-28T07:00:00,8.846
2026-05-28T08:00:00,7.316
2026-05-28T09:00:00,8.643
2026-05-28T10:00:00,8.051
2026-05-28T11:00:00,9.087
2026-05-28T12:00:00,10.091
2026-05-28T13:00:00,11.675
2026-05-28T14:00:00,12.634
2026-05-28T15:00:00,15.204
2026-05-28T16:00:00,16.484
2026-05-28T17:00:00,15.715
2026-05-28T18:00:00,16.856
2026-05-28T19:00:00,19.051
2026-05-28T20:00:00,18.163
2026-05-28T21:00:00,17.654
2026-05-28T22:00:00,14.865
2026-05-28T23:00:00,17.136
2026-05-29T00:00:00,14.981
2026-05-29T01:00:00,12.847
2026-05-29T02:00:00,12.248
2026-05-29T03:00:00,10.713
2026-05-29T04:00:00,10.793
2026-05-29T05:00:00,9.800
2026-05-29T06:00:00,10.530
2026-05-29T07:00:00,8.313
2026-05-29T08:00:00,8.320
2026-05-29T09:00:00,8.380
2026-05-29T10:00:00,9.249
2026-05-29T11:00:00,9.509
2026-05-29T12:00:00,10.041
2026-05-29T13:00:00,11.342
2026-05-29T14:00:00,13.183
2026-05-29T15:00:00,14.732
2026-05-29T16:00:00,13.684
2026-05-29T17:00:00,15.531
2026-05-29T18:00:00,16.076
2026-05-29T19:00:00,16.524
2026-05-29T20:00:00,17.599
2026-05-29T21:00:00,18.156
2026-05-29T22:00:00,17.288
2026-05-29T23:00:00,16.170
2026-05-30T00:00:00,13.920
2026-05-30T01:00:00,14.656
2026-05-30T02:00:00,13.132
2026-05-30T03:00:00,11.868
2026-05-30T04:00:00,10.254
2026-05-30T05:00:00,10.486
2026-05-30T06:00:00,8.390
2026-05-30T07:00:00,8.430
2026-05-30T08:00:00,8.125
2026-05-30T09:00:00,9.858
2026-05-30T10:00:00,9.107
2026-05-30T11:00:00,9.690
2026-05-30T12:00:00,11.240
2026-05-30T13:00:00,11.658
2026-05-30T14:00:00,12.983
2026-05-30T15:00:00,13.682
2026-05-30T16:00:00,14.106
2026-05-30T17:00:00,15.707
2026-05-30T18:00:00,16.067
2026-05-30T19:00:00,17.374
2026-05-30T20:00:00,17.332
2026-05-30T21:00:00,17.416
2026-05-30T22:00:00,16.992
2026-05-30T23:00:00,16.141
2026-05-31T00:00:00,15.031
2026-05-31T01:00:00,13.954
2026-05-31T02:00:00,12.845
2026-05-31T03:00:00,10.568
2026-05-31T04:00:00,9.400
2026-05-31T05:00:00,10.005
2026-05-31T06:00:00,9.425
2026-05-31T07:00:00,9.187
2026-05-31T08:00:00,8.911
2026-05-31T09:00:00,8.616
2026-05-31T10:00:00,9.871
2026-05-31T11:00:00,9.438
2026-05-31T12:00:00,9.647
2026-05-31T13:00:00,11.427
2026-05-31T14:00:00,12.735
2026-05-31T15:00:00,16.205
2026-05-31T16:00:00,15.201
2026-05-31T17:00:00,16.914
2026-05-31T18:00:00,18.066
2026-05-31T19:00:00,18.424
2026-05-31T20:00:00,16.105
2026-05-31T21:00:00,16.420
2026-05-31T22:00:00,17.065
2026-05-31T23:00:00,15.457
2026-06-01T00:00:00,17.117
2026-06-01T01:00:00,13.208
2026-06-01T02:00:00,13.508
2026-06-01T03:00:00,11.255
2026-06-01T04:00:00,11.310
2026-06-01T05:00:00,9.117
2026-06-01T06:00:00,8.851
2026-06-01T07:00:00,8.579
2026-06-01T08:00:00,8.141
2026-06-01T09:00:00,8.985
2026-06-01T10:00:00,8.904
2026-06-01T11:00:00,10.356
2026-06-01T12:00:00,10.725
2026-06-01T13:00:00,12.642
2026-06-01T14:00:00,11.556
2026-06-01T15:00:00,14.115
2026-06-01T16:00:00,14.452
2026-06-01T17:00:00,15.555
2026-06-01T18:00:00,15.452
2026-06-01T19:00:00,17.618
2026-06-01T20:00:00,18.153
2026-06-01T21:00:00,16.805
2026-06-01T22:00:00,16.860
2026-06-01T23:00:00,15.693
2026-06-02T00:00:00,15.600
2026-06-02T01:00:00,12.694
2026-06-02T02:00:00,12.432
2026-06-02T03:00:00,11.985
2026-06-02T04:00:00,11.462
2026-06-02T05:00:00,10.126
2026-06-02T06:00:00,8.342
2026-06-02T07:00:00,8.530
2026-06-02T08:00:00,8.885
2026-06-02T09:00:00,8.226
2026-06-02T10:00:00,9.104
2026-06-02T11:00:00,9.573
2026-06-02T12:00:00,10.746
2026-06-02T13:00:00,11.001
2026-06-02T14:00:00,12.343
2026-06-02T15:00:00,12.772
2026-06-02T16:00:00,14.920
2026-06-02T17:00:00,15.316
2026-06-02T18:00:00,16.324
2026-06-02T19:00:00,18.071
2026-06-02T20:00:00,19.607
2026-06-02T21:00:00,18.352
2026-06-02T22:00:00,17.089
2026-06-02T23:00:00,14.314
2026-06-03T00:00:00,14.472
2026-06-03T01:00:00,14.296
2026-06-03T02:00:00,12.695
2026-06-03T03:00:00,11.495
2026-06-03T04:00:00,10.537
2026-06-03T05:00:00,9.343
2026-06-03T06:00:00,9.484
2026-06-03T07:00:00,7.590
2026-06-03T08:00:00,7.652
2026-06-03T09:00:00,8.110
2026-06-03T10:00:00,8.045
2026-06-03T11:00:00,9.944
2026-06-03T12:00:00,11.102
2026-06-03T13:00:00,11.885
2026-06-03T14:00:00,11.283
2026-06-03T15:00:00,13.234
2026-06-03T16:00:00,15.715
2026-06-03T17:00:00,15.099
2026-06-03T18:00:00,18.195
2026-06-03T19:00:00,18.736
2026-06-03T20:00:00,15.508
2026-06-03T21:00:00,15.841
2026-06-03T22:00:00,16.393
2026-06-03T23:00:00,15.845
2026-06-04T00:00:00,14.435
2026-06-04T01:00:00,13.195
2026-06-04T02:00:00,13.554
2026-06-04T03:00:00,11.307
2026-06-04T04:00:00,10.637
2026-06-04T05:00:00,10.285
2026-06-04T06:00:00,8.552
2026-06-04T07:00:00,8.694
2026-06-04T08:00:00,8.589
2026-06-04T09:00:00,8.321
2026-06-04T10:00:00,8.349
2026-06-04T11:00:00,8.892
2026-06-04T12:00:00,10.141
2026-06-04T13:00:00,12.040
2026-06-04T14:00:00,12.551
2026-06-04T15:00:00,14.114
2026-06-04T16:00:00,16.632
2026-06-04T17:00:00,16.454
2026-06-04T18:00:00,16.725
2026-06-04T19:00:00,19.190
2026-06-04T20:00:00,17.407
2026-06-04T21:00:00,18.401
2026-06-04T22:00:00,16.372
2026-06-04T23:00:00,15.391
2026-06-05T00:00:00,13.927
2026-06-05T01:00:00,13.608
2026-06-05T02:00:00,13.346
2026-06-05T03:00:00,11.741
2026-06-05T04:00:00,9.972
2026-06-05T05:00:00,9.773
2026-06-05T06:00:00,8.717
2026-06-05T07:00:00,9.060
2026-06-05T08:00:00,8.578
2026-06-05T09:00:00,8.511
2026-06-05T10:00:00,9.397
2026-06-05T11:00:00,9.933
2026-06-05T12:00:00,10.004
2026-06-05T13:00:00,12.474
2026-06-05T14:00:00,12.935
2026-06-05T15:00:00,12.656
2026-06-05T16:00:00,15.895
2026-06-05T17:00:00,14.892
2026-06-05T18:00:00,15.738
2026-06-05T19:00:00,18.565
2026-06-05T20:00:00,16.746
2026-06-05T21:00:00,18.274
2026-06-05T22:00:00,15.521
2026-06-05T23:00:00,16.633
2026-06-06T00:00:00,14.819
2026-06-06T01:00:00,13.000
2026-06-06T02:00:00,12.702
2026-06-06T03:00:00,10.780
2026-06-06T04:00:00,10.790
2026-06-06T05:00:00,8.769
2026-06-06T06:00:00,8.597
2026-06-06T07:00:00,7.054
2026-06-06T08:00:00,8.470
2026-06-06T09:00:00,8.729
2026-06-06T10:00:00,9.170
2026-06-06T11:00:00,8.962
2026-06-06T12:00:00,11.142
2026-06-06T13:00:00,11.565
2026-06-06T14:00:00,12.513
2026-06-06T15:00:00,13.432
2026-06-06T16:00:00,13.413
2026-06-06T17:00:00,15.678
2026-06-06T18:00:00,16.142
2026-06-06T19:00:00,18.634
2026-06-06T20:00:00,17.503
2026-06-06T21:00:00,17.283
2026-06-06T22:00:00,16.678
2026-06-06T23:00:00,14.503
2026-06-07T00:00:00,15.269
2026-06-07T01:00:00,13.355
2026-06-07T02:00:00,14.379
2026-06-07T03:00:00,11.395
2026-06-07T04:00:00,11.614
2026-06-07T05:00:00,9.260
2026-06-07T06:00:00,8.178
2026-06-07T07:00:00,8.040
2026-06-07T08:00:00,7.971
2026-06-07T09:00:00,8.107
2026-06-07T10:00:00,8.195
2026-06-07T11:00:00,9.722
2026-06-07T12:00:00,10.457
2026-06-07T13:00:00,11.395
2026-06-07T14:00:00,13.867
2026-06-07T15:00:00,13.935
2026-06-07T16:00:00,14.802
2026-06-07T17:00:00,14.998
2026-06-07T18:00:00,17.487
2026-06-07T19:00:00,17.758
2026-06-07T20:00:00,18.915
2026-06-07T21:00:00,18.006
2026-06-07T22:00:00,15.999
2026-06-07T23:00:00,16.825
2026-06-08T00:00:00,15.363
2026-06-08T01:00:00,14.153
2026-06-08T02:00:00,13.288
2026-06-08T03:00:00,12.601
2026-06-08T04:00:00,10.866
2026-06-08T05:00:00,8.435
2026-06-08T06:00:00,10.222
2026-06-08T07:00:00,8.219
2026-06-08T08:00:00,8.553
2026-06-08T09:00:00,8.356
2026-06-08T10:00:00,8.838
2026-06-08T11:00:00,9.735
2026-06-08T12:00:00,10.344
2026-06-08T13:00:00,12.424
2026-06-08T14:00:00,13.082
2026-06-08T15:00:00,13.304
2026-06-08T16:00:00,13.227
2026-06-08T17:00:00,16.621
2026-06-08T18:00:00,17.321
2026-06-08T19:00:00,19.823
2026-06-08T20:00:00,16.590
2026-06-08T21:00:00,16.760
2026-06-08T22:00:00,17.559
2026-06-08T23:00:00,14.522
2026-06-09T00:00:00,15.255
2026-06-09T01:00:00,15.194
2026-06-09T02:00:00,12.486
2026-06-09T03:00:00,11.061
2026-06-09T04:00:00,11.876
2026-06-09T05:00:00,9.350
2026-06-09T06:00:00,8.627
2026-06-09T07:00:00,8.195
2026-06-09T08:00:00,8.553
2026-06-09T09:00:00,8.500
2026-06-09T10:00:00,9.507
2026-06-09T11:00:00,9.729
2026-06-09T12:00:00,9.859
2026-06-09T13:00:00,11.515
2026-06-09T14:00:00,12.291
2026-06-09T15:00:00,13.749
2026-06-09T16:00:00,16.480
2026-06-09T17:00:00,16.363
2026-06-09T18:00:00,16.533
2026-06-09T19:00:00,17.306
2026-06-09T20:00:00,14.974
2026-06-09T21:00:00,17.427
2026-06-09T22:00:00,16.230
2026-06-09T23:00:00,17.377
2026-06-10T00:00:00,15.666
2026-06-10T01:00:00,14.024
2026-06-10T02:00:00,12.884
2026-06-10T03:00:00,13.068
2026-06-10T04:00:00,10.806
2026-06-10T05:00:00,9.790
2026-06-10T06:00:00,8.948
2026-06-10T07:00:00,9.161
2026-06-10T08:00:00,8.812
2026-06-10T09:00:00,8.007
2026-06-10T10:00:00,9.420
2026-06-10T11:00:00,9.449
2026-06-10T12:00:00,11.368
2026-06-10T13:00:00,12.071
2026-06-10T14:00:00,13.331
2026-06-10T15:00:00,15.125
2026-06-10T16:00:00,15.267
2026-06-10T17:00:00,15.166
2026-06-10T18:00:00,16.133
2026-06-10T19:00:00,17.602
2026-06-10T20:00:00,18.086
2026-06-10T21:00:00,17.003
2026-06-10T22:00:00,16.025
2026-06-10T23:00:00,14.058
2026-06-11T00:00:00,15.170
2026-06-11T01:00:00,14.626
2026-06-11T02:00:00,11.969
2026-06-11T03:00:00,13.024
2026-06-11T04:00:00,10.175
2026-06-11T05:00:00,10.679
2026-06-11T06:00:00,9.519
2026-06-11T07:00:00,8.056
2026-06-11T08:00:00,7.984
2026-06-11T09:00:00,10.036
2026-06-11T10:00:00,8.706
2026-06-11T11:00:00,9.783
2026-06-11T12:00:00,10.116
2026-06-11T13:00:00,11.130
2026-06-11T14:00:00,12.692
2026-06-11T15:00:00,13.278
2026-06-11T16:00:00,15.433
2026-06-11T17:00:00,16.120
2026-06-11T18:00:00,14.212
2026-06-11T19:00:00,16.172
2026-06-11T20:00:00,16.633
2026-06-11T21:00:00,18.467
2026-06-11T22:00:00,16.842
2026-06-11T23:00:00,15.679
2026-06-12T00:00:00,17.193
2026-06-12T01:00:00,13.004
2026-06-12T02:00:00,12.786
2026-06-12T03:00:00,11.133
2026-06-12T04:00:00,10.839
2026-06-12T05:00:00,8.972
2026-06-12T06:00:00,9.543
2026-06-12T07:00:00,8.689
2026-06-12T08:00:00,7.327
2026-06-12T09:00:00,8.646
2026-06-12T10:00:00,9.151
2026-06-12T11:00:00,9.214
2026-06-12T12:00:00,11.967
2026-06-12T13:00:00,11.997
2026-06-12T14:00:00,13.713
2026-06-12T15:00:00,14.326
2026-06-12T16:00:00,14.678
2026-06-12T17:00:00,16.041
2026-06-12T18:00:00,16.560
2026-06-12T19:00:00,15.456
2026-06-12T20:00:00,16.895
2026-06-12T21:00:00,15.250
2026-06-12T22:00:00,16.650
2026-06-12T23:00:00,16.050
2026-06-13T00:00:00,15.254
2026-06-13T01:00:00,13.135
2026-06-13T02:00:00,12.688
2026-06-13T03:00:00,11.648
2026-06-13T04:00:00,10.785
2026-06-13T05:00:00,9.083
2026-06-13T06:00:00,8.815
2026-06-13T07:00:00,8.758
2026-06-13T08:00:00,8.267
2026-06-13T09:00:00,8.633
2026-06-13T10:00:00,8.814
2026-06-13T11:00:00,10.244
2026-06-13T12:00:00,10.078
2026-06-13T13:00:00,11.516
2026-06-13T14:00:00,12.975
2026-06-13T15:00:00,14.831
2026-06-13T16:00:00,14.000
2026-06-13T17:00:00,17.017
2026-06-13T18:00:00,17.142
2026-06-13T19:00:00,16.361
2026-06-13T20:00:00,17.393
2026-06-13T21:00:00,16.797
2026-06-13T22:00:00,15.365
2026-06-13T23:00:00,15.046
2026-06-14T00:00:00,14.966
2026-06-14T01:00:00,12.757
2026-06-14T02:00:00,13.549
2026-06-14T03:00:00,11.989
2026-06-14T04:00:00,11.166
2026-06-14T05:00:00,9.394
2026-06-14T06:00:00,8.472
2026-06-14T07:00:00,8.474
2026-06-14T08:00:00,8.146
2026-06-14T09:00:00,8.013
2026-06-14T10:00:00,8.124
2026-06-14T11:00:00,9.288
2026-06-14T12:00:00,11.460
2026-06-14T13:00:00,11.856
2026-06-14T14:00:00,12.734
2026-06-14T15:00:00,14.475
2026-06-14T16:00:00,15.680
2026-06-14T17:00:00,14.206
2026-06-14T18:00:00,17.083
2026-06-14T19:00:00,15.817
2026-06-14T20:00:00,16.776
2026-06-14T21:00:00,15.606
2026-06-14T22:00:00,16.420
2026-06-14T23:00:00,17.274
2026-06-15T00:00:00,13.746
2026-06-15T01:00:00,14.941
2026-06-15T02:00:00,12.912
2026-06-15T03:00:00,11.257
2026-06-15T04:00:00,9.193
2026-06-15T05:00:00,9.074
2026-06-15T06:00:00,8.443
2026-06-15T07:00:00,8.619
2026-06-15T08:00:00,8.046
2026-06-15T09:00:00,7.991
2026-06-15T10:00:00,8.675
2026-06-15T11:00:00,9.422
2026-06-15T12:00:00,10.690
2026-06-15T13:00:00,11.110
2026-06-15T14:00:00,12.614
2026-06-15T15:00:00,14.826
2026-06-15T16:00:00,16.340
2026-06-15T17:00:00,16.121
2026-06-15T18:00:00,16.190
2026-06-15T19:00:00,17.287
2026-06-15T20:00:00,18.441
2026-06-15T21:00:00,17.616
2026-06-15T22:00:00,16.000
2026-06-15T23:00:00,16.979
2026-06-16T00:00:00,15.561
2026-06-16T01:00:00,14.645
2026-06-16T02:00:00,13.551
2026-06-16T03:00:00,11.271
2026-06-16T04:00:00,11.080
2026-06-16T05:00:00,10.587
2026-06-16T06:00:00,8.976
2026-06-16T07:00:00,8.151
2026-06-16T08:00:00,8.733
2026-06-16T09:00:00,8.586
2026-06-16T10:00:00,9.201
2026-06-16T11:00:00,10.162
2026-06-16T12:00:00,10.481
2026-06-16T13:00:00,10.724
2026-06-16T14:00:00,13.016
2026-06-16T15:00:00,12.635
2026-06-16T16:00:00,15.749
2026-06-16T17:00:00,15.988
2026-06-16T18:00:00,14.595
2026-06-16T19:00:00,15.920
2026-06-16T20:00:00,17.488
2026-06-16T21:00:00,17.617
2026-06-16T22:00:00,15.684
2026-06-16T23:00:00,15.336
2026-06-17T00:00:00,15.054
2026-06-17T01:00:00,13.987
2026-06-17T02:00:00,11.778
2026-06-17T03:00:00,11.285
2026-06-17T04:00:00,10.968
2026-06-17T05:00:00,9.243
2026-06-17T06:00:00,8.949
2026-06-17T07:00:00,8.654
2026-06-17T08:00:00,8.775
2026-06-17T09:00:00,8.918
2026-06-17T10:00:00,8.476
2026-06-17T11:00:00,8.956
2026-06-17T12:00:00,10.186
2026-06-17T13:00:00,11.622
2026-06-17T14:00:00,13.104
2026-06-17T15:00:00,13.714
2026-06-17T16:00:00,14.413
2026-06-17T17:00:00,15.792
2026-06-17T18:00:00,14.971
2026-06-17T19:00:00,18.734
2026-06-17T20:00:00,18.164
2026-06-17T21:00:00,16.289
2026-06-17T22:00:00,15.893
2026-06-17T23:00:00,16.020
2026-06-18T00:00:00,17.149
2026-06-18T01:00:00,15.346
2026-06-18T02:00:00,11.853
2026-06-18T03:00:00,12.313
2026-06-18T04:00:00,9.917
2026-06-18T05:00:00,10.236
2026-06-18T06:00:00,8.537
2026-06-18T07:00:00,9.275
2026-06-18T08:00:00,8.844
2026-06-18T09:00:00,9.070
2026-06-18T10:00:00,8.566
2026-06-18T11:00:00,9.899
2026-06-18T12:00:00,9.757
2026-06-18T13:00:00,12.072
2026-06-18T14:00:00,13.371
2026-06-18T15:00:00,14.432
2026-06-18T16:00:00,16.436
2026-06-18T17:00:00,17.320
2026-06-18T18:00:00,15.059
2026-06-18T19:00:00,17.348
2026-06-18T20:00:00,16.867
2026-06-18T21:00:00,17.556
2026-06-18T22:00:00,15.751
2026-06-18T23:00:00,16.136
2026-06-19T00:00:00,15.353
2026-06-19T01:00:00,14.538
2026-06-19T02:00:00,12.486
2026-06-19T03:00:00,11.960
2026-06-19T04:00:00,10.931
2026-06-19T05:00:00,9.306
2026-06-19T06:00:00,9.917
2026-06-19T07:00:00,8.311
2026-06-19T08:00:00,8.281
2026-06-19T09:00:00,8.536
2026-06-19T10:00:00,9.941
2026-06-19T11:00:00,9.462
2026-06-19T12:00:00,10.341
2026-06-19T13:00:00,10.951
2026-06-19T14:00:00,12.301
2026-06-19T15:00:00,14.198
2026-06-19T16:00:00,15.189
2026-06-19T17:00:00,16.733
2026-06-19T18:00:00,18.384
2026-06-19T19:00:00,16.280
2026-06-19T20:00:00,19.530
2026-06-19T21:00:00,16.375
2026-06-19T22:00:00,18.546
2026-06-19T23:00:00,15.089
2026-06-20T00:00:00,14.788
2026-06-20T01:00:00,13.708
2026-06-20T02:00:00,13.940
2026-06-20T03:00:00,11.177
2026-06-20T04:00:00,10.266
2026-06-20T05:00:00,9.317
2026-06-20T06:00:00,8.875
2026-06-20T07:00:00,8.548
2026-06-20T08:00:00,7.667
2026-06-20T09:00:00,8.761
2026-06-20T10:00:00,9.876
2026-06-20T11:00:00,10.827
2026-06-20T12:00:00,10.957
2026-06-20T13:00:00,11.379
2026-06-20T14:00:00,13.339
2026-06-20T15:00:00,14.052
2026-06-20T16:00:00,14.444
2026-06-20T17:00:00,17.977
2026-06-20T18:00:00,16.130
2026-06-20T19:00:00,15.729
2026-06-20T20:00:00,17.063
2026-06-20T21:00:00,17.004
2026-06-20T22:00:00,15.540
2026-06-20T23:00:00,17.103
2026-06-21T00:00:00,15.727
2026-06-21T01:00:00,13.119
2026-06-21T02:00:00,13.094
2026-06-21T03:00:00,11.622
2026-06-21T04:00:00,10.310
2026-06-21T05:00:00,9.288
2026-06-21T06:00:00,8.884
2026-06-21T07:00:00,8.260
2026-06-21T08:00:00,7.634
2026-06-21T09:00:00,8.208
2026-06-21T10:00:00,8.581
2026-06-21T11:00:00,9.961
2026-06-21T12:00:00,10.635
2026-06-21T13:00:00,11.013
2026-06-21T14:00:00,12.407
2026-06-21T15:00:00,14.066
2026-06-21T16:00:00,15.443
2026-06-21T17:00:00,17.402
2026-06-21T18:00:00,16.199
2026-06-21T19:00:00,15.964
2026-06-21T20:00:00,17.057
2026-06-21T21:00:00,17.965
2026-06-21T22:00:00,14.700
2026-06-21T23:00:00,16.958
2026-06-22T00:00:00,14.725
2026-06-22T01:00:00,11.695
2026-06-22T02:00:00,12.463
2026-06-22T03:00:00,11.247
2026-06-22T04:00:00,9.609
2026-06-22T05:00:00,9.012
2026-06-22T06:00:00,9.301
2026-06-22T07:00:00,8.551
2026-06-22T08:00:00,8.024
2026-06-22T09:00:00,7.925
2026-06-22T10:00:00,8.889
2026-06-22T11:00:00,9.382
2026-06-22T12:00:00,9.841
2026-06-22T13:00:00,10.258
2026-06-22T14:00:00,12.522
2026-06-22T15:00:00,13.986
2026-06-22T16:00:00,13.683
2026-06-22T17:00:00,15.998
2026-06-22T18:00:00,16.886
2026-06-22T19:00:00,15.708
2026-06-22T20:00:00,17.073
2026-06-22T21:00:00,18.856
2026-06-22T22:00:00,15.466
2026-06-22T23:00:00,16.413
2026-06-23T00:00:00,15.352
2026-06-23T01:00:00,14.189
2026-06-23T02:00:00,13.105
2026-06-23T03:00:00,9.956
2026-06-23T04:00:00,11.042
2026-06-23T05:00:00,9.970
2026-06-23T06:00:00,8.933
2026-06-23T07:00:00,8.808
2026-06-23T08:00:00,8.028
2026-06-23T09:00:00,8.370
2026-06-23T10:00:00,8.960
2026-06-23T11:00:00,9.590
2026-06-23T12:00:00,10.082
2026-06-23T13:00:00,11.396
2026-06-23T14:00:00,13.661
2026-06-23T15:00:00,14.729
2026-06-23T16:00:00,14.869
2026-06-23T17:00:00,16.596
2026-06-23T18:00:00,17.084
2026-06-23T19:00:00,17.518
2026-06-23T20:00:00,18.156
2026-06-23T21:00:00,17.939
2026-06-23T22:00:00,15.849
2026-06-23T23:00:00,15.316
2026-06-24T00:00:00,14.071
2026-06-24T01:00:00,13.915
2026-06-24T02:00:00,12.669
2026-06-24T03:00:00,12.248
2026-06-24T04:00:00,11.081
2026-06-24T05:00:00,9.299
2026-06-24T06:00:00,8.471
2026-06-24T07:00:00,8.139
2026-06-24T08:00:00,8.282
2026-06-24T09:00:00,8.501
2026-06-24T10:00:00,8.546
2026-06-24T11:00:00,9.251
2026-06-24T12:00:00,10.399
2026-06-24T13:00:00,10.886
2026-06-24T14:00:00,12.722
2026-06-24T15:00:00,13.155
2026-06-24T16:00:00,14.679
2026-06-24T17:00:00,15.614
2026-06-24T18:00:00,14.774
2026-06-24T19:00:00,15.886
2026-06-24T20:00:00,17.083
2026-06-24T21:00:00,16.763
2026-06-24T22:00:00,16.925
2026-06-24T23:00:00,17.368
2026-06-25T00:00:00,15.294
2026-06-25T01:00:00,12.738
2026-06-25T02:00:00,13.623
2026-06-25T03:00:00,11.979
2026-06-25T04:00:00,9.652
2026-06-25T05:00:00,10.034
2026-06-25T06:00:00,9.478
2026-06-25T07:00:00,8.507
2026-06-25T08:00:00,8.036
2026-06-25T09:00:00,8.378
2026-06-25T10:00:00,8.952
2026-06-25T11:00:00,9.703
2026-06-25T12:00:00,9.958
2026-06-25T13:00:00,10.704
2026-06-25T14:00:00,12.280
2026-06-25T15:00:00,14.110
2026-06-25T16:00:00,16.439
2026-06-25T17:00:00,15.309
2026-06-25T18:00:00,14.904
2026-06-25T19:00:00,17.480
2026-06-25T20:00:00,17.454
2026-06-25T21:00:00,18.315
2026-06-25T22:00:00,17.563
2026-06-25T23:00:00,15.604
2026-06-26T00:00:00,14.867
2026-06-26T01:00:00,12.636
2026-06-26T02:00:00,12.516
2026-06-26T03:00:00,11.873
2026-06-26T04:00:00,11.120
2026-06-26T05:00:00,9.726
2026-06-26T06:00:00,8.413
2026-06-26T07:00:00,8.735
2026-06-26T08:00:00,8.628
2026-06-26T09:00:00,8.420
2026-06-26T10:00:00,9.278
2026-06-26T11:00:00,9.652
2026-06-26T12:00:00,9.974
2026-06-26T13:00:00,11.099
2026-06-26T14:00:00,11.855
2026-06-26T15:00:00,13.472
2026-06-26T16:00:00,16.761
2026-06-26T17:00:00,14.399
2026-06-26T18:00:00,16.627
2026-06-26T19:00:00,17.289
2026-06-26T20:00:00,16.972
2026-06-26T21:00:00,16.560
2026-06-26T22:00:00,16.705
2026-06-26T23:00:00,15.860
2026-06-27T00:00:00,16.328
2026-06-27T01:00:00,13.352
2026-06-27T02:00:00,11.729
2026-06-27T03:00:00,10.310
2026-06-27T04:00:00,10.757
2026-06-27T05:00:00,10.234
2026-06-27T06:00:00,8.330
2026-06-27T07:00:00,8.113
2026-06-27T08:00:00,8.538
2026-06-27T09:00:00,8.653
2026-06-27T10:00:00,8.037
2026-06-27T11:00:00,9.214
2026-06-27T12:00:00,10.019
2026-06-27T13:00:00,11.399
2026-06-27T14:00:00,12.817
2026-06-27T15:00:00,13.224
2026-06-27T16:00:00,15.178
2026-06-27T17:00:00,15.601
2026-06-27T18:00:00,16.643
2026-06-27T19:00:00,16.182
2026-06-27T20:00:00,18.026
2026-06-27T21:00:00,17.144
2026-06-27T22:00:00,17.437
2026-06-27T23:00:00,15.174
2026-06-28T00:00:00,15.381
2026-06-28T01:00:00,13.219
2026-06-28T02:00:00,12.670
2026-06-28T03:00:00,11.420
2026-06-28T04:00:00,10.083
2026-06-28T05:00:00,8.511
2026-06-28T06:00:00,9.917
2026-06-28T07:00:00,8.828
2026-06-28T08:00:00,9.656
2026-06-28T09:00:00,7.989
2026-06-28T10:00:00,8.812
2026-06-28T11:00:00,8.470
2026-06-28T12:00:00,11.443
2026-06-28T13:00:00,11.910
2026-06-28T14:00:00,12.668
2026-06-28T15:00:00,13.719
2026-06-28T16:00:00,14.786
2026-06-28T17:00:00,16.729
2026-06-28T18:00:00,18.469
2026-06-28T19:00:00,18.495
2026-06-28T20:00:00,17.251
2026-06-28T21:00:00,17.488
2026-06-28T22:00:00,16.665
2026-06-28T23:00:00,15.131
2026-06-29T00:00:00,15.244
2026-06-29T01:00:00,13.196
2026-06-29T02:00:00,11.742
2026-06-29T03:00:00,11.957
2026-06-29T04:00:00,10.362
2026-06-29T05:00:00,9.630
2026-06-29T06:00:00,9.019
2026-06-29T07:00:00,9.070
2026-06-29T08:00:00,8.394
2026-06-29T09:00:00,8.407
2026-06-29T10:00:00,9.313
2026-06-29T11:00:00,9.243
2026-06-29T12:00:00,11.508
2026-06-29T13:00:00,10.760
2026-06-29T14:00:00,11.329
2026-06-29T15:00:00,14.007
2026-06-29T16:00:00,15.017
2026-06-29T17:00:00,16.161
2026-06-29T18:00:00,17.018
2026-06-29T19:00:00,15.497
2026-06-29T20:00:00,17.020
2026-06-29T21:00:00,17.026
2026-06-29T22:00:00,15.360
2026-06-29T23:00:00,16.189
2026-06-30T00:00:00,16.924
2026-06-30T01:00:00,13.656
2026-06-30T02:00:00,13.644
2026-06-30T03:00:00,11.735
2026-06-30T04:00:00,10.559
2026-06-30T05:00:00,10.283
2026-06-30T06:00:00,8.128
2026-06-30T07:00:00,7.883
2026-06-30T08:00:00,8.876
2026-06-30T09:00:00,8.074
2026-06-30T10:00:00,8.958
2026-06-30T11:00:00,10.634
2026-06-30T12:00:00,10.100
2026-06-30T13:00:00,10.112
2026-06-30T14:00:00,13.286
2026-06-30T15:00:00,13.669
2026-06-30T16:00:00,16.164
2026-06-30T17:00:00,15.469
2026-06-30T18:00:00,16.564
2026-06-30T19:00:00,16.107
2026-06-30T20:00:00,15.596
2026-06-30T21:00:00,16.703
2026-06-30T22:00:00,17.473
2026-06-30T23:00:00,15.265
2026-07-01T00:00:00,14.182
2026-07-01T01:00:00,13.400
2026-07-01T02:00:00,11.920
2026-07-01T03:00:00,10.091
2026-07-01T04:00:00,10.787
2026-07-01T05:00:00,8.474
2026-07-01T06:00:00,8.063
2026-07-01T07:00:00,7.895
2026-07-01T08:00:00,6.876
2026-07-01T09:00:00,8.353
2026-07-01T10:00:00,8.089
2026-07-01T11:00:00,8.897
2026-07-01T12:00:00,8.745
2026-07-01T13:00:00,10.617
2026-07-01T14:00:00,12.985
2026-07-01T15:00:00,11.821
2026-07-01T16:00:00,13.289
2026-07-01T17:00:00,14.652
2026-07-01T18:00:00,14.201
2026-07-01T19:00:00,15.450
2026-07-01T20:00:00,15.869
2026-07-01T21:00:00,15.309
2026-07-01T22:00:00,15.391
2026-07-01T23:00:00,15.552
2026-07-02T00:00:00,16.191
2026-07-02T01:00:00,12.630
2026-07-02T02:00:00,10.656
2026-07-02T03:00:00,11.406
2026-07-02T04:00:00,10.317
2026-07-02T05:00:00,9.212
2026-07-02T06:00:00,8.417
2026-07-02T07:00:00,7.695
2026-07-02T08:00:00,7.149
2026-07-02T09:00:00,8.730
2026-07-02T10:00:00,8.224
2026-07-02T11:00:00,9.198
2026-07-02T12:00:00,10.380
2026-07-02T13:00:00,11.310
2026-07-02T14:00:00,13.046
2026-07-02T15:00:00,13.337
2026-07-02T16:00:00,15.426
2026-07-02T17:00:00,15.976
2026-07-02T18:00:00,15.018
2026-07-02T19:00:00,15.957
2026-07-02T20:00:00,15.672
2026-07-02T21:00:00,15.334
2026-07-02T22:00:00,15.753
2026-07-02T23:00:00,12.797
2026-07-03T00:00:00,13.913
2026-07-03T01:00:00,13.158
2026-07-03T02:00:00,11.282
2026-07-03T03:00:00,10.678
2026-07-03T04:00:00,10.342
2026-07-03T05:00:00,8.762
2026-07-03T06:00:00,7.909
2026-07-03T07:00:00,7.407
2026-07-03T08:00:00,7.835
2026-07-03T09:00:00,7.504
2026-07-03T10:00:00,8.387
2026-07-03T11:00:00,9.569
2026-07-03T12:00:00,10.145
2026-07-03T13:00:00,11.249
2026-07-03T14:00:00,11.682
2026-07-03T15:00:00,14.071
2026-07-03T16:00:00,13.515
2026-07-03T17:00:00,14.480
2026-07-03T18:00:00,15.365
2026-07-03T19:00:00,14.890
2026-07-03T20:00:00,14.682
2026-07-03T21:00:00,15.177
2026-07-03T22:00:00,15.660
2026-07-03T23:00:00,14.025
2026-07-04T00:00:00,14.777
2026-07-04T01:00:00,13.058
2026-07-04T02:00:00,11.187
2026-07-04T03:00:00,10.211
2026-07-04T04:00:00,9.665
2026-07-04T05:00:00,8.651
2026-07-04T06:00:00,9.606
2026-07-04T07:00:00,8.258
2026-07-04T08:00:00,7.906
2026-07-04T09:00:00,7.865
2026-07-04T10:00:00,7.880
2026-07-04T11:00:00,9.029
2026-07-04T12:00:00,8.862
2026-07-04T13:00:00,11.535
2026-07-04T14:00:00,11.702
2026-07-04T15:00:00,12.765
2026-07-04T16:00:00,14.411
2026-07-04T17:00:00,14.845
2026-07-04T18:00:00,16.980
2026-07-04T19:00:00,14.812
2026-07-04T20:00:00,16.357
2026-07-04T21:00:00,16.898
2026-07-04T22:00:00,15.671
2026-07-04T23:00:00,14.278
2026-07-05T00:00:00,13.803
2026-07-05T01:00:00,11.821
2026-07-05T02:00:00,11.514
2026-07-05T03:00:00,9.797
2026-07-05T04:00:00,9.779
2026-07-05T05:00:00,9.386
2026-07-05T06:00:00,7.040
2026-07-05T07:00:00,8.320
2026-07-05T08:00:00,8.552
2026-07-05T09:00:00,7.418
2026-07-05T10:00:00,8.327
2026-07-05T11:00:00,8.383
2026-07-05T12:00:00,10.297
2026-07-05T13:00:00,11.327
2026-07-05T14:00:00,12.452
2026-07-05T15:00:00,13.835
2026-07-05T16:00:00,13.490
2026-07-05T17:00:00,14.331
2026-07-05T18:00:00,14.747
2026-07-05T19:00:00,15.490
2026-07-05T20:00:00,15.549
2026-07-05T21:00:00,14.959
2026-07-05T22:00:00,16.005
2026-07-05T23:00:00,14.883
2026-07-06T00:00:00,13.933
2026-07-06T01:00:00,12.713
2026-07-06T02:00:00,12.433
2026-07-06T03:00:00,10.188
2026-07-06T04:00:00,9.252
2026-07-06T05:00:00,8.777
2026-07-06T06:00:00,8.067
2026-07-06T07:00:00,8.188
2026-07-06T08:00:00,6.642
2026-07-06T09:00:00,7.192
2026-07-06T10:00:00,8.380
2026-07-06T11:00:00,9.433
2026-07-06T12:00:00,9.006
2026-07-06T13:00:00,11.765
2026-07-06T14:00:00,12.060
2026-07-06T15:00:00,12.520
2026-07-06T16:00:00,14.294
2026-07-06T17:00:00,13.614
2026-07-06T18:00:00,15.377
2026-07-06T19:00:00,15.362
2026-07-06T20:00:00,14.248
2026-07-06T21:00:00,15.332
2026-07-06T22:00:00,15.147
2026-07-06T23:00:00,15.624
2026-07-07T00:00:00,15.451
2026-07-07T01:00:00,12.438
2026-07-07T02:00:00,12.739
2026-07-07T03:00:00,11.033
2026-07-07T04:00:00,10.171
2026-07-07T05:00:00,8.176
2026-07-07T06:00:00,8.534
2026-07-07T07:00:00,7.162
2026-07-07T08:00:00,8.058
2026-07-07T09:00:00,7.912
2026-07-07T10:00:00,8.519
2026-07-07T11:00:00,9.192
2026-07-07T12:00:00,9.688
2026-07-07T13:00:00,10.080
2026-07-07T14:00:00,10.811
2026-07-07T15:00:00,11.876
2026-07-07T16:00:00,15.524
2026-07-07T17:00:00,15.490
2026-07-07T18:00:00,16.086
2026-07-07T19:00:00,16.100
2026-07-07T20:00:00,16.356
2026-07-07T21:00:00,15.551
2026-07-07T22:00:00,13.905
2026-07-07T23:00:00,13.164
2026-07-08T00:00:00,15.048
2026-07-08T01:00:00,12.841
2026-07-08T02:00:00,12.081
2026-07-08T03:00:00,10.743
2026-07-08T04:00:00,10.110
2026-07-08T05:00:00,9.400
2026-07-08T06:00:00,7.820
2026-07-08T07:00:00,7.887
2026-07-08T08:00:00,7.472
2026-07-08T09:00:00,7.886
2026-07-08T10:00:00,8.256
2026-07-08T11:00:00,8.794
2026-07-08T12:00:00,9.675
2026-07-08T13:00:00,11.879
2026-07-08T14:00:00,12.795
2026-07-08T15:00:00,12.838
2026-07-08T16:00:00,14.469
2026-07-08T17:00:00,15.266
2026-07-08T18:00:00,15.401
2026-07-08T19:00:00,15.295
2026-07-08T20:00:00,15.608
2026-07-08T21:00:00,16.560
2026-07-08T22:00:00,14.821
2026-07-08T23:00:00,15.081
2026-07-09T00:00:00,14.725
2026-07-09T01:00:00,12.949
2026-07-09T02:00:00,11.827
2026-07-09T03:00:00,10.823
2026-07-09T04:00:00,10.252
2026-07-09T05:00:00,9.119
2026-07-09T06:00:00,8.036
2026-07-09T07:00:00,7.787
2026-07-09T08:00:00,8.204
2026-07-09T09:00:00,7.590
2026-07-09T10:00:00,9.187
2026-07-09T11:00:00,9.507
2026-07-09T12:00:00,10.273
2026-07-09T13:00:00,11.346
2026-07-09T14:00:00,12.414
2026-07-09T15:00:00,12.829
2026-07-09T16:00:00,13.990
2026-07-09T17:00:00,15.020
2026-07-09T18:00:00,14.896
2026-07-09T19:00:00,15.399
2026-07-09T20:00:00,15.593
2026-07-09T21:00:00,16.147
2026-07-09T22:00:00,15.038
2026-07-09T23:00:00,14.852
2026-07-10T00:00:00,14.653
2026-07-10T01:00:00,11.971
2026-07-10T02:00:00,12.047
2026-07-10T03:00:00,10.479
2026-07-10T04:00:00,10.264
2026-07-10T05:00:00,8.092
2026-07-10T06:00:00,8.104
2026-07-10T07:00:00,7.969
2026-07-10T08:00:00,7.624
2026-07-10T09:00:00,7.133
2026-07-10T10:00:00,8.479
2026-07-10T11:00:00,8.748
2026-07-10T12:00:00,9.216
2026-07-10T13:00:00,10.967
2026-07-10T14:00:00,11.680
2026-07-10T15:00:00,13.324
2026-07-10T16:00:00,14.631
2026-07-10T17:00:00,14.432
2026-07-10T18:00:00,15.473
2026-07-10T19:00:00,15.669
2026-07-10T20:00:00,16.795
2026-07-10T21:00:00,15.297
2026-07-10T22:00:00,15.194
2026-07-10T23:00:00,14.855
2026-07-11T00:00:00,14.564
2026-07-11T01:00:00,13.067
2026-07-11T02:00:00,12.963
2026-07-11T03:00:00,10.926
2026-07-11T04:00:00,9.661
2026-07-11T05:00:00,8.340
2026-07-11T06:00:00,8.071
2026-07-11T07:00:00,7.959
2026-07-11T08:00:00,6.808
2026-07-11T09:00:00,7.285
2026-07-11T10:00:00,8.727
2026-07-11T11:00:00,8.744
2026-07-11T12:00:00,9.609
2026-07-11T13:00:00,9.023
2026-07-11T14:00:00,11.617
2026-07-11T15:00:00,14.722
2026-07-11T16:00:00,13.848
2026-07-11T17:00:00,14.882
2026-07-11T18:00:00,14.985
2026-07-11T19:00:00,17.016
2026-07-11T20:00:00,16.062
2026-07-11T21:00:00,16.761
2026-07-11T22:00:00,15.253
2026-07-11T23:00:00,15.087
2026-07-12T00:00:00,12.851
2026-07-12T01:00:00,13.738
2026-07-12T02:00:00,11.229
2026-07-12T03:00:00,10.768
2026-07-12T04:00:00,10.073
2026-07-12T05:00:00,8.828
2026-07-12T06:00:00,7.118
2026-07-12T07:00:00,8.344
2026-07-12T08:00:00,7.484
2026-07-12T09:00:00,7.659
2026-07-12T10:00:00,8.196
2026-07-12T11:00:00,9.336
2026-07-12T12:00:00,9.266
2026-07-12T13:00:00,10.217
2026-07-12T14:00:00,11.951
2026-07-12T15:00:00,13.061
2026-07-12T16:00:00,12.143
2026-07-12T17:00:00,15.413
2026-07-12T18:00:00,15.789
2026-07-12T19:00:00,17.002
2026-07-12T20:00:00,15.506
2026-07-12T21:00:00,15.685
2026-07-12T22:00:00,15.120
2026-07-12T23:00:00,14.196
2026-07-13T00:00:00,14.721
2026-07-13T01:00:00,12.284
2026-07-13T02:00:00,12.451
2026-07-13T03:00:00,11.307
2026-07-13T04:00:00,10.189
2026-07-13T05:00:00,9.330
2026-07-13T06:00:00,9.040
2026-07-13T07:00:00,8.395
2026-07-13T08:00:00,7.311
2026-07-13T09:00:00,8.122
2026-07-13T10:00:00,9.072
2026-07-13T11:00:00,9.166
2026-07-13T12:00:00,8.512
2026-07-13T13:00:00,10.774
2026-07-13T14:00:00,12.947
2026-07-13T15:00:00,12.323
2026-07-13T16:00:00,13.317
2026-07-13T17:00:00,14.896
2026-07-13T18:00:00,17.353
2026-07-13T19:00:00,16.352
2026-07-13T20:00:00,14.674
2026-07-13T21:00:00,16.159
2026-07-13T22:00:00,15.664
2026-07-13T23:00:00,14.435
2026-07-14T00:00:00,14.854
2026-07-14T01:00:00,12.187
2026-07-14T02:00:00,12.312
2026-07-14T03:00:00,10.809
2026-07-14T04:00:00,10.136
2026-07-14T05:00:00,8.320
2026-07-14T06:00:00,8.309
2026-07-14T07:00:00,7.807
2026-07-14T08:00:00,7.779
2026-07-14T09:00:00,7.624
2026-07-14T10:00:00,8.763
2026-07-14T11:00:00,8.532
2026-07-14T12:00:00,10.016
2026-07-14T13:00:00,11.315
2026-07-14T14:00:00,13.170
2026-07-14T15:00:00,13.793
2026-07-14T16:00:00,13.653
2026-07-14T17:00:00,14.967
2026-07-14T18:00:00,16.359
2026-07-14T19:00:00,15.428
2026-07-14T20:00:00,15.115
2026-07-14T21:00:00,15.079
2026-07-14T22:00:00,13.319
2026-07-14T23:00:00,15.013
2026-07-15T00:00:00,13.513
2026-07-15T01:00:00,12.285
2026-07-15T02:00:00,11.380
2026-07-15T03:00:00,10.745
2026-07-15T04:00:00,9.582
2026-07-15T05:00:00,8.693
2026-07-15T06:00:00,8.120
2026-07-15T07:00:00,7.453
2026-07-15T08:00:00,7.823
2026-07-15T09:00:00,7.528
2026-07-15T10:00:00,9.186
2026-07-15T11:00:00,9.227
2026-07-15T12:00:00,8.137
2026-07-15T13:00:00,9.965
2026-07-15T14:00:00,12.584
2026-07-15T15:00:00,12.860
2026-07-15T16:00:00,15.145
2026-07-15T17:00:00,15.934
2026-07-15T18:00:00,17.186
2026-07-15T19:00:00,16.181
2026-07-15T20:00:00,14.417
2026-07-15T21:00:00,15.609
2026-07-15T22:00:00,16.372
2026-07-15T23:00:00,15.437
2026-07-16T00:00:00,12.306
2026-07-16T01:00:00,12.729
2026-07-16T02:00:00,12.493
2026-07-16T03:00:00,11.183
2026-07-16T04:00:00,10.299
2026-07-16T05:00:00,8.532
2026-07-16T06:00:00,8.930
2026-07-16T07:00:00,7.627
2026-07-16T08:00:00,8.036
2026-07-16T09:00:00,8.056
2026-07-16T10:00:00,8.473
2026-07-16T11:00:00,9.834
2026-07-16T12:00:00,9.581
2026-07-16T13:00:00,10.391
2026-07-16T14:00:00,12.312
2026-07-16T15:00:00,12.966
2026-07-16T16:00:00,15.903
2026-07-16T17:00:00,13.601
2026-07-16T18:00:00,15.754
2026-07-16T19:00:00,16.985
2026-07-16T20:00:00,13.653
2026-07-16T21:00:00,15.210
2026-07-16T22:00:00,14.997
2026-07-16T23:00:00,15.436
2026-07-17T00:00:00,15.286
2026-07-17T01:00:00,12.447
2026-07-17T02:00:00,11.257
2026-07-17T03:00:00,9.859
2026-07-17T04:00:00,9.485
2026-07-17T05:00:00,9.360
2026-07-17T06:00:00,7.604
2026-07-17T07:00:00,8.075
2026-07-17T08:00:00,8.068
2026-07-17T09:00:00,7.351
2026-07-17T10:00:00,7.728
2026-07-17T11:00:00,8.502
2026-07-17T12:00:00,9.208
2026-07-17T13:00:00,9.639
2026-07-17T14:00:00,12.360
2026-07-17T15:00:00,13.893
2026-07-17T16:00:00,13.502
2026-07-17T17:00:00,13.098
2026-07-17T18:00:00,14.593
2026-07-17T19:00:00,16.438
2026-07-17T20:00:00,16.388
2026-07-17T21:00:00,14.331
2026-07-17T22:00:00,15.080
2026-07-17T23:00:00,14.774
2026-07-18T00:00:00,14.463
2026-07-18T01:00:00,13.030
2026-07-18T02:00:00,11.794
2026-07-18T03:00:00,11.022
2026-07-18T04:00:00,9.628
2026-07-18T05:00:00,8.847
2026-07-18T06:00:00,7.700
2026-07-18T07:00:00,8.388
2026-07-18T08:00:00,8.472
2026-07-18T09:00:00,7.713
2026-07-18T10:00:00,8.573
2026-07-18T11:00:00,9.284
2026-07-18T12:00:00,9.776
2026-07-18T13:00:00,11.149
2026-07-18T14:00:00,11.851
2026-07-18T15:00:00,11.699
2026-07-18T16:00:00,13.078
2026-07-18T17:00:00,15.114
2026-07-18T18:00:00,16.176
2026-07-18T19:00:00,16.160
2026-07-18T20:00:00,17.066
2026-07-18T21:00:00,14.911
2026-07-18T22:00:00,15.135
2026-07-18T23:00:00,14.387
2026-07-19T00:00:00,14.897
2026-07-19T01:00:00,12.651
2026-07-19T02:00:00,10.775
2026-07-19T03:00:00,11.132
2026-07-19T04:00:00,10.157
2026-07-19T05:00:00,8.954
2026-07-19T06:00:00,8.017
2026-07-19T07:00:00,8.756
2026-07-19T08:00:00,8.351
2026-07-19T09:00:00,8.166
2026-07-19T10:00:00,7.730
2026-07-19T11:00:00,9.239
2026-07-19T12:00:00,9.815
2026-07-19T13:00:00,11.724
2026-07-19T14:00:00,11.346
2026-07-19T15:00:00,13.428
2026-07-19T16:00:00,12.007
2026-07-19T17:00:00,14.806
2026-07-19T18:00:00,14.772
2026-07-19T19:00:00,15.629
2026-07-19T20:00:00,16.868
2026-07-19T21:00:00,16.268
2026-07-19T22:00:00,16.176
2026-07-19T23:00:00,14.374
2026-07-20T00:00:00,13.457
2026-07-20T01:00:00,13.812
2026-07-20T02:00:00,11.197
2026-07-20T03:00:00,12.129
2026-07-20T04:00:00,9.177
2026-07-20T05:00:00,8.648
2026-07-20T06:00:00,8.885
2026-07-20T07:00:00,7.950
2026-07-20T08:00:00,7.132
2026-07-20T09:00:00,8.716
2026-07-20T10:00:00,7.436
2026-07-20T11:00:00,8.969
2026-07-20T12:00:00,9.547
2026-07-20T13:00:00,12.707
2026-07-20T14:00:00,10.679
2026-07-20T15:00:00,13.177
2026-07-20T16:00:00,13.913
2026-07-20T17:00:00,15.261
2026-07-20T18:00:00,17.047
2026-07-20T19:00:00,15.934
2026-07-20T20:00:00,15.917
2026-07-20T21:00:00,16.054
2026-07-20T22:00:00,15.825
2026-07-20T23:00:00,15.873
2026-01-01T00:00:00,29.234
2026-01-01T01:00:00,27.059
2026-01-01T02:00:00,23.644
2026-01-01T03:00:00,23.085
2026-01-01T04:00:00,19.999
2026-01-01T05:00:00,17.674
2026-01-01T06:00:00,18.586
2026-01-01T07:00:00,16.770
2026-01-01T08:00:00,15.015
2026-01-01T09:00:00,16.769
2026-01-01T10:00:00,16.546
2026-01-01T11:00:00,15.173
2026-01-01T12:00:00,20.165
2026-01-01T13:00:00,21.930
2026-01-01T14:00:00,21.027
2026-01-01T15:00:00,24.360
2026-01-01T16:00:00,27.864
2026-01-01T17:00:00,29.255
2026-01-01T18:00:00,32.928
2026-01-01T19:00:00,29.945
2026-01-01T20:00:00,30.411
2026-01-01T21:00:00,33.646
2026-01-01T22:00:00,30.545
2026-01-01T23:00:00,31.528
2026-01-02T00:00:00,28.287
2026-01-02T01:00:00,26.286
2026-01-02T02:00:00,25.977
2026-01-02T03:00:00,21.061
2026-01-02T04:00:00,20.675
2026-01-02T05:00:00,19.275
2026-01-02T06:00:00,17.749
2026-01-02T07:00:00,15.757
2026-01-02T08:00:00,16.334
2026-01-02T09:00:00,15.190
2026-01-02T10:00:00,16.617
2026-01-02T11:00:00,17.821
2026-01-02T12:00:00,18.871
2026-01-02T13:00:00,19.894
2026-01-02T14:00:00,24.524
2026-01-02T15:00:00,26.836
2026-01-02T16:00:00,30.535
2026-01-02T17:00:00,24.619
2026-01-02T18:00:00,30.957
2026-01-02T19:00:00,30.593
2026-01-02T20:00:00,33.132
2026-01-02T21:00:00,32.289
2026-01-02T22:00:00,30.169
2026-01-02T23:00:00,30.091
2026-01-03T00:00:00,26.260
2026-01-03T01:00:00,30.447
2026-01-03T02:00:00,23.764
2026-01-03T03:00:00,20.289
2026-01-03T04:00:00,19.428
2026-01-03T05:00:00,20.141
2026-01-03T06:00:00,17.044
2026-01-03T07:00:00,14.245
2026-01-03T08:00:00,14.780
2026-01-03T09:00:00,16.636
2026-01-03T10:00:00,16.910
2026-01-03T11:00:00,18.129
2026-01-03T12:00:00,20.149
2026-01-03T13:00:00,23.287
2026-01-03T14:00:00,26.222
2026-01-03T15:00:00,26.482
2026-01-03T16:00:00,29.547
2026-01-03T17:00:00,31.778
2026-01-03T18:00:00,31.967
2026-01-03T19:00:00,30.550
2026-01-03T20:00:00,34.138
2026-01-03T21:00:00,30.556
2026-01-03T22:00:00,28.647
2026-01-03T23:00:00,31.246
2026-01-04T00:00:00,27.144
2026-01-04T01:00:00,24.459
2026-01-04T02:00:00,24.212
2026-01-04T03:00:00,20.210
2026-01-04T04:00:00,19.455
2026-01-04T05:00:00,18.634
2026-01-04T06:00:00,17.984
2026-01-04T07:00:00,14.872
2026-01-04T08:00:00,14.894
2026-01-04T09:00:00,14.176
2026-01-04T10:00:00,17.807
2026-01-04T11:00:00,16.975
2026-01-04T12:00:00,21.339
2026-01-04T13:00:00,20.947
2026-01-04T14:00:00,21.800
2026-01-04T15:00:00,25.869
2026-01-04T16:00:00,28.856
2026-01-04T17:00:00,33.393
2026-01-04T18:00:00,35.397
2026-01-04T19:00:00,30.219
2026-01-04T20:00:00,35.830
2026-01-04T21:00:00,31.688
2026-01-04T22:00:00,30.817
2026-01-04T23:00:00,29.720
2026-01-05T00:00:00,28.435
2026-01-05T01:00:00,29.112
2026-01-05T02:00:00,24.536
2026-01-05T03:00:00,20.733
2026-01-05T04:00:00,19.966
2026-01-05T05:00:00,17.241
2026-01-05T06:00:00,16.728
2026-01-05T07:00:00,17.241
2026-01-05T08:00:00,14.728
2026-01-05T09:00:00,14.658
2026-01-05T10:00:00,16.663
2026-01-05T11:00:00,16.553
2026-01-05T12:00:00,19.932
2026-01-05T13:00:00,22.988
2026-01-05T14:00:00,23.149
2026-01-05T15:00:00,27.022
2026-01-05T16:00:00,30.140
2026-01-05T17:00:00,31.072
2026-01-05T18:00:00,30.464
2026-01-05T19:00:00,31.562
2026-01-05T20:00:00,34.049
2026-01-05T21:00:00,32.631
2026-01-05T22:00:00,31.736
2026-01-05T23:00:00,28.463
2026-01-06T00:00:00,26.127
2026-01-06T01:00:00,28.639
2026-01-06T02:00:00,24.188
2026-01-06T03:00:00,23.814
2026-01-06T04:00:00,20.062
2026-01-06T05:00:00,16.438
2026-01-06T06:00:00,16.470
2026-01-06T07:00:00,16.548
2026-01-06T08:00:00,17.097
2026-01-06T09:00:00,17.706
2026-01-06T10:00:00,15.751
2026-01-06T11:00:00,17.843
2026-01-06T12:00:00,19.618
2026-01-06T13:00:00,20.925
2026-01-06T14:00:00,21.296
2026-01-06T15:00:00,26.342
2026-01-06T16:00:00,31.843
2026-01-06T17:00:00,28.423
2026-01-06T18:00:00,31.163
2026-01-06T19:00:00,31.073
2026-01-06T20:00:00,31.924
2026-01-06T21:00:00,32.165
2026-01-06T22:00:00,30.530
2026-01-06T23:00:00,32.799
2026-01-07T00:00:00,29.072
2026-01-07T01:00:00,25.610
2026-01-07T02:00:00,24.524
2026-01-07T03:00:00,20.998
2026-01-07T04:00:00,20.632
2026-01-07T05:00:00,16.042
2026-01-07T06:00:00,15.986
2026-01-07T07:00:00,17.167
2026-01-07T08:00:00,15.844
2026-01-07T09:00:00,15.855
2026-01-07T10:00:00,14.805
2026-01-07T11:00:00,18.067
2026-01-07T12:00:00,20.639
2026-01-07T13:00:00,23.359
2026-01-07T14:00:00,25.256
2026-01-07T15:00:00,23.271
2026-01-07T16:00:00,28.981
2026-01-07T17:00:00,29.131
2026-01-07T18:00:00,28.451
2026-01-07T19:00:00,31.367
2026-01-07T20:00:00,31.432
2026-01-07T21:00:00,34.061
2026-01-07T22:00:00,28.529
2026-01-07T23:00:00,28.326
2026-01-08T00:00:00,28.553
2026-01-08T01:00:00,25.380
2026-01-08T02:00:00,24.619
2026-01-08T03:00:00,23.880
2026-01-08T04:00:00,17.818
2026-01-08T05:00:00,18.618
2026-01-08T06:00:00,15.553
2026-01-08T07:00:00,16.848
2026-01-08T08:00:00,16.147
2026-01-08T09:00:00,15.755
2026-01-08T10:00:00,16.368
2026-01-08T11:00:00,18.869
2026-01-08T12:00:00,17.489
2026-01-08T13:00:00,23.000
2026-01-08T14:00:00,27.048
2026-01-08T15:00:00,27.209
2026-01-08T16:00:00,30.342
2026-01-08T17:00:00,31.307
2026-01-08T18:00:00,32.536
2026-01-08T19:00:00,29.802
2026-01-08T20:00:00,32.665
2026-01-08T21:00:00,30.153
2026-01-08T22:00:00,31.123
2026-01-08T23:00:00,29.626
2026-01-09T00:00:00,26.334
2026-01-09T01:00:00,25.665
2026-01-09T02:00:00,25.446
2026-01-09T03:00:00,24.058
2026-01-09T04:00:00,21.354
2026-01-09T05:00:00,17.200
2026-01-09T06:00:00,18.189
2026-01-09T07:00:00,16.266
2026-01-09T08:00:00,16.915
2026-01-09T09:00:00,15.504
2026-01-09T10:00:00,17.852
2026-01-09T11:00:00,19.629
2026-01-09T12:00:00,20.397
2026-01-09T13:00:00,20.105
2026-01-09T14:00:00,26.170
2026-01-09T15:00:00,28.474
2026-01-09T16:00:00,28.447
2026-01-09T17:00:00,28.759
2026-01-09T18:00:00,30.156
2026-01-09T19:00:00,30.478
2026-01-09T20:00:00,33.704
2026-01-09T21:00:00,32.876
2026-01-09T22:00:00,34.105
2026-01-09T23:00:00,30.709
2026-01-10T00:00:00,27.511
2026-01-10T01:00:00,26.744
2026-01-10T02:00:00,24.556
2026-01-10T03:00:00,23.716
2026-01-10T04:00:00,20.302
2026-01-10T05:00:00,19.239
2026-01-10T06:00:00,16.536
2026-01-10T07:00:00,15.179
2026-01-10T08:00:00,15.942
2026-01-10T09:00:00,14.913
2026-01-10T10:00:00,16.416
2026-01-10T11:00:00,17.404
2026-01-10T12:00:00,21.374
2026-01-10T13:00:00,20.881
2026-01-10T14:00:00,24.956
2026-01-10T15:00:00,25.755
2026-01-10T16:00:00,30.116
2026-01-10T17:00:00,29.628
2026-01-10T18:00:00,31.571
2026-01-10T19:00:00,34.993
2026-01-10T20:00:00,33.742
2026-01-10T21:00:00,31.136
2026-01-10T22:00:00,30.485
2026-01-10T23:00:00,29.528
2026-01-11T00:00:00,29.295
2026-01-11T01:00:00,25.130
2026-01-11T02:00:00,25.128
2026-01-11T03:00:00,21.390
2026-01-11T04:00:00,19.306
2026-01-11T05:00:00,17.453
2026-01-11T06:00:00,15.790
2026-01-11T07:00:00,14.937
2026-01-11T08:00:00,15.361
2026-01-11T09:00:00,16.529
2026-01-11T10:00:00,17.373
2026-01-11T11:00:00,18.322
2026-01-11T12:00:00,18.745
2026-01-11T13:00:00,22.716
2026-01-11T14:00:00,26.121
2026-01-11T15:00:00,27.915
2026-01-11T16:00:00,29.071
2026-01-11T17:00:00,31.208
2026-01-11T18:00:00,27.853
2026-01-11T19:00:00,32.380
2026-01-11T20:00:00,31.055
2026-01-11T21:00:00,29.536
2026-01-11T22:00:00,32.411
2026-01-11T23:00:00,30.308
2026-01-12T00:00:00,28.015
2026-01-12T01:00:00,26.078
2026-01-12T02:00:00,24.934
2026-01-12T03:00:00,22.162
2026-01-12T04:00:00,20.835
2026-01-12T05:00:00,18.721
2026-01-12T06:00:00,17.364
2026-01-12T07:00:00,16.450
2026-01-12T08:00:00,15.159
2026-01-12T09:00:00,15.217
2026-01-12T10:00:00,17.147
2026-01-12T11:00:00,17.008
2026-01-12T12:00:00,17.826
2026-01-12T13:00:00,21.137
2026-01-12T14:00:00,25.503
2026-01-12T15:00:00,28.382
2026-01-12T16:00:00,27.041
2026-01-12T17:00:00,28.793
2026-01-12T18:00:00,30.546
2026-01-12T19:00:00,31.483
2026-01-12T20:00:00,31.797
2026-01-12T21:00:00,32.258
2026-01-12T22:00:00,32.264
2026-01-12T23:00:00,30.568
2026-01-13T00:00:00,30.436
2026-01-13T01:00:00,25.233
2026-01-13T02:00:00,24.177
2026-01-13T03:00:00,19.743
2026-01-13T04:00:00,20.733
2026-01-13T05:00:00,19.911
2026-01-13T06:00:00,16.944
2026-01-13T07:00:00,14.471
2026-01-13T08:00:00,16.381
2026-01-13T09:00:00,16.435
2026-01-13T10:00:00,15.616
2026-01-13T11:00:00,20.005
2026-01-13T12:00:00,18.671
2026-01-13T13:00:00,21.467
2026-01-13T14:00:00,24.887
2026-01-13T15:00:00,25.833
2026-01-13T16:00:00,29.088
2026-01-13T17:00:00,26.044
2026-01-13T18:00:00,29.996
2026-01-13T19:00:00,29.863
2026-01-13T20:00:00,32.752
2026-01-13T21:00:00,33.313
2026-01-13T22:00:00,27.949
2026-01-13T23:00:00,29.019
2026-01-14T00:00:00,25.888
2026-01-14T01:00:00,27.607
2026-01-14T02:00:00,24.127
2026-01-14T03:00:00,21.093
2026-01-14T04:00:00,20.879
2026-01-14T05:00:00,18.565
2026-01-14T06:00:00,16.318
2026-01-14T07:00:00,15.484
2026-01-14T08:00:00,16.448
2026-01-14T09:00:00,17.062
2026-01-14T10:00:00,17.235
2026-01-14T11:00:00,18.080
2026-01-14T12:00:00,20.193
2026-01-14T13:00:00,20.748
2026-01-14T14:00:00,22.603
2026-01-14T15:00:00,25.338
2026-01-14T16:00:00,28.249
2026-01-14T17:00:00,31.080
2026-01-14T18:00:00,31.096
2026-01-14T19:00:00,33.093
2026-01-14T20:00:00,29.132
2026-01-14T21:00:00,32.742
2026-01-14T22:00:00,32.375
2026-01-14T23:00:00,30.298
2026-01-15T00:00:00,30.222
2026-01-15T01:00:00,25.306
2026-01-15T02:00:00,22.910
2026-01-15T03:00:00,21.131
2026-01-15T04:00:00,19.553
2026-01-15T05:00:00,17.166
2026-01-15T06:00:00,16.461
2026-01-15T07:00:00,16.929
2026-01-15T08:00:00,15.655
2026-01-15T09:00:00,15.229
2026-01-15T10:00:00,16.431
2026-01-15T11:00:00,17.872
2026-01-15T12:00:00,20.576
2026-01-15T13:00:00,22.489
2026-01-15T14:00:00,24.106
2026-01-15T15:00:00,29.398
2026-01-15T16:00:00,30.525
2026-01-15T17:00:00,29.905
2026-01-15T18:00:00,34.070
2026-01-15T19:00:00,30.646
2026-01-15T20:00:00,31.423
2026-01-15T21:00:00,31.909
2026-01-15T22:00:00,29.215
2026-01-15T23:00:00,29.074
2026-01-16T00:00:00,29.200
2026-01-16T01:00:00,27.843
2026-01-16T02:00:00,22.138
2026-01-16T03:00:00,20.984
2026-01-16T04:00:00,20.405
2026-01-16T05:00:00,17.802
2026-01-16T06:00:00,17.375
2026-01-16T07:00:00,17.120
2026-01-16T08:00:00,14.520
2026-01-16T09:00:00,14.997
2026-01-16T10:00:00,18.172
2026-01-16T11:00:00,18.911
2026-01-16T12:00:00,19.998
2026-01-16T13:00:00,20.983
2026-01-16T14:00:00,25.303
2026-01-16T15:00:00,28.550
2026-01-16T16:00:00,26.127
2026-01-16T17:00:00,30.771
2026-01-16T18:00:00,34.025
2026-01-16T19:00:00,33.186
2026-01-16T20:00:00,32.256
2026-01-16T21:00:00,33.903
2026-01-16T22:00:00,34.469
2026-01-16T23:00:00,29.713
2026-01-17T00:00:00,29.647
2026-01-17T01:00:00,26.102
2026-01-17T02:00:00,27.153
2026-01-17T03:00:00,24.482
2026-01-17T04:00:00,19.725
2026-01-17T05:00:00,20.465
2026-01-17T06:00:00,16.659
2026-01-17T07:00:00,16.115
2026-01-17T08:00:00,14.746
2026-01-17T09:00:00,15.293
2026-01-17T10:00:00,16.658
2026-01-17T11:00:00,18.815
2026-01-17T12:00:00,19.377
2026-01-17T13:00:00,20.964
2026-01-17T14:00:00,21.614
2026-01-17T15:00:00,25.585
2026-01-17T16:00:00,31.339
2026-01-17T17:00:00,28.618
2026-01-17T18:00:00,31.342
2026-01-17T19:00:00,30.953
2026-01-17T20:00:00,34.124
2026-01-17T21:00:00,31.038
2026-01-17T22:00:00,32.986
2026-01-17T23:00:00,31.850
2026-01-18T00:00:00,29.171
2026-01-18T01:00:00,27.176
2026-01-18T02:00:00,26.522
2026-01-18T03:00:00,23.009
2026-01-18T04:00:00,19.385
2026-01-18T05:00:00,18.239
2026-01-18T06:00:00,16.283
2026-01-18T07:00:00,18.013
2026-01-18T08:00:00,16.299
2026-01-18T09:00:00,16.349
2026-01-18T10:00:00,16.073
2026-01-18T11:00:00,18.479
2026-01-18T12:00:00,19.044
2026-01-18T13:00:00,22.305
2026-01-18T14:00:00,24.324
2026-01-18T15:00:00,28.249
2026-01-18T16:00:00,28.157
2026-01-18T17:00:00,30.426
2026-01-18T18:00:00,29.716
2026-01-18T19:00:00,29.290
2026-01-18T20:00:00,33.630
2026-01-18T21:00:00,33.553
2026-01-18T22:00:00,31.541
2026-01-18T23:00:00,31.478
2026-01-19T00:00:00,30.314
2026-01-19T01:00:00,27.065
2026-01-19T02:00:00,22.903
2026-01-19T03:00:00,22.513
2026-01-19T04:00:00,20.612
2026-01-19T05:00:00,19.260
2026-01-19T06:00:00,18.162
2026-01-19T07:00:00,15.945
2026-01-19T08:00:00,15.441
2026-01-19T09:00:00,16.158
2026-01-19T10:00:00,17.137
2026-01-19T11:00:00,18.032
2026-01-19T12:00:00,19.746
2026-01-19T13:00:00,23.351
2026-01-19T14:00:00,24.844
2026-01-19T15:00:00,25.107
2026-01-19T16:00:00,30.055
2026-01-19T17:00:00,30.375
2026-01-19T18:00:00,32.391
2026-01-19T19:00:00,31.790
2026-01-19T20:00:00,33.865
2026-01-19T21:00:00,35.165
2026-01-19T22:00:00,31.604
2026-01-19T23:00:00,29.657
2026-01-20T00:00:00,28.384
2026-01-20T01:00:00,27.141
2026-01-20T02:00:00,21.858
2026-01-20T03:00:00,19.657
2026-01-20T04:00:00,19.540
2026-01-20T05:00:00,18.202
2026-01-20T06:00:00,18.717
2026-01-20T07:00:00,15.551
2026-01-20T08:00:00,16.325
2026-01-20T09:00:00,16.441
2026-01-20T10:00:00,17.472
2026-01-20T11:00:00,17.976
2026-01-20T12:00:00,21.174
2026-01-20T13:00:00,23.380
2026-01-20T14:00:00,24.403
2026-01-20T15:00:00,27.839
2026-01-20T16:00:00,27.597
2026-01-20T17:00:00,28.099
2026-01-20T18:00:00,29.951
2026-01-20T19:00:00,28.170
2026-01-20T20:00:00,30.111
2026-01-20T21:00:00,30.538
2026-01-20T22:00:00,32.253
2026-01-20T23:00:00,28.761
2026-01-21T00:00:00,26.735
2026-01-21T01:00:00,28.837
2026-01-21T02:00:00,25.867
2026-01-21T03:00:00,20.609
2026-01-21T04:00:00,19.862
2026-01-21T05:00:00,18.187
2026-01-21T06:00:00,16.269
2026-01-21T07:00:00,16.012
2026-01-21T08:00:00,17.306
2026-01-21T09:00:00,14.948
2026-01-21T10:00:00,14.973
2026-01-21T11:00:00,18.329
2026-01-21T12:00:00,20.427
2026-01-21T13:00:00,21.157
2026-01-21T14:00:00,24.884
2026-01-21T15:00:00,27.206
2026-01-21T16:00:00,25.811
2026-01-21T17:00:00,30.167
2026-01-21T18:00:00,32.711
2026-01-21T19:00:00,33.737
2026-01-21T20:00:00,31.881
2026-01-21T21:00:00,30.221
2026-01-21T22:00:00,32.197
2026-01-21T23:00:00,36.539
2026-01-22T00:00:00,28.210
2026-01-22T01:00:00,27.432
2026-01-22T02:00:00,22.840
2026-01-22T03:00:00,22.285
2026-01-22T04:00:00,18.343
2026-01-22T05:00:00,16.982
2026-01-22T06:00:00,16.350
2026-01-22T07:00:00,15.311
2026-01-22T08:00:00,16.501
2026-01-22T09:00:00,17.850
2026-01-22T10:00:00,18.004
2026-01-22T11:00:00,17.697
2026-01-22T12:00:00,20.964
2026-01-22T13:00:00,21.713
2026-01-22T14:00:00,24.783
2026-01-22T15:00:00,24.272
2026-01-22T16:00:00,30.361
2026-01-22T17:00:00,27.659
2026-01-22T18:00:00,31.238
2026-01-22T19:00:00,30.793
2026-01-22T20:00:00,34.965
2026-01-22T21:00:00,32.980
2026-01-22T22:00:00,29.772
2026-01-22T23:00:00,28.936
2026-01-23T00:00:00,31.814
2026-01-23T01:00:00,26.732
2026-01-23T02:00:00,24.235
2026-01-23T03:00:00,22.833
2026-01-23T04:00:00,20.501
2026-01-23T05:00:00,16.783
2026-01-23T06:00:00,16.454
2026-01-23T07:00:00,16.928
2026-01-23T08:00:00,17.126
2026-01-23T09:00:00,15.746
2026-01-23T10:00:00,17.292
2026-01-23T11:00:00,17.167
2026-01-23T12:00:00,20.672
2026-01-23T13:00:00,22.709
2026-01-23T14:00:00,24.011
2026-01-23T15:00:00,26.642
2026-01-23T16:00:00,27.189
2026-01-23T17:00:00,31.608
2026-01-23T18:00:00,33.492
2026-01-23T19:00:00,29.170
2026-01-23T20:00:00,32.466
2026-01-23T21:00:00,35.813
2026-01-23T22:00:00,32.240
2026-01-23T23:00:00,32.082
2026-01-24T00:00:00,30.454
2026-01-24T01:00:00,27.968
2026-01-24T02:00:00,25.112
2026-01-24T03:00:00,22.152
2026-01-24T04:00:00,21.395
2026-01-24T05:00:00,17.445
2026-01-24T06:00:00,16.740
2026-01-24T07:00:00,14.623
2026-01-24T08:00:00,14.200
2026-01-24T09:00:00,15.767
2026-01-24T10:00:00,17.299
2026-01-24T11:00:00,15.833
2026-01-24T12:00:00,20.026
2026-01-24T13:00:00,25.063
2026-01-24T14:00:00,25.635
2026-01-24T15:00:00,27.688
2026-01-24T16:00:00,28.572
2026-01-24T17:00:00,28.732
2026-01-24T18:00:00,33.723
2026-01-24T19:00:00,32.217
2026-01-24T20:00:00,33.034
2026-01-24T21:00:00,30.286
2026-01-24T22:00:00,29.333
2026-01-24T23:00:00,28.869
2026-01-25T00:00:00,28.925
2026-01-25T01:00:00,23.820
2026-01-25T02:00:00,24.673
2026-01-25T03:00:00,23.355
2026-01-25T04:00:00,18.827
2026-01-25T05:00:00,17.239
2026-01-25T06:00:00,15.384
2026-01-25T07:00:00,16.150
2026-01-25T08:00:00,14.184
2026-01-25T09:00:00,14.729
2026-01-25T10:00:00,15.365
2026-01-25T11:00:00,19.089
2026-01-25T12:00:00,21.282
2026-01-25T13:00:00,21.955
2026-01-25T14:00:00,23.758
2026-01-25T15:00:00,27.091
2026-01-25T16:00:00,29.316
2026-01-25T17:00:00,30.380
2026-01-25T18:00:00,33.808
2026-01-25T19:00:00,32.856
2026-01-25T20:00:00,34.765
2026-01-25T21:00:00,35.575
2026-01-25T22:00:00,32.135
2026-01-25T23:00:00,29.791
2026-01-26T00:00:00,29.634
2026-01-26T01:00:00,26.278
2026-01-26T02:00:00,23.360
2026-01-26T03:00:00,19.553
2026-01-26T04:00:00,21.866
2026-01-26T05:00:00,18.211
2026-01-26T06:00:00,17.220
2026-01-26T07:00:00,16.784
2026-01-26T08:00:00,16.240
2026-01-26T09:00:00,16.133
2026-01-26T10:00:00,17.419
2026-01-26T11:00:00,18.360
2026-01-26T12:00:00,20.621
2026-01-26T13:00:00,20.441
2026-01-26T14:00:00,22.884
2026-01-26T15:00:00,28.337
2026-01-26T16:00:00,26.667
2026-01-26T17:00:00,31.029
2026-01-26T18:00:00,32.943
2026-01-26T19:00:00,32.336
2026-01-26T20:00:00,38.679
2026-01-26T21:00:00,30.778
2026-01-26T22:00:00,34.699
2026-01-26T23:00:00,28.471
2026-01-27T00:00:00,28.281
2026-01-27T01:00:00,27.007
2026-01-27T02:00:00,24.503
2026-01-27T03:00:00,23.678
2026-01-27T04:00:00,22.011
2026-01-27T05:00:00,18.091
2026-01-27T06:00:00,16.477
2026-01-27T07:00:00,13.798
2026-01-27T08:00:00,15.939
2026-01-27T09:00:00,16.415
2026-01-27T10:00:00,17.270
2026-01-27T11:00:00,17.493
2026-01-27T12:00:00,20.501
2026-01-27T13:00:00,19.290
2026-01-27T14:00:00,24.773
2026-01-27T15:00:00,26.070
2026-01-27T16:00:00,27.623
2026-01-27T17:00:00,29.065
2026-01-27T18:00:00,35.957
2026-01-27T19:00:00,30.682
2026-01-27T20:00:00,29.642
2026-01-27T21:00:00,33.465
2026-01-27T22:00:00,32.448
2026-01-27T23:00:00,29.702
2026-01-28T00:00:00,26.776
2026-01-28T01:00:00,25.635
2026-01-28T02:00:00,22.625
2026-01-28T03:00:00,22.690
2026-01-28T04:00:00,21.345
2026-01-28T05:00:00,18.003
2026-01-28T06:00:00,16.303
2026-01-28T07:00:00,16.570
2026-01-28T08:00:00,15.931
2026-01-28T09:00:00,16.043
2026-01-28T10:00:00,16.547
2026-01-28T11:00:00,19.098
2026-01-28T12:00:00,21.914
2026-01-28T13:00:00,22.201
2026-01-28T14:00:00,22.719
2026-01-28T15:00:00,27.380
2026-01-28T16:00:00,28.848
2026-01-28T17:00:00,31.068
2026-01-28T18:00:00,31.908
2026-01-28T19:00:00,33.725
2026-01-28T20:00:00,30.743
2026-01-28T21:00:00,31.608
2026-01-28T22:00:00,32.205
2026-01-28T23:00:00,31.318
2026-01-29T00:00:00,27.541
2026-01-29T01:00:00,27.105
2026-01-29T02:00:00,24.468
2026-01-29T03:00:00,22.781
2026-01-29T04:00:00,19.038
2026-01-29T05:00:00,16.696
2026-01-29T06:00:00,17.747
2026-01-29T07:00:00,14.639
2026-01-29T08:00:00,16.467
2026-01-29T09:00:00,15.754
2026-01-29T10:00:00,16.267
2026-01-29T11:00:00,17.147
2026-01-29T12:00:00,20.234
2026-01-29T13:00:00,22.708
2026-01-29T14:00:00,27.201
2026-01-29T15:00:00,23.339
2026-01-29T16:00:00,26.906
2026-01-29T17:00:00,32.276
2026-01-29T18:00:00,31.818
2026-01-29T19:00:00,32.344
2026-01-29T20:00:00,30.188
2026-01-29T21:00:00,36.339
2026-01-29T22:00:00,31.000
2026-01-29T23:00:00,29.608
2026-01-30T00:00:00,29.609
2026-01-30T01:00:00,24.844
2026-01-30T02:00:00,24.171
2026-01-30T03:00:00,18.730
2026-01-30T04:00:00,19.028
2026-01-30T05:00:00,19.755
2026-01-30T06:00:00,16.989
2026-01-30T07:00:00,15.600
2026-01-30T08:00:00,16.151
2026-01-30T09:00:00,16.542
2026-01-30T10:00:00,17.962
2026-01-30T11:00:00,15.981
2026-01-30T12:00:00,20.844
2026-01-30T13:00:00,21.480
2026-01-30T14:00:00,24.812
2026-01-30T15:00:00,25.306
2026-01-30T16:00:00,28.906
2026-01-30T17:00:00,30.933
2026-01-30T18:00:00,33.395
2026-01-30T19:00:00,30.582
2026-01-30T20:00:00,32.838
2026-01-30T21:00:00,35.016
2026-01-30T22:00:00,33.094
2026-01-30T23:00:00,29.472
2026-01-31T00:00:00,31.474
2026-01-31T01:00:00,28.004
2026-01-31T02:00:00,23.955
2026-01-31T03:00:00,23.395
2026-01-31T04:00:00,21.958
2026-01-31T05:00:00,20.169
2026-01-31T06:00:00,17.644
2026-01-31T07:00:00,17.233
2026-01-31T08:00:00,15.412
2026-01-31T09:00:00,16.505
2026-01-31T10:00:00,16.037
2026-01-31T11:00:00,16.292
2026-01-31T12:00:00,18.502
2026-01-31T13:00:00,23.104
2026-01-31T14:00:00,25.459
2026-01-31T15:00:00,29.903
2026-01-31T16:00:00,29.341
2026-01-31T17:00:00,28.542
2026-01-31T18:00:00,29.041
2026-01-31T19:00:00,35.762
2026-01-31T20:00:00,32.420
2026-01-31T21:00:00,28.872
2026-01-31T22:00:00,33.971
2026-01-31T23:00:00,27.713
2026-02-01T00:00:00,29.039
2026-02-01T01:00:00,26.940
2026-02-01T02:00:00,26.345
2026-02-01T03:00:00,25.127
2026-02-01T04:00:00,22.373
2026-02-01T05:00:00,19.473
2026-02-01T06:00:00,18.568
2026-02-01T07:00:00,17.033
2026-02-01T08:00:00,19.492
2026-02-01T09:00:00,15.662
2026-02-01T10:00:00,17.909
2026-02-01T11:00:00,19.174
2026-02-01T12:00:00,21.067
2026-02-01T13:00:00,22.066
2026-02-01T14:00:00,28.725
2026-02-01T15:00:00,27.633
2026-02-01T16:00:00,29.556
2026-02-01T17:00:00,28.767
2026-02-01T18:00:00,36.109
2026-02-01T19:00:00,33.312
2026-02-01T20:00:00,30.373
2026-02-01T21:00:00,34.055
2026-02-01T22:00:00,33.672
2026-02-01T23:00:00,31.460
2026-02-02T00:00:00,29.688
2026-02-02T01:00:00,28.337
2026-02-02T02:00:00,26.833
2026-02-02T03:00:00,23.345
2026-02-02T04:00:00,21.671
2026-02-02T05:00:00,17.560
2026-02-02T06:00:00,18.368
2026-02-02T07:00:00,17.440
2026-02-02T08:00:00,17.038
2026-02-02T09:00:00,18.108
2026-02-02T10:00:00,19.382
2026-02-02T11:00:00,18.881
2026-02-02T12:00:00,22.475
2026-02-02T13:00:00,22.636
2026-02-02T14:00:00,26.769
2026-02-02T15:00:00,28.859
2026-02-02T16:00:00,30.338
2026-02-02T17:00:00,34.766
2026-02-02T18:00:00,34.131
2026-02-02T19:00:00,32.305
2026-02-02T20:00:00,30.293
2026-02-02T21:00:00,32.684
2026-02-02T22:00:00,29.895
2026-02-02T23:00:00,30.500
2026-02-03T00:00:00,30.601
2026-02-03T01:00:00,24.655
2026-02-03T02:00:00,24.474
2026-02-03T03:00:00,24.782
2026-02-03T04:00:00,20.186
2026-02-03T05:00:00,18.660
2026-02-03T06:00:00,17.382
2026-02-03T07:00:00,14.724
2026-02-03T08:00:00,15.890
2026-02-03T09:00:00,18.575
2026-02-03T10:00:00,18.390
2026-02-03T11:00:00,18.682
2026-02-03T12:00:00,20.861
2026-02-03T13:00:00,22.605
2026-02-03T14:00:00,26.081
2026-02-03T15:00:00,27.306
2026-02-03T16:00:00,31.635
2026-02-03T17:00:00,33.118
2026-02-03T18:00:00,35.270
2026-02-03T19:00:00,34.618
2026-02-03T20:00:00,35.594
2026-02-03T21:00:00,31.757
2026-02-03T22:00:00,36.373
2026-02-03T23:00:00,31.390
2026-02-04T00:00:00,29.060
2026-02-04T01:00:00,27.044
2026-02-04T02:00:00,26.930
2026-02-04T03:00:00,20.492
2026-02-04T04:00:00,18.805
2026-02-04T05:00:00,19.991
2026-02-04T06:00:00,17.745
2026-02-04T07:00:00,17.880
2026-02-04T08:00:00,18.238
2026-02-04T09:00:00,18.528
2026-02-04T10:00:00,18.616
2026-02-04T11:00:00,19.984
2026-02-04T12:00:00,23.351
2026-02-04T13:00:00,24.124
2026-02-04T14:00:00,24.607
2026-02-04T15:00:00,28.076
2026-02-04T16:00:00,29.289
2026-02-04T17:00:00,31.758
2026-02-04T18:00:00,33.008
2026-02-04T19:00:00,34.615
2026-02-04T20:00:00,34.980
2026-02-04T21:00:00,33.467
2026-02-04T22:00:00,35.229
2026-02-04T23:00:00,28.335
2026-02-05T00:00:00,31.677
2026-02-05T01:00:00,29.268
2026-02-05T02:00:00,26.180
2026-02-05T03:00:00,22.252
2026-02-05T04:00:00,19.724
2026-02-05T05:00:00,18.997
2026-02-05T06:00:00,18.595
2026-02-05T07:00:00,17.127
2026-02-05T08:00:00,17.402
2026-02-05T09:00:00,17.113
2026-02-05T10:00:00,17.964
2026-02-05T11:00:00,18.637
2026-02-05T12:00:00,22.673
2026-02-05T13:00:00,22.386
2026-02-05T14:00:00,26.141
2026-02-05T15:00:00,27.174
2026-02-05T16:00:00,29.523
2026-02-05T17:00:00,30.992
2026-02-05T18:00:00,36.546
2026-02-05T19:00:00,35.229
2026-02-05T20:00:00,34.680
2026-02-05T21:00:00,34.591
2026-02-05T22:00:00,31.528
2026-02-05T23:00:00,29.983
2026-02-06T00:00:00,30.798
2026-02-06T01:00:00,28.206
2026-02-06T02:00:00,26.018
2026-02-06T03:00:00,22.892
2026-02-06T04:00:00,20.092
2026-02-06T05:00:00,18.306
2026-02-06T06:00:00,17.123
2026-02-06T07:00:00,15.829
2026-02-06T08:00:00,16.180
2026-02-06T09:00:00,17.510
2026-02-06T10:00:00,19.491
2026-02-06T11:00:00,18.414
2026-02-06T12:00:00,22.751
2026-02-06T13:00:00,21.128
2026-02-06T14:00:00,28.125
2026-02-06T15:00:00,27.514
2026-02-06T16:00:00,27.168
2026-02-06T17:00:00,30.174
2026-02-06T18:00:00,32.837
2026-02-06T19:00:00,37.523
2026-02-06T20:00:00,31.873
2026-02-06T21:00:00,36.969
2026-02-06T22:00:00,34.279
2026-02-06T23:00:00,32.105
2026-02-07T00:00:00,27.623
2026-02-07T01:00:00,27.638
2026-02-07T02:00:00,29.884
2026-02-07T03:00:00,24.720
2026-02-07T04:00:00,19.835
2026-02-07T05:00:00,20.302
2026-02-07T06:00:00,19.662
2026-02-07T07:00:00,17.276
2026-02-07T08:00:00,17.247
2026-02-07T09:00:00,17.170
2026-02-07T10:00:00,17.185
2026-02-07T11:00:00,19.804
2026-02-07T12:00:00,19.996
2026-02-07T13:00:00,22.235
2026-02-07T14:00:00,25.287
2026-02-07T15:00:00,29.702
2026-02-07T16:00:00,33.603
2026-02-07T17:00:00,33.428
2026-02-07T18:00:00,35.391
2026-02-07T19:00:00,30.748
2026-02-07T20:00:00,37.525
2026-02-07T21:00:00,33.487
2026-02-07T22:00:00,33.918
2026-02-07T23:00:00,33.665
2026-02-08T00:00:00,31.778
2026-02-08T01:00:00,28.463
2026-02-08T02:00:00,24.864
2026-02-08T03:00:00,22.834
2026-02-08T04:00:00,22.683
2026-02-08T05:00:00,20.292
2026-02-08T06:00:00,17.187
2026-02-08T07:00:00,18.325
2026-02-08T08:00:00,16.691
2026-02-08T09:00:00,14.546
2026-02-08T10:00:00,16.006
2026-02-08T11:00:00,17.314
2026-02-08T12:00:00,23.240
2026-02-08T13:00:00,23.201
2026-02-08T14:00:00,25.154
2026-02-08T15:00:00,28.696
2026-02-08T16:00:00,30.512
2026-02-08T17:00:00,33.524
2026-02-08T18:00:00,34.989
2026-02-08T19:00:00,35.575
2026-02-08T20:00:00,35.343
2026-02-08T21:00:00,34.053
2026-02-08T22:00:00,33.040
2026-02-08T23:00:00,32.515
2026-02-09T00:00:00,29.401
2026-02-09T01:00:00,28.960
2026-02-09T02:00:00,26.566
2026-02-09T03:00:00,23.759
2026-02-09T04:00:00,21.504
2026-02-09T05:00:00,19.535
2026-02-09T06:00:00,18.726
2026-02-09T07:00:00,17.407
2026-02-09T08:00:00,16.728
2026-02-09T09:00:00,15.865
2026-02-09T10:00:00,15.698
2026-02-09T11:00:00,18.793
2026-02-09T12:00:00,22.350
2026-02-09T13:00:00,23.463
2026-02-09T14:00:00,27.922
2026-02-09T15:00:00,27.300
2026-02-09T16:00:00,31.171
2026-02-09T17:00:00,34.228
2026-02-09T18:00:00,32.969
2026-02-09T19:00:00,33.731
2026-02-09T20:00:00,33.283
2026-02-09T21:00:00,32.399
2026-02-09T22:00:00,33.708
2026-02-09T23:00:00,32.825
2026-02-10T00:00:00,33.506
2026-02-10T01:00:00,30.172
2026-02-10T02:00:00,25.937
2026-02-10T03:00:00,22.451
2026-02-10T04:00:00,20.075
2026-02-10T05:00:00,20.183
2026-02-10T06:00:00,17.211
2026-02-10T07:00:00,17.669
2026-02-10T08:00:00,17.740
2026-02-10T09:00:00,16.929
2026-02-10T10:00:00,17.260
2026-02-10T11:00:00,18.687
2026-02-10T12:00:00,19.093
2026-02-10T13:00:00,24.013
2026-02-10T14:00:00,27.399
2026-02-10T15:00:00,27.774
2026-02-10T16:00:00,31.957
2026-02-10T17:00:00,32.909
2026-02-10T18:00:00,33.248
2026-02-10T19:00:00,32.967
2026-02-10T20:00:00,32.839
2026-02-10T21:00:00,31.241
2026-02-10T22:00:00,28.383
2026-02-10T23:00:00,31.951
2026-02-11T00:00:00,31.104
2026-02-11T01:00:00,29.839
2026-02-11T02:00:00,25.494
2026-02-11T03:00:00,24.225
2026-02-11T04:00:00,21.662
2026-02-11T05:00:00,20.020
2026-02-11T06:00:00,16.696
2026-02-11T07:00:00,16.511
2026-02-11T08:00:00,17.040
2026-02-11T09:00:00,17.780
2026-02-11T10:00:00,19.017
2026-02-11T11:00:00,19.627
2026-02-11T12:00:00,22.250
2026-02-11T13:00:00,23.715
2026-02-11T14:00:00,26.098
2026-02-11T15:00:00,27.651
2026-02-11T16:00:00,25.752
2026-02-11T17:00:00,32.090
2026-02-11T18:00:00,35.730
2026-02-11T19:00:00,33.074
2026-02-11T20:00:00,33.841
2026-02-11T21:00:00,30.871
2026-02-11T22:00:00,31.835
2026-02-11T23:00:00,29.434
2026-02-12T00:00:00,31.152
2026-02-12T01:00:00,27.798
2026-02-12T02:00:00,26.270
2026-02-12T03:00:00,22.297
2026-02-12T04:00:00,22.708
2026-02-12T05:00:00,19.916
2026-02-12T06:00:00,18.461
2026-02-12T07:00:00,16.536
2026-02-12T08:00:00,17.172
2026-02-12T09:00:00,14.521
2026-02-12T10:00:00,17.919
2026-02-12T11:00:00,19.651
2026-02-12T12:00:00,20.209
2026-02-12T13:00:00,23.271
2026-02-12T14:00:00,29.302
2026-02-12T15:00:00,29.238
2026-02-12T16:00:00,28.822
2026-02-12T17:00:00,30.364
2026-02-12T18:00:00,29.280
2026-02-12T19:00:00,34.367
2026-02-12T20:00:00,36.071
2026-02-12T21:00:00,33.694
2026-02-12T22:00:00,37.472
2026-02-12T23:00:00,32.944
2026-02-13T00:00:00,32.939
2026-02-13T01:00:00,26.419
2026-02-13T02:00:00,22.926
2026-02-13T03:00:00,21.564
2026-02-13T04:00:00,21.107
2026-02-13T05:00:00,17.713
2026-02-13T06:00:00,18.028
2026-02-13T07:00:00,18.285
2026-02-13T08:00:00,18.662
2026-02-13T09:00:00,17.622
2026-02-13T10:00:00,18.237
2026-02-13T11:00:00,19.631
2026-02-13T12:00:00,22.241
2026-02-13T13:00:00,24.618
2026-02-13T14:00:00,27.662
2026-02-13T15:00:00,28.706
2026-02-13T16:00:00,29.666
2026-02-13T17:00:00,32.293
2026-02-13T18:00:00,32.311
2026-02-13T19:00:00,32.019
2026-02-13T20:00:00,33.880
2026-02-13T21:00:00,31.872
2026-02-13T22:00:00,32.450
2026-02-13T23:00:00,31.437
2026-02-14T00:00:00,27.790
2026-02-14T01:00:00,27.783
2026-02-14T02:00:00,25.341
2026-02-14T03:00:00,26.390
2026-02-14T04:00:00,19.862
2026-02-14T05:00:00,19.948
2026-02-14T06:00:00,18.965
2026-02-14T07:00:00,17.042
2026-02-14T08:00:00,17.155
2026-02-14T09:00:00,18.007
2026-02-14T10:00:00,16.931
2026-02-14T11:00:00,20.351
2026-02-14T12:00:00,20.406
2026-02-14T13:00:00,25.348
2026-02-14T14:00:00,24.504
2026-02-14T15:00:00,27.854
2026-02-14T16:00:00,30.503
2026-02-14T17:00:00,32.253
2026-02-14T18:00:00,33.287
2026-02-14T19:00:00,36.656
2026-02-14T20:00:00,36.755
2026-02-14T21:00:00,32.343
2026-02-14T22:00:00,32.870
2026-02-14T23:00:00,32.459
2026-02-15T00:00:00,30.619
2026-02-15T01:00:00,27.470
2026-02-15T02:00:00,26.265
2026-02-15T03:00:00,24.396
2026-02-15T04:00:00,23.036
2026-02-15T05:00:00,20.514
2026-02-15T06:00:00,17.878
2026-02-15T07:00:00,17.011
2026-02-15T08:00:00,17.842
2026-02-15T09:00:00,17.499
2026-02-15T10:00:00,19.168
2026-02-15T11:00:00,18.114
2026-02-15T12:00:00,19.471
2026-02-15T13:00:00,22.688
2026-02-15T14:00:00,24.255
2026-02-15T15:00:00,28.326
2026-02-15T16:00:00,30.928
2026-02-15T17:00:00,30.182
2026-02-15T18:00:00,32.796
2026-02-15T19:00:00,31.574
2026-02-15T20:00:00,36.797
2026-02-15T21:00:00,33.646
2026-02-15T22:00:00,30.478
2026-02-15T23:00:00,33.769
2026-02-16T00:00:00,31.046
2026-02-16T01:00:00,29.129
2026-02-16T02:00:00,23.215
2026-02-16T03:00:00,21.830
2026-02-16T04:00:00,20.784
2026-02-16T05:00:00,19.954
2026-02-16T06:00:00,17.363
2026-02-16T07:00:00,15.947
2026-02-16T08:00:00,16.023
2026-02-16T09:00:00,17.074
2026-02-16T10:00:00,17.558
2026-02-16T11:00:00,20.816
2026-02-16T12:00:00,22.756
2026-02-16T13:00:00,23.533
2026-02-16T14:00:00,26.518
2026-02-16T15:00:00,26.354
2026-02-16T16:00:00,32.030
2026-02-16T17:00:00,30.886
2026-02-16T18:00:00,30.524
2026-02-16T19:00:00,35.479
2026-02-16T20:00:00,37.628
2026-02-16T21:00:00,30.471
2026-02-16T22:00:00,31.846
2026-02-16T23:00:00,32.790
2026-02-17T00:00:00,30.544
2026-02-17T01:00:00,28.002
2026-02-17T02:00:00,27.130
2026-02-17T03:00:00,23.223
2026-02-17T04:00:00,19.821
2026-02-17T05:00:00,19.599
2026-02-17T06:00:00,18.538
2026-02-17T07:00:00,15.251
2026-02-17T08:00:00,16.262
2026-02-17T09:00:00,15.631
2026-02-17T10:00:00,17.782
2026-02-17T11:00:00,18.227
2026-02-17T12:00:00,19.165
2026-02-17T13:00:00,22.715
2026-02-17T14:00:00,25.616
2026-02-17T15:00:00,30.933
2026-02-17T16:00:00,30.766
2026-02-17T17:00:00,27.486
2026-02-17T18:00:00,31.493
2026-02-17T19:00:00,36.782
2026-02-17T20:00:00,41.894
2026-02-17T21:00:00,33.986
2026-02-17T22:00:00,28.807
2026-02-17T23:00:00,32.615
2026-02-18T00:00:00,32.127
2026-02-18T01:00:00,25.035
2026-02-18T02:00:00,24.836
2026-02-18T03:00:00,23.187
2026-02-18T04:00:00,21.901
2026-02-18T05:00:00,20.859
2026-02-18T06:00:00,18.429
2026-02-18T07:00:00,17.318
2026-02-18T08:00:00,17.240
2026-02-18T09:00:00,17.505
2026-02-18T10:00:00,18.771
2026-02-18T11:00:00,19.631
2026-02-18T12:00:00,20.996
2026-02-18T13:00:00,24.960
2026-02-18T14:00:00,25.185
2026-02-18T15:00:00,30.568
2026-02-18T16:00:00,32.403
2026-02-18T17:00:00,33.821
2026-02-18T18:00:00,31.659
2026-02-18T19:00:00,30.580
2026-02-18T20:00:00,33.583
2026-02-18T21:00:00,38.254
2026-02-18T22:00:00,35.662
2026-02-18T23:00:00,29.610
2026-02-19T00:00:00,27.071
2026-02-19T01:00:00,29.201
2026-02-19T02:00:00,25.635
2026-02-19T03:00:00,22.934
2026-02-19T04:00:00,19.743
2026-02-19T05:00:00,20.020
2026-02-19T06:00:00,18.465
2026-02-19T07:00:00,17.257
2026-02-19T08:00:00,15.838
2026-02-19T09:00:00,16.768
2026-02-19T10:00:00,18.303
2026-02-19T11:00:00,17.159
2026-02-19T12:00:00,19.967
2026-02-19T13:00:00,26.774
2026-02-19T14:00:00,27.347
2026-02-19T15:00:00,29.227
2026-02-19T16:00:00,32.271
2026-02-19T17:00:00,30.657
2026-02-19T18:00:00,35.930
2026-02-19T19:00:00,32.211
2026-02-19T20:00:00,30.037
2026-02-19T21:00:00,32.432
2026-02-19T22:00:00,28.596
2026-02-19T23:00:00,30.305
2026-02-20T00:00:00,29.059
2026-02-20T01:00:00,27.067
2026-02-20T02:00:00,24.376
2026-02-20T03:00:00,21.706
2026-02-20T04:00:00,20.590
2026-02-20T05:00:00,18.308
2026-02-20T06:00:00,18.276
2026-02-20T07:00:00,18.626
2026-02-20T08:00:00,16.621
2026-02-20T09:00:00,17.692
2026-02-20T10:00:00,18.247
2026-02-20T11:00:00,19.177
2026-02-20T12:00:00,22.957
2026-02-20T13:00:00,23.497
2026-02-20T14:00:00,26.548
2026-02-20T15:00:00,28.129
2026-02-20T16:00:00,31.302
2026-02-20T17:00:00,32.960
2026-02-20T18:00:00,29.428
2026-02-20T19:00:00,35.782
2026-02-20T20:00:00,34.283
2026-02-20T21:00:00,31.397
2026-02-20T22:00:00,35.371
2026-02-20T23:00:00,35.992
2026-02-21T00:00:00,30.727
2026-02-21T01:00:00,27.796
2026-02-21T02:00:00,24.661
2026-02-21T03:00:00,23.271
2026-02-21T04:00:00,17.919
2026-02-21T05:00:00,19.602
2026-02-21T06:00:00,17.023
2026-02-21T07:00:00,16.540
2026-02-21T08:00:00,17.974
2026-02-21T09:00:00,17.500
2026-02-21T10:00:00,17.782
2026-02-21T11:00:00,19.191
2026-02-21T12:00:00,22.344
2026-02-21T13:00:00,22.664
2026-02-21T14:00:00,26.407
2026-02-21T15:00:00,28.243
2026-02-21T16:00:00,30.784
2026-02-21T17:00:00,33.264
2026-02-21T18:00:00,30.419
2026-02-21T19:00:00,35.330
2026-02-21T20:00:00,35.048
2026-02-21T21:00:00,32.780
2026-02-21T22:00:00,34.968
2026-02-21T23:00:00,32.587
2026-02-22T00:00:00,28.472
2026-02-22T01:00:00,26.340
2026-02-22T02:00:00,25.368
2026-02-22T03:00:00,22.383
2026-02-22T04:00:00,18.823
2026-02-22T05:00:00,20.578
2026-02-22T06:00:00,18.396
2026-02-22T07:00:00,17.204
2026-02-22T08:00:00,16.502
2026-02-22T09:00:00,19.056
2026-02-22T10:00:00,19.016
2026-02-22T11:00:00,18.635
2026-02-22T12:00:00,21.729
2026-02-22T13:00:00,23.934
2026-02-22T14:00:00,25.716
2026-02-22T15:00:00,27.909
2026-02-22T16:00:00,28.151
2026-02-22T17:00:00,31.558
2026-02-22T18:00:00,34.545
2026-02-22T19:00:00,37.082
2026-02-22T20:00:00,36.246
2026-02-22T21:00:00,33.901
2026-02-22T22:00:00,33.099
2026-02-22T23:00:00,31.356
2026-02-23T00:00:00,29.256
2026-02-23T01:00:00,28.307
2026-02-23T02:00:00,26.883
2026-02-23T03:00:00,23.148
2026-02-23T04:00:00,22.668
2026-02-23T05:00:00,18.906
2026-02-23T06:00:00,17.168
2026-02-23T07:00:00,16.833
2026-02-23T08:00:00,18.445
2026-02-23T09:00:00,15.944
2026-02-23T10:00:00,17.740
2026-02-23T11:00:00,18.398
2026-02-23T12:00:00,19.969
2026-02-23T13:00:00,22.831
2026-02-23T14:00:00,23.454
2026-02-23T15:00:00,30.463
2026-02-23T16:00:00,26.976
2026-02-23T17:00:00,30.394
2026-02-23T18:00:00,32.021
2026-02-23T19:00:00,35.932
2026-02-23T20:00:00,36.617
2026-02-23T21:00:00,37.804
2026-02-23T22:00:00,32.303
2026-02-23T23:00:00,30.099
2026-02-24T00:00:00,30.588
2026-02-24T01:00:00,28.182
2026-02-24T02:00:00,27.089
2026-02-24T03:00:00,22.945
2026-02-24T04:00:00,20.144
2026-02-24T05:00:00,17.901
2026-02-24T06:00:00,16.825
2026-02-24T07:00:00,15.819
2026-02-24T08:00:00,16.626
2026-02-24T09:00:00,16.151
2026-02-24T10:00:00,16.305
2026-02-24T11:00:00,20.209
2026-02-24T12:00:00,21.526
2026-02-24T13:00:00,22.885
2026-02-24T14:00:00,26.892
2026-02-24T15:00:00,28.910
2026-02-24T16:00:00,28.855
2026-02-24T17:00:00,34.370
2026-02-24T18:00:00,32.111
2026-02-24T19:00:00,33.472
2026-02-24T20:00:00,32.163
2026-02-24T21:00:00,35.845
2026-02-24T22:00:00,35.262
2026-02-24T23:00:00,33.240
2026-02-25T00:00:00,29.024
2026-02-25T01:00:00,26.351
2026-02-25T02:00:00,27.057
2026-02-25T03:00:00,21.667
2026-02-25T04:00:00,21.581
2026-02-25T05:00:00,17.255
2026-02-25T06:00:00,18.218
2026-02-25T07:00:00,16.817
2026-02-25T08:00:00,15.863
2026-02-25T09:00:00,16.777
2026-02-25T10:00:00,15.818
2026-02-25T11:00:00,17.396
2026-02-25T12:00:00,20.616
2026-02-25T13:00:00,23.248
2026-02-25T14:00:00,25.294
2026-02-25T15:00:00,25.372
2026-02-25T16:00:00,28.299
2026-02-25T17:00:00,35.579
2026-02-25T18:00:00,30.912
2026-02-25T19:00:00,29.422
2026-02-25T20:00:00,33.748
2026-02-25T21:00:00,36.893
2026-02-25T22:00:00,31.498
2026-02-25T23:00:00,32.806
2026-02-26T00:00:00,27.417
2026-02-26T01:00:00,28.846
2026-02-26T02:00:00,27.359
2026-02-26T03:00:00,21.507
2026-02-26T04:00:00,22.132
2026-02-26T05:00:00,19.109
2026-02-26T06:00:00,18.243
2026-02-26T07:00:00,17.325
2026-02-26T08:00:00,15.093
2026-02-26T09:00:00,16.531
2026-02-26T10:00:00,16.044
2026-02-26T11:00:00,18.593
2026-02-26T12:00:00,22.456
2026-02-26T13:00:00,26.792
2026-02-26T14:00:00,28.879
2026-02-26T15:00:00,28.256
2026-02-26T16:00:00,29.811
2026-02-26T17:00:00,33.743
2026-02-26T18:00:00,33.672
2026-02-26T19:00:00,35.397
2026-02-26T20:00:00,36.104
2026-02-26T21:00:00,33.413
2026-02-26T22:00:00,34.610
2026-02-26T23:00:00,30.859
2026-02-27T00:00:00,29.504
2026-02-27T01:00:00,27.883
2026-02-27T02:00:00,26.626
2026-02-27T03:00:00,25.310
2026-02-27T04:00:00,22.445
2026-02-27T05:00:00,18.912
2026-02-27T06:00:00,16.227
2026-02-27T07:00:00,16.473
2026-02-27T08:00:00,17.887
2026-02-27T09:00:00,17.310
2026-02-27T10:00:00,17.424
2026-02-27T11:00:00,19.489
2026-02-27T12:00:00,20.770
2026-02-27T13:00:00,21.159
2026-02-27T14:00:00,25.584
2026-02-27T15:00:00,28.652
2026-02-27T16:00:00,28.852
2026-02-27T17:00:00,31.703
2026-02-27T18:00:00,34.709
2026-02-27T19:00:00,34.966
2026-02-27T20:00:00,30.831
2026-02-27T21:00:00,36.947
2026-02-27T22:00:00,29.562
2026-02-27T23:00:00,30.798
2026-02-28T00:00:00,29.586
2026-02-28T01:00:00,27.916
2026-02-28T02:00:00,25.361
2026-02-28T03:00:00,22.957
2026-02-28T04:00:00,20.343
2026-02-28T05:00:00,19.351
2026-02-28T06:00:00,17.443
2026-02-28T07:00:00,16.337
2026-02-28T08:00:00,18.743
2026-02-28T09:00:00,17.387
2026-02-28T10:00:00,17.808
2026-02-28T11:00:00,20.217
2026-02-28T12:00:00,22.705
2026-02-28T13:00:00,22.987
2026-02-28T14:00:00,26.220
2026-02-28T15:00:00,26.093
2026-02-28T16:00:00,29.056
2026-02-28T17:00:00,33.241
2026-02-28T18:00:00,35.525
2026-02-28T19:00:00,30.964
2026-02-28T20:00:00,33.117
2026-02-28T21:00:00,33.601
2026-02-28T22:00:00,34.844
2026-02-28T23:00:00,31.850
2026-03-01T00:00:00,30.966
2026-03-01T01:00:00,26.943
2026-03-01T02:00:00,23.252
2026-03-01T03:00:00,22.590
2026-03-01T04:00:00,19.728
2026-03-01T05:00:00,15.095
2026-03-01T06:00:00,16.492
2026-03-01T07:00:00,15.262
2026-03-01T08:00:00,15.592
2026-03-01T09:00:00,15.636
2026-03-01T10:00:00,15.969
2026-03-01T11:00:00,17.318
2026-03-01T12:00:00,20.338
2026-03-01T13:00:00,23.359
2026-03-01T14:00:00,21.959
2026-03-01T15:00:00,23.983
2026-03-01T16:00:00,28.009
2026-03-01T17:00:00,31.882
2026-03-01T18:00:00,31.959
2026-03-01T19:00:00,30.457
2026-03-01T20:00:00,31.782
2026-03-01T21:00:00,31.785
2026-03-01T22:00:00,30.296
2026-03-01T23:00:00,32.977
2026-03-02T00:00:00,26.469
2026-03-02T01:00:00,26.892
2026-03-02T02:00:00,23.226
2026-03-02T03:00:00,21.628
2026-03-02T04:00:00,21.775
2026-03-02T05:00:00,19.070
2026-03-02T06:00:00,18.222
2026-03-02T07:00:00,15.615
2026-03-02T08:00:00,15.082
2026-03-02T09:00:00,15.497
2026-03-02T10:00:00,17.424
2026-03-02T11:00:00,18.620
2026-03-02T12:00:00,20.570
2026-03-02T13:00:00,21.266
2026-03-02T14:00:00,23.123
2026-03-02T15:00:00,26.766
2026-03-02T16:00:00,24.525
2026-03-02T17:00:00,30.453
2026-03-02T18:00:00,29.167
2026-03-02T19:00:00,31.963
2026-03-02T20:00:00,33.396
2026-03-02T21:00:00,28.543
2026-03-02T22:00:00,25.575
2026-03-02T23:00:00,29.622
2026-03-03T00:00:00,31.471
2026-03-03T01:00:00,26.558
2026-03-03T02:00:00,23.905
2026-03-03T03:00:00,21.278
2026-03-03T04:00:00,18.499
2026-03-03T05:00:00,16.364
2026-03-03T06:00:00,16.194
2026-03-03T07:00:00,16.349
2026-03-03T08:00:00,13.820
2026-03-03T09:00:00,14.780
2026-03-03T10:00:00,14.519
2026-03-03T11:00:00,18.721
2026-03-03T12:00:00,21.860
2026-03-03T13:00:00,20.430
2026-03-03T14:00:00,23.386
2026-03-03T15:00:00,25.685
2026-03-03T16:00:00,28.499
2026-03-03T17:00:00,30.780
2026-03-03T18:00:00,31.042
2026-03-03T19:00:00,35.173
2026-03-03T20:00:00,34.810
2026-03-03T21:00:00,30.956
2026-03-03T22:00:00,29.715
2026-03-03T23:00:00,29.539
2026-03-04T00:00:00,27.657
2026-03-04T01:00:00,25.158
2026-03-04T02:00:00,21.499
2026-03-04T03:00:00,20.069
2026-03-04T04:00:00,18.997
2026-03-04T05:00:00,17.496
2026-03-04T06:00:00,15.863
2026-03-04T07:00:00,17.366
2026-03-04T08:00:00,16.383
2026-03-04T09:00:00,15.738
2026-03-04T10:00:00,17.359
2026-03-04T11:00:00,15.591
2026-03-04T12:00:00,19.920
2026-03-04T13:00:00,21.698
2026-03-04T14:00:00,23.191
2026-03-04T15:00:00,26.591
2026-03-04T16:00:00,27.900
2026-03-04T17:00:00,27.317
2026-03-04T18:00:00,31.021
2026-03-04T19:00:00,34.453
2026-03-04T20:00:00,31.515
2026-03-04T21:00:00,34.314
2026-03-04T22:00:00,28.520
2026-03-04T23:00:00,29.680
2026-03-05T00:00:00,27.027
2026-03-05T01:00:00,25.738
2026-03-05T02:00:00,23.432
2026-03-05T03:00:00,21.823
2026-03-05T04:00:00,19.587
2026-03-05T05:00:00,17.054
2026-03-05T06:00:00,16.938
2026-03-05T07:00:00,16.722
2026-03-05T08:00:00,16.908
2026-03-05T09:00:00,14.369
2026-03-05T10:00:00,16.458
2026-03-05T11:00:00,16.323
2026-03-05T12:00:00,19.009
2026-03-05T13:00:00,22.034
2026-03-05T14:00:00,24.876
2026-03-05T15:00:00,27.691
2026-03-05T16:00:00,29.851
2026-03-05T17:00:00,31.382
2026-03-05T18:00:00,30.178
2026-03-05T19:00:00,32.898
2026-03-05T20:00:00,32.018
2026-03-05T21:00:00,32.908
2026-03-05T22:00:00,33.709
2026-03-05T23:00:00,32.123
2026-03-06T00:00:00,29.212
2026-03-06T01:00:00,27.142
2026-03-06T02:00:00,23.582
2026-03-06T03:00:00,21.375
2026-03-06T04:00:00,20.544
2026-03-06T05:00:00,17.118
2026-03-06T06:00:00,18.350
2026-03-06T07:00:00,16.669
2026-03-06T08:00:00,13.315
2026-03-06T09:00:00,14.367
2026-03-06T10:00:00,16.056
2026-03-06T11:00:00,19.593
2026-03-06T12:00:00,20.128
2026-03-06T13:00:00,21.271
2026-03-06T14:00:00,24.386
2026-03-06T15:00:00,25.023
2026-03-06T16:00:00,28.058
2026-03-06T17:00:00,32.413
2026-03-06T18:00:00,29.391
2026-03-06T19:00:00,28.922
2026-03-06T20:00:00,33.150
2026-03-06T21:00:00,30.006
2026-03-06T22:00:00,30.789
2026-03-06T23:00:00,31.830
2026-03-07T00:00:00,27.562
2026-03-07T01:00:00,24.225
2026-03-07T02:00:00,23.626
2026-03-07T03:00:00,22.070
2026-03-07T04:00:00,18.735
2026-03-07T05:00:00,18.004
2026-03-07T06:00:00,16.120
2026-03-07T07:00:00,14.835
2026-03-07T08:00:00,14.025
2026-03-07T09:00:00,15.784
2026-03-07T10:00:00,16.856
2026-03-07T11:00:00,17.257
2026-03-07T12:00:00,18.513
2026-03-07T13:00:00,21.854
2026-03-07T14:00:00,23.260
2026-03-07T15:00:00,27.024
2026-03-07T16:00:00,27.988
2026-03-07T17:00:00,31.613
2026-03-07T18:00:00,29.931
2026-03-07T19:00:00,33.174
2026-03-07T20:00:00,35.101
2026-03-07T21:00:00,30.719
2026-03-07T22:00:00,32.901
2026-03-07T23:00:00,28.721
2026-03-08T00:00:00,30.594
2026-03-08T01:00:00,26.210
2026-03-08T02:00:00,23.783
2026-03-08T03:00:00,22.053
2026-03-08T04:00:00,20.415
2026-03-08T05:00:00,19.912
2026-03-08T06:00:00,15.717
2026-03-08T07:00:00,14.990
2026-03-08T08:00:00,15.455
2026-03-08T09:00:00,15.693
2026-03-08T10:00:00,16.188
2026-03-08T11:00:00,17.468
2026-03-08T12:00:00,20.618
2026-03-08T13:00:00,19.942
2026-03-08T14:00:00,25.560
2026-03-08T15:00:00,24.554
2026-03-08T16:00:00,32.132
2026-03-08T17:00:00,27.616
2026-03-08T18:00:00,28.688
2026-03-08T19:00:00,33.416
2026-03-08T20:00:00,29.835
2026-03-08T21:00:00,31.472
2026-03-08T22:00:00,31.479
2026-03-08T23:00:00,27.235
2026-03-09T00:00:00,28.662
2026-03-09T01:00:00,24.234
2026-03-09T02:00:00,18.554
2026-03-09T03:00:00,21.276
2026-03-09T04:00:00,21.118
2026-03-09T05:00:00,19.259
2026-03-09T06:00:00,17.227
2026-03-09T07:00:00,16.639
2026-03-09T08:00:00,15.638
2026-03-09T09:00:00,16.122
2026-03-09T10:00:00,16.111
2026-03-09T11:00:00,17.716
2026-03-09T12:00:00,20.105
2026-03-09T13:00:00,21.257
2026-03-09T14:00:00,26.120
2026-03-09T15:00:00,28.453
2026-03-09T16:00:00,26.047
2026-03-09T17:00:00,31.503
2026-03-09T18:00:00,33.888
2026-03-09T19:00:00,31.098
2026-03-09T20:00:00,32.848
2026-03-09T21:00:00,32.586
2026-03-09T22:00:00,33.240
2026-03-09T23:00:00,28.284
2026-03-10T00:00:00,26.717
2026-03-10T01:00:00,26.595
2026-03-10T02:00:00,23.931
2026-03-10T03:00:00,22.205
2026-03-10T04:00:00,20.545
2026-03-10T05:00:00,17.480
2026-03-10T06:00:00,15.840
2026-03-10T07:00:00,15.417
2026-03-10T08:00:00,14.471
2026-03-10T09:00:00,13.877
2026-03-10T10:00:00,16.824
2026-03-10T11:00:00,17.497
2026-03-10T12:00:00,20.197
2026-03-10T13:00:00,21.879
2026-03-10T14:00:00,22.509
2026-03-10T15:00:00,26.595
2026-03-10T16:00:00,27.050
2026-03-10T17:00:00,29.779
2026-03-10T18:00:00,32.475
2026-03-10T19:00:00,31.896
2026-03-10T20:00:00,34.884
2026-03-10T21:00:00,31.319
2026-03-10T22:00:00,34.819
2026-03-10T23:00:00,32.826
2026-03-11T00:00:00,26.974
2026-03-11T01:00:00,23.955
2026-03-11T02:00:00,21.186
2026-03-11T03:00:00,20.812
2026-03-11T04:00:00,20.350
2026-03-11T05:00:00,16.402
2026-03-11T06:00:00,17.078
2026-03-11T07:00:00,15.974
2026-03-11T08:00:00,14.098
2026-03-11T09:00:00,15.461
2026-03-11T10:00:00,17.116
2026-03-11T11:00:00,16.872
2026-03-11T12:00:00,18.508
2026-03-11T13:00:00,23.969
2026-03-11T14:00:00,21.932
2026-03-11T15:00:00,26.224
2026-03-11T16:00:00,30.093
2026-03-11T17:00:00,29.599
2026-03-11T18:00:00,29.820
2026-03-11T19:00:00,30.571
2026-03-11T20:00:00,35.545
2026-03-11T21:00:00,33.509
2026-03-11T22:00:00,29.941
2026-03-11T23:00:00,30.321
2026-03-12T00:00:00,28.730
2026-03-12T01:00:00,23.348
2026-03-12T02:00:00,25.129
2026-03-12T03:00:00,20.825
2026-03-12T04:00:00,20.830
2026-03-12T05:00:00,19.335
2026-03-12T06:00:00,17.155
2026-03-12T07:00:00,15.332
2026-03-12T08:00:00,15.831
2026-03-12T09:00:00,16.819
2026-03-12T10:00:00,16.018
2026-03-12T11:00:00,19.573
2026-03-12T12:00:00,19.015
2026-03-12T13:00:00,20.188
2026-03-12T14:00:00,22.614
2026-03-12T15:00:00,27.158
2026-03-12T16:00:00,28.800
2026-03-12T17:00:00,31.303
2026-03-12T18:00:00,30.976
2026-03-12T19:00:00,32.052
2026-03-12T20:00:00,32.537
2026-03-12T21:00:00,31.390
2026-03-12T22:00:00,30.494
2026-03-12T23:00:00,31.765
2026-03-13T00:00:00,27.578
2026-03-13T01:00:00,27.359
2026-03-13T02:00:00,22.275
2026-03-13T03:00:00,21.527
2026-03-13T04:00:00,19.676
2026-03-13T05:00:00,18.875
2026-03-13T06:00:00,17.530
2026-03-13T07:00:00,16.092
2026-03-13T08:00:00,14.540
2026-03-13T09:00:00,16.420
2026-03-13T10:00:00,16.865
2026-03-13T11:00:00,18.104
2026-03-13T12:00:00,19.384
2026-03-13T13:00:00,21.958
2026-03-13T14:00:00,27.066
2026-03-13T15:00:00,26.116
2026-03-13T16:00:00,28.799
2026-03-13T17:00:00,31.192
2026-03-13T18:00:00,30.021
2026-03-13T19:00:00,31.420
2026-03-13T20:00:00,32.985
2026-03-13T21:00:00,31.866
2026-03-13T22:00:00,29.386
2026-03-13T23:00:00,29.555
2026-03-14T00:00:00,30.450
2026-03-14T01:00:00,26.349
2026-03-14T02:00:00,21.849
2026-03-14T03:00:00,22.567
2026-03-14T04:00:00,18.407
2026-03-14T05:00:00,17.998
2026-03-14T06:00:00,15.024
2026-03-14T07:00:00,15.440
2026-03-14T08:00:00,15.731
2026-03-14T09:00:00,16.363
2026-03-14T10:00:00,17.341
2026-03-14T11:00:00,18.438
2026-03-14T12:00:00,20.182
2026-03-14T13:00:00,22.509
2026-03-14T14:00:00,21.015
2026-03-14T15:00:00,25.479
2026-03-14T16:00:00,24.708
2026-03-14T17:00:00,28.697
2026-03-14T18:00:00,32.504
2026-03-14T19:00:00,30.656
2026-03-14T20:00:00,31.161
2026-03-14T21:00:00,33.861
2026-03-14T22:00:00,33.813
2026-03-14T23:00:00,29.592
2026-03-15T00:00:00,28.031
2026-03-15T01:00:00,27.866
2026-03-15T02:00:00,23.265
2026-03-15T03:00:00,19.406
2026-03-15T04:00:00,18.288
2026-03-15T05:00:00,18.709
2026-03-15T06:00:00,17.595
2026-03-15T07:00:00,16.572
2026-03-15T08:00:00,15.557
2026-03-15T09:00:00,14.400
2026-03-15T10:00:00,16.755
2026-03-15T11:00:00,17.324
2026-03-15T12:00:00,21.698
2026-03-15T13:00:00,23.162
2026-03-15T14:00:00,24.474
2026-03-15T15:00:00,23.921
2026-03-15T16:00:00,25.781
2026-03-15T17:00:00,31.187
2026-03-15T18:00:00,26.819
2026-03-15T19:00:00,30.402
2026-03-15T20:00:00,35.246
2026-03-15T21:00:00,29.683
2026-03-15T22:00:00,31.890
2026-03-15T23:00:00,28.494
2026-03-16T00:00:00,27.719
2026-03-16T01:00:00,27.478
2026-03-16T02:00:00,25.281
2026-03-16T03:00:00,24.712
2026-03-16T04:00:00,17.787
2026-03-16T05:00:00,17.923
2026-03-16T06:00:00,16.230
2026-03-16T07:00:00,17.633
2026-03-16T08:00:00,17.127
2026-03-16T09:00:00,15.843
2026-03-16T10:00:00,15.518
2026-03-16T11:00:00,21.025
2026-03-16T12:00:00,19.064
2026-03-16T13:00:00,22.055
2026-03-16T14:00:00,24.317
2026-03-16T15:00:00,26.540
2026-03-16T16:00:00,26.943
2026-03-16T17:00:00,29.865
2026-03-16T18:00:00,30.646
2026-03-16T19:00:00,31.906
2026-03-16T20:00:00,28.739
2026-03-16T21:00:00,33.763
2026-03-16T22:00:00,30.172
2026-03-16T23:00:00,29.426
2026-03-17T00:00:00,25.515
2026-03-17T01:00:00,25.639
2026-03-17T02:00:00,25.080
2026-03-17T03:00:00,21.511
2026-03-17T04:00:00,20.159
2026-03-17T05:00:00,18.032
2026-03-17T06:00:00,17.062
2026-03-17T07:00:00,16.485
2026-03-17T08:00:00,16.441
2026-03-17T09:00:00,14.329
2026-03-17T10:00:00,16.409
2026-03-17T11:00:00,16.324
2026-03-17T12:00:00,20.619
2026-03-17T13:00:00,23.335
2026-03-17T14:00:00,22.030
2026-03-17T15:00:00,26.040
2026-03-17T16:00:00,28.975
2026-03-17T17:00:00,29.796
2026-03-17T18:00:00,31.876
2026-03-17T19:00:00,34.773
2026-03-17T20:00:00,32.599
2026-03-17T21:00:00,33.202
2026-03-17T22:00:00,33.809
2026-03-17T23:00:00,30.941
2026-03-18T00:00:00,30.802
2026-03-18T01:00:00,24.214
2026-03-18T02:00:00,26.460
2026-03-18T03:00:00,22.019
2026-03-18T04:00:00,18.685
2026-03-18T05:00:00,17.964
2026-03-18T06:00:00,17.089
2026-03-18T07:00:00,15.253
2026-03-18T08:00:00,15.062
2026-03-18T09:00:00,16.956
2026-03-18T10:00:00,15.687
2026-03-18T11:00:00,17.850
2026-03-18T12:00:00,19.523
2026-03-18T13:00:00,22.598
2026-03-18T14:00:00,25.237
2026-03-18T15:00:00,25.905
2026-03-18T16:00:00,28.697
2026-03-18T17:00:00,30.896
2026-03-18T18:00:00,31.567
2026-03-18T19:00:00,33.167
2026-03-18T20:00:00,35.041
2026-03-18T21:00:00,32.050
2026-03-18T22:00:00,32.666
2026-03-18T23:00:00,29.709
2026-03-19T00:00:00,28.616
2026-03-19T01:00:00,29.927
2026-03-19T02:00:00,23.893
2026-03-19T03:00:00,22.016
2026-03-19T04:00:00,19.072
2026-03-19T05:00:00,18.119
2026-03-19T06:00:00,15.646
2026-03-19T07:00:00,16.885
2026-03-19T08:00:00,16.162
2026-03-19T09:00:00,16.030
2026-03-19T10:00:00,17.798
2026-03-19T11:00:00,18.948
2026-03-19T12:00:00,19.702
2026-03-19T13:00:00,22.445
2026-03-19T14:00:00,23.811
2026-03-19T15:00:00,24.227
2026-03-19T16:00:00,28.934
2026-03-19T17:00:00,33.446
2026-03-19T18:00:00,30.809
2026-03-19T19:00:00,35.367
2026-03-19T20:00:00,31.159
2026-03-19T21:00:00,32.494
2026-03-19T22:00:00,30.100
2026-03-19T23:00:00,31.824
2026-03-20T00:00:00,28.097
2026-03-20T01:00:00,26.851
2026-03-20T02:00:00,24.554
2026-03-20T03:00:00,23.569
2026-03-20T04:00:00,19.939
2026-03-20T05:00:00,17.568
2026-03-20T06:00:00,17.118
2026-03-20T07:00:00,16.276
2026-03-20T08:00:00,16.319
2026-03-20T09:00:00,14.595
2026-03-20T10:00:00,16.285
2026-03-20T11:00:00,16.855
2026-03-20T12:00:00,18.251
2026-03-20T13:00:00,22.449
2026-03-20T14:00:00,27.982
2026-03-20T15:00:00,26.939
2026-03-20T16:00:00,30.201
2026-03-20T17:00:00,29.613
2026-03-20T18:00:00,30.083
2026-03-20T19:00:00,34.094
2026-03-20T20:00:00,32.095
2026-03-20T21:00:00,34.316
2026-03-20T22:00:00,33.379
2026-03-20T23:00:00,31.172
2026-03-21T00:00:00,31.294
2026-03-21T01:00:00,25.938
2026-03-21T02:00:00,24.344
2026-03-21T03:00:00,18.906
2026-03-21T04:00:00,21.021
2026-03-21T05:00:00,18.425
2026-03-21T06:00:00,17.036
2026-03-21T07:00:00,14.579
2026-03-21T08:00:00,16.283
2026-03-21T09:00:00,17.007
2026-03-21T10:00:00,16.027
2026-03-21T11:00:00,17.672
2026-03-21T12:00:00,18.435
2026-03-21T13:00:00,19.356
2026-03-21T14:00:00,26.919
2026-03-21T15:00:00,26.360
2026-03-21T16:00:00,27.517
2026-03-21T17:00:00,27.430
2026-03-21T18:00:00,32.079
2026-03-21T19:00:00,30.095
2026-03-21T20:00:00,32.974
2026-03-21T21:00:00,32.988
2026-03-21T22:00:00,33.013
2026-03-21T23:00:00,30.785
2026-03-22T00:00:00,25.521
2026-03-22T01:00:00,27.165
2026-03-22T02:00:00,24.351
2026-03-22T03:00:00,20.175
2026-03-22T04:00:00,17.121
2026-03-22T05:00:00,18.989
2026-03-22T06:00:00,16.447
2026-03-22T07:00:00,15.428
2026-03-22T08:00:00,16.083
2026-03-22T09:00:00,15.717
2026-03-22T10:00:00,16.776
2026-03-22T11:00:00,18.504
2026-03-22T12:00:00,19.278
2026-03-22T13:00:00,20.901
2026-03-22T14:00:00,25.054
2026-03-22T15:00:00,27.118
2026-03-22T16:00:00,26.818
2026-03-22T17:00:00,28.932
2026-03-22T18:00:00,27.631
2026-03-22T19:00:00,33.668
2026-03-22T20:00:00,30.341
2026-03-22T21:00:00,31.957
2026-03-22T22:00:00,31.353
2026-03-22T23:00:00,32.279
2026-03-23T00:00:00,28.115
2026-03-23T01:00:00,25.562
2026-03-23T02:00:00,21.227
2026-03-23T03:00:00,20.675
2026-03-23T04:00:00,18.319
2026-03-23T05:00:00,16.463
2026-03-23T06:00:00,17.026
2026-03-23T07:00:00,14.491
2026-03-23T08:00:00,15.544
2026-03-23T09:00:00,15.473
2026-03-23T10:00:00,16.583
2026-03-23T11:00:00,17.411
2026-03-23T12:00:00,20.256
2026-03-23T13:00:00,23.259
2026-03-23T14:00:00,26.314
2026-03-23T15:00:00,26.092
2026-03-23T16:00:00,29.809
2026-03-23T17:00:00,28.726
2026-03-23T18:00:00,29.286
2026-03-23T19:00:00,33.922
2026-03-23T20:00:00,32.058
2026-03-23T21:00:00,31.901
2026-03-23T22:00:00,30.508
2026-03-23T23:00:00,31.832
2026-03-24T00:00:00,25.634
2026-03-24T01:00:00,27.662
2026-03-24T02:00:00,23.688
2026-03-24T03:00:00,19.927
2026-03-24T04:00:00,19.178
2026-03-24T05:00:00,16.293
2026-03-24T06:00:00,16.058
2026-03-24T07:00:00,16.081
2026-03-24T08:00:00,15.983
2026-03-24T09:00:00,15.484
2026-03-24T10:00:00,15.524
2026-03-24T11:00:00,17.952
2026-03-24T12:00:00,17.901
2026-03-24T13:00:00,21.664
2026-03-24T14:00:00,26.171
2026-03-24T15:00:00,24.715
2026-03-24T16:00:00,27.982
2026-03-24T17:00:00,28.525
2026-03-24T18:00:00,35.768
2026-03-24T19:00:00,34.625
2026-03-24T20:00:00,34.946
2026-03-24T21:00:00,32.084
2026-03-24T22:00:00,31.592
2026-03-24T23:00:00,29.536
2026-03-25T00:00:00,25.029
2026-03-25T01:00:00,25.632
2026-03-25T02:00:00,23.392
2026-03-25T03:00:00,20.901
2026-03-25T04:00:00,19.083
2026-03-25T05:00:00,16.349
2026-03-25T06:00:00,18.898
2026-03-25T07:00:00,15.406
2026-03-25T08:00:00,16.589
2026-03-25T09:00:00,15.917
2026-03-25T10:00:00,16.333
2026-03-25T11:00:00,18.065
2026-03-25T12:00:00,17.714
2026-03-25T13:00:00,20.327
2026-03-25T14:00:00,21.613
2026-03-25T15:00:00,26.355
2026-03-25T16:00:00,29.258
2026-03-25T17:00:00,33.832
2026-03-25T18:00:00,33.960
2026-03-25T19:00:00,34.485
2026-03-25T20:00:00,31.944
2026-03-25T21:00:00,33.065
2026-03-25T22:00:00,31.616
2026-03-25T23:00:00,24.845
2026-03-26T00:00:00,27.248
2026-03-26T01:00:00,26.204
2026-03-26T02:00:00,25.968
2026-03-26T03:00:00,23.888
2026-03-26T04:00:00,19.052
2026-03-26T05:00:00,17.853
2026-03-26T06:00:00,15.370
2026-03-26T07:00:00,14.471
2026-03-26T08:00:00,14.150
2026-03-26T09:00:00,15.677
2026-03-26T10:00:00,15.786
2026-03-26T11:00:00,18.593
2026-03-26T12:00:00,21.059
2026-03-26T13:00:00,23.315
2026-03-26T14:00:00,22.772
2026-03-26T15:00:00,25.900
2026-03-26T16:00:00,27.138
2026-03-26T17:00:00,29.293
2026-03-26T18:00:00,27.046
2026-03-26T19:00:00,31.089
2026-03-26T20:00:00,32.199
2026-03-26T21:00:00,37.847
2026-03-26T22:00:00,28.924
2026-03-26T23:00:00,32.336
2026-03-27T00:00:00,28.509
2026-03-27T01:00:00,26.808
2026-03-27T02:00:00,21.922
2026-03-27T03:00:00,23.352
2026-03-27T04:00:00,18.244
2026-03-27T05:00:00,18.470
2026-03-27T06:00:00,18.429
2026-03-27T07:00:00,15.601
2026-03-27T08:00:00,15.579
2026-03-27T09:00:00,16.555
2026-03-27T10:00:00,16.259
2026-03-27T11:00:00,17.549
2026-03-27T12:00:00,19.295
2026-03-27T13:00:00,24.579
2026-03-27T14:00:00,24.762
2026-03-27T15:00:00,27.212
2026-03-27T16:00:00,26.177
2026-03-27T17:00:00,27.682
2026-03-27T18:00:00,33.598
2026-03-27T19:00:00,35.913
2026-03-27T20:00:00,32.723
2026-03-27T21:00:00,32.261
2026-03-27T22:00:00,35.780
2026-03-27T23:00:00,29.552
2026-03-28T00:00:00,28.519
2026-03-28T01:00:00,26.856
2026-03-28T02:00:00,23.729
2026-03-28T03:00:00,23.152
2026-03-28T04:00:00,19.133
2026-03-28T05:00:00,18.846
2026-03-28T06:00:00,14.647
2026-03-28T07:00:00,16.093
2026-03-28T08:00:00,15.966
2026-03-28T09:00:00,14.629
2026-03-28T10:00:00,17.572
2026-03-28T11:00:00,17.072
2026-03-28T12:00:00,19.858
2026-03-28T13:00:00,21.019
2026-03-28T14:00:00,22.854
2026-03-28T15:00:00,26.217
2026-03-28T16:00:00,27.520
2026-03-28T17:00:00,30.454
2026-03-28T18:00:00,28.850
2026-03-28T19:00:00,34.303
2026-03-28T20:00:00,34.171
2026-03-28T21:00:00,30.961
2026-03-28T22:00:00,32.623
2026-03-28T23:00:00,29.806
2026-03-29T00:00:00,30.530
2026-03-29T01:00:00,27.200
2026-03-29T02:00:00,20.689
2026-03-29T03:00:00,21.229
2026-03-29T04:00:00,18.911
2026-03-29T05:00:00,19.573
2026-03-29T06:00:00,16.009
2026-03-29T07:00:00,15.414
2026-03-29T08:00:00,13.670
2026-03-29T09:00:00,16.389
2026-03-29T10:00:00,17.213
2026-03-29T11:00:00,18.246
2026-03-29T12:00:00,20.365
2026-03-29T13:00:00,22.826
2026-03-29T14:00:00,24.437
2026-03-29T15:00:00,22.384
2026-03-29T16:00:00,28.079
2026-03-29T17:00:00,29.204
2026-03-29T18:00:00,33.751
2026-03-29T19:00:00,30.960
2026-03-29T20:00:00,31.398
2026-03-29T21:00:00,32.572
2026-03-29T22:00:00,29.486
2026-03-29T23:00:00,30.698
2026-03-30T00:00:00,30.431
2026-03-30T01:00:00,26.136
2026-03-30T02:00:00,25.678
2026-03-30T03:00:00,21.741
2026-03-30T04:00:00,20.976
2026-03-30T05:00:00,17.487
2026-03-30T06:00:00,16.939
2026-03-30T07:00:00,14.715
2026-03-30T08:00:00,16.474
2026-03-30T09:00:00,15.627
2026-03-30T10:00:00,15.499
2026-03-30T11:00:00,16.991
2026-03-30T12:00:00,19.545
2026-03-30T13:00:00,20.413
2026-03-30T14:00:00,23.572
2026-03-30T15:00:00,25.868
2026-03-30T16:00:00,25.045
2026-03-30T17:00:00,30.629
2026-03-30T18:00:00,32.267
2026-03-30T19:00:00,32.887
2026-03-30T20:00:00,37.587
2026-03-30T21:00:00,31.354
2026-03-30T22:00:00,32.809
2026-03-30T23:00:00,30.283
2026-03-31T00:00:00,30.100
2026-03-31T01:00:00,26.648
2026-03-31T02:00:00,23.732
2026-03-31T03:00:00,21.215
2026-03-31T04:00:00,18.886
2026-03-31T05:00:00,17.126
2026-03-31T06:00:00,16.860
2026-03-31T07:00:00,16.673
2026-03-31T08:00:00,15.880
2026-03-31T09:00:00,15.597
2026-03-31T10:00:00,15.837
2026-03-31T11:00:00,17.782
2026-03-31T12:00:00,20.218
2026-03-31T13:00:00,23.239
2026-03-31T14:00:00,23.689
2026-03-31T15:00:00,26.475
2026-03-31T16:00:00,26.146
2026-03-31T17:00:00,29.325
2026-03-31T18:00:00,34.377
2026-03-31T19:00:00,32.043
2026-03-31T20:00:00,30.762
2026-03-31T21:00:00,31.829
2026-03-31T22:00:00,32.549
2026-03-31T23:00:00,28.626
2026-04-01T00:00:00,30.391
2026-04-01T01:00:00,29.521
2026-04-01T02:00:00,27.133
2026-04-01T03:00:00,25.666
2026-04-01T04:00:00,20.017
2026-04-01T05:00:00,18.936
2026-04-01T06:00:00,17.874
2026-04-01T07:00:00,18.392
2026-04-01T08:00:00,17.358
2026-04-01T09:00:00,17.334
2026-04-01T10:00:00,16.871
2026-04-01T11:00:00,17.680
2026-04-01T12:00:00,17.765
2026-04-01T13:00:00,21.151
2026-04-01T14:00:00,26.872
2026-04-01T15:00:00,26.402
2026-04-01T16:00:00,33.229
2026-04-01T17:00:00,29.128
2026-04-01T18:00:00,33.997
2026-04-01T19:00:00,34.885
2026-04-01T20:00:00,36.729
2026-04-01T21:00:00,28.500
2026-04-01T22:00:00,30.342
2026-04-01T23:00:00,33.171
2026-04-02T00:00:00,30.992
2026-04-02T01:00:00,27.936
2026-04-02T02:00:00,23.740
2026-04-02T03:00:00,23.949
2026-04-02T04:00:00,22.207
2026-04-02T05:00:00,18.374
2026-04-02T06:00:00,16.253
2026-04-02T07:00:00,16.134
2026-04-02T08:00:00,16.586
2026-04-02T09:00:00,17.683
2026-04-02T10:00:00,17.241
2026-04-02T11:00:00,18.221
2026-04-02T12:00:00,22.172
2026-04-02T13:00:00,20.186
2026-04-02T14:00:00,22.733
2026-04-02T15:00:00,27.168
2026-04-02T16:00:00,30.359
2026-04-02T17:00:00,33.269
2026-04-02T18:00:00,29.933
2026-04-02T19:00:00,33.972
2026-04-02T20:00:00,34.735
2026-04-02T21:00:00,33.616
2026-04-02T22:00:00,30.055
2026-04-02T23:00:00,31.615
2026-04-03T00:00:00,27.810
2026-04-03T01:00:00,28.990
2026-04-03T02:00:00,26.281
2026-04-03T03:00:00,22.102
2026-04-03T04:00:00,20.623
2026-04-03T05:00:00,20.447
2026-04-03T06:00:00,17.701
2026-04-03T07:00:00,16.785
2026-04-03T08:00:00,15.164
2026-04-03T09:00:00,16.766
2026-04-03T10:00:00,18.405
2026-04-03T11:00:00,21.238
2026-04-03T12:00:00,21.896
2026-04-03T13:00:00,23.622
2026-04-03T14:00:00,27.710
2026-04-03T15:00:00,26.803
2026-04-03T16:00:00,31.750
2026-04-03T17:00:00,29.951
2026-04-03T18:00:00,34.737
2026-04-03T19:00:00,37.403
2026-04-03T20:00:00,36.799
2026-04-03T21:00:00,31.457
2026-04-03T22:00:00,26.782
2026-04-03T23:00:00,31.594
2026-04-04T00:00:00,29.213
2026-04-04T01:00:00,27.332
2026-04-04T02:00:00,25.096
2026-04-04T03:00:00,24.544
2026-04-04T04:00:00,21.562
2026-04-04T05:00:00,18.553
2026-04-04T06:00:00,15.543
2026-04-04T07:00:00,16.090
2026-04-04T08:00:00,17.174
2026-04-04T09:00:00,17.573
2026-04-04T10:00:00,17.247
2026-04-04T11:00:00,17.911
2026-04-04T12:00:00,19.839
2026-04-04T13:00:00,23.664
2026-04-04T14:00:00,24.376
2026-04-04T15:00:00,27.218
2026-04-04T16:00:00,25.518
2026-04-04T17:00:00,27.831
2026-04-04T18:00:00,34.642
2026-04-04T19:00:00,32.786
2026-04-04T20:00:00,34.571
2026-04-04T21:00:00,36.713
2026-04-04T22:00:00,33.007
2026-04-04T23:00:00,28.366
2026-04-05T00:00:00,31.309
2026-04-05T01:00:00,26.459
2026-04-05T02:00:00,25.681
2026-04-05T03:00:00,22.521
2026-04-05T04:00:00,20.129
2026-04-05T05:00:00,16.964
2026-04-05T06:00:00,18.076
2026-04-05T07:00:00,17.970
2026-04-05T08:00:00,15.069
2026-04-05T09:00:00,16.545
2026-04-05T10:00:00,16.614
2026-04-05T11:00:00,18.935
2026-04-05T12:00:00,21.596
2026-04-05T13:00:00,23.217
2026-04-05T14:00:00,23.472
2026-04-05T15:00:00,28.649
2026-04-05T16:00:00,28.801
2026-04-05T17:00:00,33.292
2026-04-05T18:00:00,31.221
2026-04-05T19:00:00,34.338
2026-04-05T20:00:00,32.447
2026-04-05T21:00:00,36.921
2026-04-05T22:00:00,33.590
2026-04-05T23:00:00,33.238
2026-04-06T00:00:00,28.823
2026-04-06T01:00:00,30.021
2026-04-06T02:00:00,24.624
2026-04-06T03:00:00,24.512
2026-04-06T04:00:00,21.043
2026-04-06T05:00:00,18.779
2026-04-06T06:00:00,17.160
2026-04-06T07:00:00,16.112
2026-04-06T08:00:00,16.146
2026-04-06T09:00:00,17.891
2026-04-06T10:00:00,17.860
2026-04-06T11:00:00,19.471
2026-04-06T12:00:00,20.608
2026-04-06T13:00:00,24.594
2026-04-06T14:00:00,25.183
2026-04-06T15:00:00,27.729
2026-04-06T16:00:00,29.968
2026-04-06T17:00:00,33.091
2026-04-06T18:00:00,36.078
2026-04-06T19:00:00,33.947
2026-04-06T20:00:00,35.363
2026-04-06T21:00:00,34.720
2026-04-06T22:00:00,32.900
2026-04-06T23:00:00,33.327
2026-04-07T00:00:00,26.612
2026-04-07T01:00:00,25.022
2026-04-07T02:00:00,25.676
2026-04-07T03:00:00,22.687
2026-04-07T04:00:00,18.635
2026-04-07T05:00:00,19.607
2026-04-07T06:00:00,17.143
2026-04-07T07:00:00,17.017
2026-04-07T08:00:00,17.262
2026-04-07T09:00:00,14.931
2026-04-07T10:00:00,16.736
2026-04-07T11:00:00,17.282
2026-04-07T12:00:00,20.444
2026-04-07T13:00:00,22.225
2026-04-07T14:00:00,24.565
2026-04-07T15:00:00,25.548
2026-04-07T16:00:00,30.279
2026-04-07T17:00:00,30.223
2026-04-07T18:00:00,33.908
2026-04-07T19:00:00,33.184
2026-04-07T20:00:00,35.585
2026-04-07T21:00:00,33.835
2026-04-07T22:00:00,31.883
2026-04-07T23:00:00,30.639
2026-04-08T00:00:00,30.325
2026-04-08T01:00:00,26.170
2026-04-08T02:00:00,25.074
2026-04-08T03:00:00,24.183
2026-04-08T04:00:00,20.443
2026-04-08T05:00:00,19.570
2026-04-08T06:00:00,18.433
2026-04-08T07:00:00,15.986
2026-04-08T08:00:00,16.064
2026-04-08T09:00:00,17.524
2026-04-08T10:00:00,17.416
2026-04-08T11:00:00,17.344
2026-04-08T12:00:00,19.728
2026-04-08T13:00:00,22.130
2026-04-08T14:00:00,26.187
2026-04-08T15:00:00,27.263
2026-04-08T16:00:00,26.705
2026-04-08T17:00:00,31.218
2026-04-08T18:00:00,34.808
2026-04-08T19:00:00,32.751
2026-04-08T20:00:00,30.930
2026-04-08T21:00:00,33.553
2026-04-08T22:00:00,31.381
2026-04-08T23:00:00,32.359
2026-04-09T00:00:00,27.640
2026-04-09T01:00:00,28.786
2026-04-09T02:00:00,23.934
2026-04-09T03:00:00,23.748
2026-04-09T04:00:00,19.806
2026-04-09T05:00:00,21.547
2026-04-09T06:00:00,16.891
2026-04-09T07:00:00,17.499
2026-04-09T08:00:00,16.398
2026-04-09T09:00:00,16.060
2026-04-09T10:00:00,18.551
2026-04-09T11:00:00,17.660
2026-04-09T12:00:00,19.909
2026-04-09T13:00:00,21.620
2026-04-09T14:00:00,26.685
2026-04-09T15:00:00,29.541
2026-04-09T16:00:00,29.131
2026-04-09T17:00:00,32.498
2026-04-09T18:00:00,34.170
2026-04-09T19:00:00,38.183
2026-04-09T20:00:00,31.611
2026-04-09T21:00:00,35.121
2026-04-09T22:00:00,30.853
2026-04-09T23:00:00,31.835
2026-04-10T00:00:00,28.850
2026-04-10T01:00:00,27.151
2026-04-10T02:00:00,27.088
2026-04-10T03:00:00,25.194
2026-04-10T04:00:00,20.099
2026-04-10T05:00:00,19.263
2026-04-10T06:00:00,18.340
2026-04-10T07:00:00,17.460
2026-04-10T08:00:00,16.209
2026-04-10T09:00:00,15.621
2026-04-10T10:00:00,19.275
2026-04-10T11:00:00,17.820
2026-04-10T12:00:00,21.224
2026-04-10T13:00:00,19.942
2026-04-10T14:00:00,27.190
2026-04-10T15:00:00,27.657
2026-04-10T16:00:00,27.162
2026-04-10T17:00:00,30.443
2026-04-10T18:00:00,31.755
2026-04-10T19:00:00,37.354
2026-04-10T20:00:00,39.135
2026-04-10T21:00:00,38.583
2026-04-10T22:00:00,32.458
2026-04-10T23:00:00,32.645
2026-04-11T00:00:00,29.945
2026-04-11T01:00:00,26.628
2026-04-11T02:00:00,24.131
2026-04-11T03:00:00,22.795
2026-04-11T04:00:00,19.872
2026-04-11T05:00:00,20.424
2026-04-11T06:00:00,17.550
2026-04-11T07:00:00,16.381
2026-04-11T08:00:00,16.960
2026-04-11T09:00:00,17.800
2026-04-11T10:00:00,15.994
2026-04-11T11:00:00,17.646
2026-04-11T12:00:00,19.616
2026-04-11T13:00:00,19.029
2026-04-11T14:00:00,25.108
2026-04-11T15:00:00,27.188
2026-04-11T16:00:00,31.735
2026-04-11T17:00:00,34.157
2026-04-11T18:00:00,31.840
2026-04-11T19:00:00,32.188
2026-04-11T20:00:00,36.908
2026-04-11T21:00:00,31.513
2026-04-11T22:00:00,34.647
2026-04-11T23:00:00,29.361
2026-04-12T00:00:00,28.696
2026-04-12T01:00:00,28.881
2026-04-12T02:00:00,25.444
2026-04-12T03:00:00,22.239
2026-04-12T04:00:00,23.024
2026-04-12T05:00:00,20.134
2026-04-12T06:00:00,18.056
2026-04-12T07:00:00,19.260
2026-04-12T08:00:00,16.734
2026-04-12T09:00:00,16.135
2026-04-12T10:00:00,17.991
2026-04-12T11:00:00,18.206
2026-04-12T12:00:00,22.129
2026-04-12T13:00:00,22.810
2026-04-12T14:00:00,27.727
2026-04-12T15:00:00,26.432
2026-04-12T16:00:00,27.962
2026-04-12T17:00:00,30.977
2026-04-12T18:00:00,35.670
2026-04-12T19:00:00,35.200
2026-04-12T20:00:00,35.231
2026-04-12T21:00:00,32.588
2026-04-12T22:00:00,36.961
2026-04-12T23:00:00,30.434
2026-04-13T00:00:00,28.228
2026-04-13T01:00:00,27.475
2026-04-13T02:00:00,24.275
2026-04-13T03:00:00,22.569
2026-04-13T04:00:00,22.828
2026-04-13T05:00:00,18.548
2026-04-13T06:00:00,18.708
2026-04-13T07:00:00,16.197
2026-04-13T08:00:00,17.731
2026-04-13T09:00:00,16.905
2026-04-13T10:00:00,19.504
2026-04-13T11:00:00,19.204
2026-04-13T12:00:00,20.345
2026-04-13T13:00:00,23.718
2026-04-13T14:00:00,23.931
2026-04-13T15:00:00,26.281
2026-04-13T16:00:00,35.466
2026-04-13T17:00:00,33.395
2026-04-13T18:00:00,32.428
2026-04-13T19:00:00,30.734
2026-04-13T20:00:00,34.505
2026-04-13T21:00:00,34.918
2026-04-13T22:00:00,33.731
2026-04-13T23:00:00,31.274
2026-04-14T00:00:00,29.607
2026-04-14T01:00:00,28.669
2026-04-14T02:00:00,26.311
2026-04-14T03:00:00,23.552
2026-04-14T04:00:00,21.125
2026-04-14T05:00:00,19.862
2026-04-14T06:00:00,17.407
2026-04-14T07:00:00,14.742
2026-04-14T08:00:00,16.457
2026-04-14T09:00:00,18.267
2026-04-14T10:00:00,16.727
2026-04-14T11:00:00,18.436
2026-04-14T12:00:00,19.806
2026-04-14T13:00:00,24.248
2026-04-14T14:00:00,22.914
2026-04-14T15:00:00,28.779
2026-04-14T16:00:00,30.468
2026-04-14T17:00:00,31.286
2026-04-14T18:00:00,32.561
2026-04-14T19:00:00,33.949
2026-04-14T20:00:00,37.043
2026-04-14T21:00:00,31.242
2026-04-14T22:00:00,31.038
2026-04-14T23:00:00,33.821
2026-04-15T00:00:00,28.767
2026-04-15T01:00:00,26.229
2026-04-15T02:00:00,25.686
2026-04-15T03:00:00,22.651
2026-04-15T04:00:00,23.100
2026-04-15T05:00:00,20.128
2026-04-15T06:00:00,17.080
2026-04-15T07:00:00,18.786
2026-04-15T08:00:00,16.798
2026-04-15T09:00:00,17.645
2026-04-15T10:00:00,16.741
2026-04-15T11:00:00,20.612
2026-04-15T12:00:00,18.552
2026-04-15T13:00:00,20.590
2026-04-15T14:00:00,24.937
2026-04-15T15:00:00,27.613
2026-04-15T16:00:00,31.877
2026-04-15T17:00:00,32.676
2026-04-15T18:00:00,34.107
2026-04-15T19:00:00,36.033
2026-04-15T20:00:00,32.968
2026-04-15T21:00:00,38.114
2026-04-15T22:00:00,30.287
2026-04-15T23:00:00,29.993
2026-04-16T00:00:00,26.986
2026-04-16T01:00:00,24.443
2026-04-16T02:00:00,26.641
2026-04-16T03:00:00,22.563
2026-04-16T04:00:00,18.935
2026-04-16T05:00:00,20.002
2026-04-16T06:00:00,19.186
2026-04-16T07:00:00,16.413
2026-04-16T08:00:00,16.397
2026-04-16T09:00:00,16.878
2026-04-16T10:00:00,17.388
2026-04-16T11:00:00,18.770
2026-04-16T12:00:00,21.045
2026-04-16T13:00:00,22.636
2026-04-16T14:00:00,24.893
2026-04-16T15:00:00,29.144
2026-04-16T16:00:00,30.093
2026-04-16T17:00:00,31.909
2026-04-16T18:00:00,37.712
2026-04-16T19:00:00,34.646
2026-04-16T20:00:00,32.699
2026-04-16T21:00:00,34.069
2026-04-16T22:00:00,33.684
2026-04-16T23:00:00,31.649
2026-04-17T00:00:00,29.635
2026-04-17T01:00:00,27.269
2026-04-17T02:00:00,27.109
2026-04-17T03:00:00,22.201
2026-04-17T04:00:00,21.849
2026-04-17T05:00:00,19.154
2026-04-17T06:00:00,18.822
2026-04-17T07:00:00,16.442
2026-04-17T08:00:00,18.310
2026-04-17T09:00:00,17.119
2026-04-17T10:00:00,16.446
2026-04-17T11:00:00,19.689
2026-04-17T12:00:00,20.489
2026-04-17T13:00:00,22.221
2026-04-17T14:00:00,25.603
2026-04-17T15:00:00,25.884
2026-04-17T16:00:00,32.515
2026-04-17T17:00:00,31.885
2026-04-17T18:00:00,33.881
2026-04-17T19:00:00,35.828
2026-04-17T20:00:00,32.066
2026-04-17T21:00:00,34.274
2026-04-17T22:00:00,37.971
2026-04-17T23:00:00,29.915
2026-04-18T00:00:00,30.797
2026-04-18T01:00:00,26.101
2026-04-18T02:00:00,23.674
2026-04-18T03:00:00,22.687
2026-04-18T04:00:00,20.194
2026-04-18T05:00:00,18.515
2026-04-18T06:00:00,18.351
2026-04-18T07:00:00,16.139
2026-04-18T08:00:00,17.774
2026-04-18T09:00:00,18.163
2026-04-18T10:00:00,18.279
2026-04-18T11:00:00,20.552
2026-04-18T12:00:00,22.291
2026-04-18T13:00:00,25.692
2026-04-18T14:00:00,23.813
2026-04-18T15:00:00,25.658
2026-04-18T16:00:00,28.121
2026-04-18T17:00:00,31.952
2026-04-18T18:00:00,34.174
2026-04-18T19:00:00,30.750
2026-04-18T20:00:00,32.616
2026-04-18T21:00:00,34.305
2026-04-18T22:00:00,32.341
2026-04-18T23:00:00,31.485
2026-04-19T00:00:00,29.822
2026-04-19T01:00:00,25.627
2026-04-19T02:00:00,25.811
2026-04-19T03:00:00,23.231
2026-04-19T04:00:00,19.278
2026-04-19T05:00:00,17.962
2026-04-19T06:00:00,17.499
2026-04-19T07:00:00,15.295
2026-04-19T08:00:00,17.040
2026-04-19T09:00:00,17.086
2026-04-19T10:00:00,15.617
2026-04-19T11:00:00,19.306
2026-04-19T12:00:00,21.710
2026-04-19T13:00:00,22.599
2026-04-19T14:00:00,25.932
2026-04-19T15:00:00,26.747
2026-04-19T16:00:00,30.852
2026-04-19T17:00:00,31.212
2026-04-19T18:00:00,37.094
2026-04-19T19:00:00,32.571
2026-04-19T20:00:00,34.474
2026-04-19T21:00:00,37.451
2026-04-19T22:00:00,28.380
2026-04-19T23:00:00,27.518
2026-04-20T00:00:00,28.052
2026-04-20T01:00:00,25.003
2026-04-20T02:00:00,25.985
2026-04-20T03:00:00,24.217
2026-04-20T04:00:00,20.666
2026-04-20T05:00:00,17.985
2026-04-20T06:00:00,16.973
2026-04-20T07:00:00,17.280
2026-04-20T08:00:00,16.244
2026-04-20T09:00:00,18.131
2026-04-20T10:00:00,17.048
2026-04-20T11:00:00,19.581
2026-04-20T12:00:00,20.868
2026-04-20T13:00:00,22.789
2026-04-20T14:00:00,22.724
2026-04-20T15:00:00,29.023
2026-04-20T16:00:00,30.364
2026-04-20T17:00:00,33.411
2026-04-20T18:00:00,35.309
2026-04-20T19:00:00,31.479
2026-04-20T20:00:00,30.137
2026-04-20T21:00:00,32.011
2026-04-20T22:00:00,33.215
2026-04-20T23:00:00,32.529
2026-04-21T00:00:00,27.959
2026-04-21T01:00:00,26.673
2026-04-21T02:00:00,27.229
2026-04-21T03:00:00,24.224
2026-04-21T04:00:00,19.866
2026-04-21T05:00:00,20.291
2026-04-21T06:00:00,18.692
2026-04-21T07:00:00,16.317
2026-04-21T08:00:00,15.363
2026-04-21T09:00:00,15.775
2026-04-21T10:00:00,17.425
2026-04-21T11:00:00,18.487
2026-04-21T12:00:00,21.388
2026-04-21T13:00:00,23.977
2026-04-21T14:00:00,24.827
2026-04-21T15:00:00,23.688
2026-04-21T16:00:00,28.720
2026-04-21T17:00:00,28.283
2026-04-21T18:00:00,36.154
2026-04-21T19:00:00,36.165
2026-04-21T20:00:00,36.259
2026-04-21T21:00:00,31.845
2026-04-21T22:00:00,31.221
2026-04-21T23:00:00,32.604
2026-04-22T00:00:00,31.601
2026-04-22T01:00:00,27.389
2026-04-22T02:00:00,25.056
2026-04-22T03:00:00,23.296
2026-04-22T04:00:00,22.350
2026-04-22T05:00:00,19.603
2026-04-22T06:00:00,16.677
2026-04-22T07:00:00,16.893
2026-04-22T08:00:00,15.774
2026-04-22T09:00:00,16.965
2026-04-22T10:00:00,19.034
2026-04-22T11:00:00,19.668
2026-04-22T12:00:00,20.964
2026-04-22T13:00:00,23.171
2026-04-22T14:00:00,24.277
2026-04-22T15:00:00,26.463
2026-04-22T16:00:00,32.121
2026-04-22T17:00:00,31.781
2026-04-22T18:00:00,32.962
2026-04-22T19:00:00,32.221
2026-04-22T20:00:00,30.710
2026-04-22T21:00:00,36.627
2026-04-22T22:00:00,31.792
2026-04-22T23:00:00,29.076
2026-04-23T00:00:00,28.744
2026-04-23T01:00:00,27.966
2026-04-23T02:00:00,25.927
2026-04-23T03:00:00,21.713
2026-04-23T04:00:00,21.383
2026-04-23T05:00:00,17.456
2026-04-23T06:00:00,16.570
2026-04-23T07:00:00,16.752
2026-04-23T08:00:00,17.211
2026-04-23T09:00:00,16.435
2026-04-23T10:00:00,17.784
2026-04-23T11:00:00,18.282
2026-04-23T12:00:00,21.170
2026-04-23T13:00:00,22.764
2026-04-23T14:00:00,25.451
2026-04-23T15:00:00,27.521
2026-04-23T16:00:00,30.165
2026-04-23T17:00:00,29.954
2026-04-23T18:00:00,34.081
2026-04-23T19:00:00,37.231
2026-04-23T20:00:00,31.959
2026-04-23T21:00:00,32.988
2026-04-23T22:00:00,32.357
2026-04-23T23:00:00,30.511
2026-04-24T00:00:00,27.921
2026-04-24T01:00:00,28.093
2026-04-24T02:00:00,24.803
2026-04-24T03:00:00,22.300
2026-04-24T04:00:00,18.018
2026-04-24T05:00:00,19.105
2026-04-24T06:00:00,15.621
2026-04-24T07:00:00,16.042
2026-04-24T08:00:00,17.323
2026-04-24T09:00:00,15.260
2026-04-24T10:00:00,17.180
2026-04-24T11:00:00,17.930
2026-04-24T12:00:00,23.282
2026-04-24T13:00:00,26.050
2026-04-24T14:00:00,21.548
2026-04-24T15:00:00,28.056
2026-04-24T16:00:00,28.659
2026-04-24T17:00:00,33.539
2026-04-24T18:00:00,33.157
2026-04-24T19:00:00,34.134
2026-04-24T20:00:00,31.892
2026-04-24T21:00:00,35.334
2026-04-24T22:00:00,34.412
2026-04-24T23:00:00,31.482
2026-04-25T00:00:00,28.500
2026-04-25T01:00:00,26.377
2026-04-25T02:00:00,23.451
2026-04-25T03:00:00,25.863
2026-04-25T04:00:00,20.069
2026-04-25T05:00:00,19.997
2026-04-25T06:00:00,17.768
2026-04-25T07:00:00,14.521
2026-04-25T08:00:00,17.091
2026-04-25T09:00:00,16.036
2026-04-25T10:00:00,16.522
2026-04-25T11:00:00,18.454
2026-04-25T12:00:00,18.780
2026-04-25T13:00:00,22.862
2026-04-25T14:00:00,24.802
2026-04-25T15:00:00,25.481
2026-04-25T16:00:00,30.727
2026-04-25T17:00:00,29.003
2026-04-25T18:00:00,32.092
2026-04-25T19:00:00,34.315
2026-04-25T20:00:00,35.891
2026-04-25T21:00:00,33.460
2026-04-25T22:00:00,33.980
2026-04-25T23:00:00,31.870
2026-04-26T00:00:00,31.769
2026-04-26T01:00:00,24.748
2026-04-26T02:00:00,24.138
2026-04-26T03:00:00,20.524
2026-04-26T04:00:00,19.462
2026-04-26T05:00:00,21.033
2026-04-26T06:00:00,17.677
2026-04-26T07:00:00,15.848
2026-04-26T08:00:00,18.080
2026-04-26T09:00:00,17.613
2026-04-26T10:00:00,17.348
2026-04-26T11:00:00,17.626
2026-04-26T12:00:00,22.859
2026-04-26T13:00:00,24.633
2026-04-26T14:00:00,25.873
2026-04-26T15:00:00,27.854
2026-04-26T16:00:00,27.756
2026-04-26T17:00:00,25.731
2026-04-26T18:00:00,36.089
2026-04-26T19:00:00,32.788
2026-04-26T20:00:00,34.247
2026-04-26T21:00:00,38.194
2026-04-26T22:00:00,35.344
2026-04-26T23:00:00,31.728
2026-04-27T00:00:00,31.741
2026-04-27T01:00:00,26.874
2026-04-27T02:00:00,26.040
2026-04-27T03:00:00,23.826
2026-04-27T04:00:00,21.361
2026-04-27T05:00:00,16.906
2026-04-27T06:00:00,17.509
2026-04-27T07:00:00,15.693
2026-04-27T08:00:00,15.818
2026-04-27T09:00:00,16.773
2026-04-27T10:00:00,17.633
2026-04-27T11:00:00,19.923
2026-04-27T12:00:00,23.447
2026-04-27T13:00:00,22.591
2026-04-27T14:00:00,24.860
2026-04-27T15:00:00,25.867
2026-04-27T16:00:00,32.670
2026-04-27T17:00:00,31.666
2026-04-27T18:00:00,31.282
2026-04-27T19:00:00,33.868
2026-04-27T20:00:00,32.384
2026-04-27T21:00:00,33.697
2026-04-27T22:00:00,34.743
2026-04-27T23:00:00,33.558
2026-04-28T00:00:00,34.252
2026-04-28T01:00:00,28.031
2026-04-28T02:00:00,23.376
2026-04-28T03:00:00,23.764
2026-04-28T04:00:00,22.199
2026-04-28T05:00:00,16.605
2026-04-28T06:00:00,17.676
2026-04-28T07:00:00,16.811
2026-04-28T08:00:00,15.949
2026-04-28T09:00:00,17.272
2026-04-28T10:00:00,17.058
2026-04-28T11:00:00,19.896
2026-04-28T12:00:00,22.768
2026-04-28T13:00:00,25.357
2026-04-28T14:00:00,23.939
2026-04-28T15:00:00,30.595
2026-04-28T16:00:00,29.967
2026-04-28T17:00:00,36.803
2026-04-28T18:00:00,33.059
2026-04-28T19:00:00,37.985
2026-04-28T20:00:00,36.605
2026-04-28T21:00:00,32.289
2026-04-28T22:00:00,34.480
2026-04-28T23:00:00,29.884
2026-04-29T00:00:00,27.041
2026-04-29T01:00:00,26.316
2026-04-29T02:00:00,27.348
2026-04-29T03:00:00,23.324
2026-04-29T04:00:00,18.292
2026-04-29T05:00:00,16.814
2026-04-29T06:00:00,17.275
2026-04-29T07:00:00,16.806
2026-04-29T08:00:00,18.419
2026-04-29T09:00:00,18.406
2026-04-29T10:00:00,19.351
2026-04-29T11:00:00,19.158
2026-04-29T12:00:00,19.609
2026-04-29T13:00:00,21.762
2026-04-29T14:00:00,26.490
2026-04-29T15:00:00,29.141
2026-04-29T16:00:00,32.268
2026-04-29T17:00:00,34.957
2026-04-29T18:00:00,29.441
2026-04-29T19:00:00,34.642
2026-04-29T20:00:00,32.735
2026-04-29T21:00:00,31.690
2026-04-29T22:00:00,34.434
2026-04-29T23:00:00,31.706
2026-04-30T00:00:00,29.096
2026-04-30T01:00:00,28.405
2026-04-30T02:00:00,26.054
2026-04-30T03:00:00,22.126
2026-04-30T04:00:00,21.740
2026-04-30T05:00:00,19.328
2026-04-30T06:00:00,17.091
2026-04-30T07:00:00,16.002
2026-04-30T08:00:00,16.443
2026-04-30T09:00:00,17.359
2026-04-30T10:00:00,17.204
2026-04-30T11:00:00,20.149
2026-04-30T12:00:00,22.777
2026-04-30T13:00:00,24.747
2026-04-30T14:00:00,27.983
2026-04-30T15:00:00,25.521
2026-04-30T16:00:00,29.281
2026-04-30T17:00:00,31.632
2026-04-30T18:00:00,35.108
2026-04-30T19:00:00,35.512
2026-04-30T20:00:00,31.257
2026-04-30T21:00:00,33.970
2026-04-30T22:00:00,32.161
2026-04-30T23:00:00,29.616
2026-05-01T00:00:00,31.599
2026-05-01T01:00:00,27.484
2026-05-01T02:00:00,28.825
2026-05-01T03:00:00,21.014
2026-05-01T04:00:00,21.553
2026-05-01T05:00:00,20.035
2026-05-01T06:00:00,17.441
2026-05-01T07:00:00,15.991
2026-05-01T08:00:00,16.557
2026-05-01T09:00:00,16.826
2026-05-01T10:00:00,18.001
2026-05-01T11:00:00,17.836
2026-05-01T12:00:00,21.090
2026-05-01T13:00:00,24.320
2026-05-01T14:00:00,26.132
2026-05-01T15:00:00,28.472
2026-05-01T16:00:00,28.675
2026-05-01T17:00:00,31.419
2026-05-01T18:00:00,33.805
2026-05-01T19:00:00,36.099
2026-05-01T20:00:00,34.787
2026-05-01T21:00:00,34.850
2026-05-01T22:00:00,35.337
2026-05-01T23:00:00,34.233
2026-05-02T00:00:00,26.448
2026-05-02T01:00:00,28.738
2026-05-02T02:00:00,27.036
2026-05-02T03:00:00,24.222
2026-05-02T04:00:00,21.831
2026-05-02T05:00:00,22.166
2026-05-02T06:00:00,16.375
2026-05-02T07:00:00,15.592
2026-05-02T08:00:00,17.700
2026-05-02T09:00:00,16.325
2026-05-02T10:00:00,18.579
2026-05-02T11:00:00,19.632
2026-05-02T12:00:00,22.372
2026-05-02T13:00:00,24.395
2026-05-02T14:00:00,21.773
2026-05-02T15:00:00,25.152
2026-05-02T16:00:00,26.107
2026-05-02T17:00:00,30.106
2026-05-02T18:00:00,36.497
2026-05-02T19:00:00,34.223
2026-05-02T20:00:00,33.543
2026-05-02T21:00:00,35.144
2026-05-02T22:00:00,33.792
2026-05-02T23:00:00,32.175
2026-05-03T00:00:00,29.783
2026-05-03T01:00:00,28.752
2026-05-03T02:00:00,25.565
2026-05-03T03:00:00,23.764
2026-05-03T04:00:00,19.782
2026-05-03T05:00:00,19.172
2026-05-03T06:00:00,16.088
2026-05-03T07:00:00,16.399
2026-05-03T08:00:00,18.430
2026-05-03T09:00:00,17.584
2026-05-03T10:00:00,18.720
2026-05-03T11:00:00,18.601
2026-05-03T12:00:00,21.568
2026-05-03T13:00:00,22.760
2026-05-03T14:00:00,22.715
2026-05-03T15:00:00,25.854
2026-05-03T16:00:00,29.675
2026-05-03T17:00:00,31.605
2026-05-03T18:00:00,31.648
2026-05-03T19:00:00,31.487
2026-05-03T20:00:00,33.832
2026-05-03T21:00:00,32.869
2026-05-03T22:00:00,32.951
2026-05-03T23:00:00,32.978
2026-05-04T00:00:00,30.374
2026-05-04T01:00:00,26.098
2026-05-04T02:00:00,25.960
2026-05-04T03:00:00,23.944
2026-05-04T04:00:00,24.305
2026-05-04T05:00:00,19.816
2026-05-04T06:00:00,19.205
2026-05-04T07:00:00,16.955
2026-05-04T08:00:00,16.991
2026-05-04T09:00:00,15.679
2026-05-04T10:00:00,16.150
2026-05-04T11:00:00,19.553
2026-05-04T12:00:00,21.024
2026-05-04T13:00:00,23.209
2026-05-04T14:00:00,23.692
2026-05-04T15:00:00,24.556
2026-05-04T16:00:00,32.926
2026-05-04T17:00:00,31.043
2026-05-04T18:00:00,32.845
2026-05-04T19:00:00,34.089
2026-05-04T20:00:00,36.377
2026-05-04T21:00:00,36.028
2026-05-04T22:00:00,34.281
2026-05-04T23:00:00,31.882
2026-05-05T00:00:00,27.876
2026-05-05T01:00:00,28.511
2026-05-05T02:00:00,26.010
2026-05-05T03:00:00,23.823
2026-05-05T04:00:00,21.462
2026-05-05T05:00:00,19.674
2026-05-05T06:00:00,17.307
2026-05-05T07:00:00,14.900
2026-05-05T08:00:00,16.463
2026-05-05T09:00:00,17.113
2026-05-05T10:00:00,19.957
2026-05-05T11:00:00,22.270
2026-05-05T12:00:00,19.184
2026-05-05T13:00:00,22.681
2026-05-05T14:00:00,24.959
2026-05-05T15:00:00,27.940
2026-05-05T16:00:00,29.474
2026-05-05T17:00:00,33.313
2026-05-05T18:00:00,31.400
2026-05-05T19:00:00,31.622
2026-05-05T20:00:00,33.384
2026-05-05T21:00:00,31.434
2026-05-05T22:00:00,33.450
2026-05-05T23:00:00,32.260
2026-05-06T00:00:00,28.088
2026-05-06T01:00:00,30.598
2026-05-06T02:00:00,27.298
2026-05-06T03:00:00,23.315
2026-05-06T04:00:00,21.357
2026-05-06T05:00:00,18.283
2026-05-06T06:00:00,16.687
2026-05-06T07:00:00,17.146
2026-05-06T08:00:00,15.462
2026-05-06T09:00:00,16.818
2026-05-06T10:00:00,17.589
2026-05-06T11:00:00,17.412
2026-05-06T12:00:00,21.702
2026-05-06T13:00:00,22.267
2026-05-06T14:00:00,28.190
2026-05-06T15:00:00,26.514
2026-05-06T16:00:00,29.511
2026-05-06T17:00:00,30.041
2026-05-06T18:00:00,30.559
2026-05-06T19:00:00,35.007
2026-05-06T20:00:00,31.106
2026-05-06T21:00:00,33.094
2026-05-06T22:00:00,32.950
2026-05-06T23:00:00,34.246
2026-05-07T00:00:00,28.487
2026-05-07T01:00:00,28.362
2026-05-07T02:00:00,25.379
2026-05-07T03:00:00,22.025
2026-05-07T04:00:00,21.482
2026-05-07T05:00:00,18.727
2026-05-07T06:00:00,17.931
2026-05-07T07:00:00,16.574
2026-05-07T08:00:00,15.152
2026-05-07T09:00:00,18.269
2026-05-07T10:00:00,15.962
2026-05-07T11:00:00,20.386
2026-05-07T12:00:00,18.518
2026-05-07T13:00:00,24.627
2026-05-07T14:00:00,27.145
2026-05-07T15:00:00,27.239
2026-05-07T16:00:00,27.543
2026-05-07T17:00:00,33.468
2026-05-07T18:00:00,32.587
2026-05-07T19:00:00,35.968
2026-05-07T20:00:00,34.216
2026-05-07T21:00:00,31.858
2026-05-07T22:00:00,33.912
2026-05-07T23:00:00,29.557
2026-05-08T00:00:00,33.150
2026-05-08T01:00:00,27.956
2026-05-08T02:00:00,23.822
2026-05-08T03:00:00,22.354
2026-05-08T04:00:00,22.820
2026-05-08T05:00:00,19.072
2026-05-08T06:00:00,16.976
2026-05-08T07:00:00,18.420
2026-05-08T08:00:00,17.272
2026-05-08T09:00:00,15.599
2026-05-08T10:00:00,17.649
2026-05-08T11:00:00,19.159
2026-05-08T12:00:00,21.614
2026-05-08T13:00:00,23.985
2026-05-08T14:00:00,24.195
2026-05-08T15:00:00,28.922
2026-05-08T16:00:00,30.233
2026-05-08T17:00:00,31.958
2026-05-08T18:00:00,30.889
2026-05-08T19:00:00,36.631
2026-05-08T20:00:00,38.288
2026-05-08T21:00:00,33.833
2026-05-08T22:00:00,32.186
2026-05-08T23:00:00,32.786
2026-05-09T00:00:00,28.347
2026-05-09T01:00:00,28.117
2026-05-09T02:00:00,25.678
2026-05-09T03:00:00,22.009
2026-05-09T04:00:00,19.655
2026-05-09T05:00:00,19.909
2026-05-09T06:00:00,19.607
2026-05-09T07:00:00,18.948
2026-05-09T08:00:00,16.066
2026-05-09T09:00:00,16.348
2026-05-09T10:00:00,17.458
2026-05-09T11:00:00,20.967
2026-05-09T12:00:00,23.342
2026-05-09T13:00:00,22.567
2026-05-09T14:00:00,23.937
2026-05-09T15:00:00,27.760
2026-05-09T16:00:00,31.735
2026-05-09T17:00:00,31.005
2026-05-09T18:00:00,33.030
2026-05-09T19:00:00,33.492
2026-05-09T20:00:00,37.620
2026-05-09T21:00:00,30.927
2026-05-09T22:00:00,29.902
2026-05-09T23:00:00,30.740
2026-05-10T00:00:00,27.757
2026-05-10T01:00:00,31.215
2026-05-10T02:00:00,28.205
2026-05-10T03:00:00,23.372
2026-05-10T04:00:00,23.646
2026-05-10T05:00:00,19.390
2026-05-10T06:00:00,16.845
2026-05-10T07:00:00,15.168
2026-05-10T08:00:00,17.423
2026-05-10T09:00:00,16.562
2026-05-10T10:00:00,16.265
2026-05-10T11:00:00,17.760
2026-05-10T12:00:00,20.741
2026-05-10T13:00:00,24.505
2026-05-10T14:00:00,26.141
2026-05-10T15:00:00,30.320
2026-05-10T16:00:00,32.308
2026-05-10T17:00:00,29.686
2026-05-10T18:00:00,35.482
2026-05-10T19:00:00,37.297
2026-05-10T20:00:00,34.368
2026-05-10T21:00:00,33.930
2026-05-10T22:00:00,32.269
2026-05-10T23:00:00,30.025
2026-05-11T00:00:00,27.740
2026-05-11T01:00:00,28.541
2026-05-11T02:00:00,23.407
2026-05-11T03:00:00,24.511
2026-05-11T04:00:00,20.765
2026-05-11T05:00:00,18.078
2026-05-11T06:00:00,18.705
2026-05-11T07:00:00,17.592
2026-05-11T08:00:00,17.378
2026-05-11T09:00:00,16.464
2026-05-11T10:00:00,18.137
2026-05-11T11:00:00,19.861
2026-05-11T12:00:00,21.202
2026-05-11T13:00:00,24.931
2026-05-11T14:00:00,26.641
2026-05-11T15:00:00,28.555
2026-05-11T16:00:00,32.727
2026-05-11T17:00:00,30.965
2026-05-11T18:00:00,33.694
2026-05-11T19:00:00,34.625
2026-05-11T20:00:00,29.875
2026-05-11T21:00:00,35.322
2026-05-11T22:00:00,34.668
2026-05-11T23:00:00,31.955
2026-05-12T00:00:00,30.620
2026-05-12T01:00:00,27.933
2026-05-12T02:00:00,23.906
2026-05-12T03:00:00,27.627
2026-05-12T04:00:00,21.274
2026-05-12T05:00:00,18.235
2026-05-12T06:00:00,17.813
2026-05-12T07:00:00,18.666
2026-05-12T08:00:00,16.047
2026-05-12T09:00:00,17.634
2026-05-12T10:00:00,19.980
2026-05-12T11:00:00,20.443
2026-05-12T12:00:00,21.024
2026-05-12T13:00:00,22.875
2026-05-12T14:00:00,25.968
2026-05-12T15:00:00,26.916
2026-05-12T16:00:00,30.887
2026-05-12T17:00:00,35.438
2026-05-12T18:00:00,31.665
2026-05-12T19:00:00,34.360
2026-05-12T20:00:00,34.229
2026-05-12T21:00:00,33.983
2026-05-12T22:00:00,32.640
2026-05-12T23:00:00,33.138
2026-05-13T00:00:00,27.194
2026-05-13T01:00:00,28.101
2026-05-13T02:00:00,28.896
2026-05-13T03:00:00,22.762
2026-05-13T04:00:00,19.340
2026-05-13T05:00:00,19.289
2026-05-13T06:00:00,16.394
2026-05-13T07:00:00,17.512
2026-05-13T08:00:00,17.130
2026-05-13T09:00:00,16.341
2026-05-13T10:00:00,16.786
2026-05-13T11:00:00,19.745
2026-05-13T12:00:00,22.126
2026-05-13T13:00:00,24.081
2026-05-13T14:00:00,25.188
2026-05-13T15:00:00,28.401
2026-05-13T16:00:00,31.145
2026-05-13T17:00:00,30.286
2026-05-13T18:00:00,34.467
2026-05-13T19:00:00,37.033
2026-05-13T20:00:00,33.206
2026-05-13T21:00:00,36.045
2026-05-13T22:00:00,34.302
2026-05-13T23:00:00,29.054
2026-05-14T00:00:00,31.549
2026-05-14T01:00:00,31.488
2026-05-14T02:00:00,26.556
2026-05-14T03:00:00,22.557
2026-05-14T04:00:00,21.010
2026-05-14T05:00:00,21.072
2026-05-14T06:00:00,17.858
2026-05-14T07:00:00,17.830
2026-05-14T08:00:00,17.198
2026-05-14T09:00:00,17.183
2026-05-14T10:00:00,17.972
2026-05-14T11:00:00,18.804
2026-05-14T12:00:00,21.770
2026-05-14T13:00:00,23.459
2026-05-14T14:00:00,23.976
2026-05-14T15:00:00,29.927
2026-05-14T16:00:00,27.819
2026-05-14T17:00:00,32.152
2026-05-14T18:00:00,38.219
2026-05-14T19:00:00,28.312
2026-05-14T20:00:00,36.709
2026-05-14T21:00:00,32.874
2026-05-14T22:00:00,35.378
2026-05-14T23:00:00,31.772
2026-05-15T00:00:00,26.669
2026-05-15T01:00:00,26.025
2026-05-15T02:00:00,25.846
2026-05-15T03:00:00,25.260
2026-05-15T04:00:00,19.533
2026-05-15T05:00:00,17.991
2026-05-15T06:00:00,18.730
2026-05-15T07:00:00,17.137
2026-05-15T08:00:00,16.087
2026-05-15T09:00:00,18.229
2026-05-15T10:00:00,17.687
2026-05-15T11:00:00,18.936
2026-05-15T12:00:00,18.629
2026-05-15T13:00:00,24.029
2026-05-15T14:00:00,28.654
2026-05-15T15:00:00,29.721
2026-05-15T16:00:00,30.287
2026-05-15T17:00:00,33.963
2026-05-15T18:00:00,32.820
2026-05-15T19:00:00,35.438
2026-05-15T20:00:00,35.032
2026-05-15T21:00:00,34.000
2026-05-15T22:00:00,34.486
2026-05-15T23:00:00,29.113
2026-05-16T00:00:00,29.749
2026-05-16T01:00:00,33.594
2026-05-16T02:00:00,27.384
2026-05-16T03:00:00,21.580
2026-05-16T04:00:00,19.278
2026-05-16T05:00:00,20.195
2026-05-16T06:00:00,17.442
2026-05-16T07:00:00,18.212
2026-05-16T08:00:00,16.291
2026-05-16T09:00:00,17.980
2026-05-16T10:00:00,16.566
2026-05-16T11:00:00,18.330
2026-05-16T12:00:00,20.877
2026-05-16T13:00:00,23.045
2026-05-16T14:00:00,26.284
2026-05-16T15:00:00,28.551
2026-05-16T16:00:00,29.366
2026-05-16T17:00:00,31.407
2026-05-16T18:00:00,30.795
2026-05-16T19:00:00,33.889
2026-05-16T20:00:00,34.178
2026-05-16T21:00:00,34.158
2026-05-16T22:00:00,34.244
2026-05-16T23:00:00,29.228
2026-05-17T00:00:00,29.295
2026-05-17T01:00:00,25.652
2026-05-17T02:00:00,24.759
2026-05-17T03:00:00,25.955
2026-05-17T04:00:00,20.203
2026-05-17T05:00:00,19.271
2026-05-17T06:00:00,14.858
2026-05-17T07:00:00,15.934
2026-05-17T08:00:00,17.717
2026-05-17T09:00:00,15.390
2026-05-17T10:00:00,18.046
2026-05-17T11:00:00,22.344
2026-05-17T12:00:00,20.567
2026-05-17T13:00:00,26.221
2026-05-17T14:00:00,24.840
2026-05-17T15:00:00,28.849
2026-05-17T16:00:00,32.007
2026-05-17T17:00:00,33.282
2026-05-17T18:00:00,36.196
2026-05-17T19:00:00,37.975
2026-05-17T20:00:00,31.269
2026-05-17T21:00:00,35.298
2026-05-17T22:00:00,32.312
2026-05-17T23:00:00,32.114
2026-05-18T00:00:00,31.672
2026-05-18T01:00:00,27.437
2026-05-18T02:00:00,23.272
2026-05-18T03:00:00,20.422
2026-05-18T04:00:00,21.559
2026-05-18T05:00:00,17.959
2026-05-18T06:00:00,19.169
2026-05-18T07:00:00,16.982
2026-05-18T08:00:00,18.432
2026-05-18T09:00:00,18.142
2026-05-18T10:00:00,17.456
2026-05-18T11:00:00,22.448
2026-05-18T12:00:00,21.390
2026-05-18T13:00:00,21.807
2026-05-18T14:00:00,21.620
2026-05-18T15:00:00,24.440
2026-05-18T16:00:00,30.085
2026-05-18T17:00:00,31.250
2026-05-18T18:00:00,37.531
2026-05-18T19:00:00,35.046
2026-05-18T20:00:00,32.073
2026-05-18T21:00:00,30.765
2026-05-18T22:00:00,36.397
2026-05-18T23:00:00,28.708
2026-05-19T00:00:00,31.207
2026-05-19T01:00:00,28.442
2026-05-19T02:00:00,27.429
2026-05-19T03:00:00,26.171
2026-05-19T04:00:00,20.683
2026-05-19T05:00:00,17.218
2026-05-19T06:00:00,17.160
2026-05-19T07:00:00,16.512
2026-05-19T08:00:00,15.887
2026-05-19T09:00:00,16.431
2026-05-19T10:00:00,18.102
2026-05-19T11:00:00,19.727
2026-05-19T12:00:00,21.240
2026-05-19T13:00:00,22.424
2026-05-19T14:00:00,24.307
2026-05-19T15:00:00,25.755
2026-05-19T16:00:00,29.525
2026-05-19T17:00:00,32.309
2026-05-19T18:00:00,34.966
2026-05-19T19:00:00,34.500
2026-05-19T20:00:00,34.292
2026-05-19T21:00:00,39.624
2026-05-19T22:00:00,31.702
2026-05-19T23:00:00,31.864
2026-05-20T00:00:00,33.142
2026-05-20T01:00:00,27.703
2026-05-20T02:00:00,26.654
2026-05-20T03:00:00,23.054
2026-05-20T04:00:00,20.881
2026-05-20T05:00:00,17.616
2026-05-20T06:00:00,19.940
2026-05-20T07:00:00,17.128
2026-05-20T08:00:00,17.103
2026-05-20T09:00:00,16.508
2026-05-20T10:00:00,19.627
2026-05-20T11:00:00,19.809
2026-05-20T12:00:00,20.032
2026-05-20T13:00:00,22.132
2026-05-20T14:00:00,25.077
2026-05-20T15:00:00,27.397
2026-05-20T16:00:00,28.107
2026-05-20T17:00:00,35.206
2026-05-20T18:00:00,34.775
2026-05-20T19:00:00,34.957
2026-05-20T20:00:00,36.418
2026-05-20T21:00:00,35.579
2026-05-20T22:00:00,31.880
2026-05-20T23:00:00,32.760
2026-05-21T00:00:00,30.797
2026-05-21T01:00:00,24.555
2026-05-21T02:00:00,28.869
2026-05-21T03:00:00,26.252
2026-05-21T04:00:00,20.301
2026-05-21T05:00:00,20.380
2026-05-21T06:00:00,17.662
2026-05-21T07:00:00,14.948
2026-05-21T08:00:00,16.040
2026-05-21T09:00:00,17.637
2026-05-21T10:00:00,17.984
2026-05-21T11:00:00,19.975
2026-05-21T12:00:00,20.988
2026-05-21T13:00:00,23.626
2026-05-21T14:00:00,26.198
2026-05-21T15:00:00,28.931
2026-05-21T16:00:00,28.119
2026-05-21T17:00:00,31.402
2026-05-21T18:00:00,30.020
2026-05-21T19:00:00,35.921
2026-05-21T20:00:00,35.017
2026-05-21T21:00:00,33.845
2026-05-21T22:00:00,33.591
2026-05-21T23:00:00,33.587
2026-05-22T00:00:00,31.160
2026-05-22T01:00:00,27.682
2026-05-22T02:00:00,24.628
2026-05-22T03:00:00,20.167
2026-05-22T04:00:00,21.743
2026-05-22T05:00:00,19.391
2026-05-22T06:00:00,17.954
2026-05-22T07:00:00,16.395
2026-05-22T08:00:00,17.014
2026-05-22T09:00:00,15.984
2026-05-22T10:00:00,17.747
2026-05-22T11:00:00,20.367
2026-05-22T12:00:00,22.870
2026-05-22T13:00:00,22.543
2026-05-22T14:00:00,23.715
2026-05-22T15:00:00,28.401
2026-05-22T16:00:00,30.489
2026-05-22T17:00:00,34.873
2026-05-22T18:00:00,33.756
2026-05-22T19:00:00,32.064
2026-05-22T20:00:00,34.921
2026-05-22T21:00:00,33.217
2026-05-22T22:00:00,33.777
2026-05-22T23:00:00,34.699
2026-05-23T00:00:00,31.532
2026-05-23T01:00:00,25.362
2026-05-23T02:00:00,25.418
2026-05-23T03:00:00,22.288
2026-05-23T04:00:00,20.774
2026-05-23T05:00:00,22.356
2026-05-23T06:00:00,18.271
2026-05-23T07:00:00,16.099
2026-05-23T08:00:00,16.935
2026-05-23T09:00:00,16.388
2026-05-23T10:00:00,16.870
2026-05-23T11:00:00,18.522
2026-05-23T12:00:00,22.005
2026-05-23T13:00:00,24.198
2026-05-23T14:00:00,27.082
2026-05-23T15:00:00,28.802
2026-05-23T16:00:00,30.256
2026-05-23T17:00:00,31.476
2026-05-23T18:00:00,32.723
2026-05-23T19:00:00,34.970
2026-05-23T20:00:00,34.381
2026-05-23T21:00:00,34.364
2026-05-23T22:00:00,34.726
2026-05-23T23:00:00,31.911
2026-05-24T00:00:00,32.158
2026-05-24T01:00:00,27.689
2026-05-24T02:00:00,25.694
2026-05-24T03:00:00,21.988
2026-05-24T04:00:00,20.845
2026-05-24T05:00:00,18.433
2026-05-24T06:00:00,15.425
2026-05-24T07:00:00,17.195
2026-05-24T08:00:00,16.189
2026-05-24T09:00:00,17.306
2026-05-24T10:00:00,18.724
2026-05-24T11:00:00,19.215
2026-05-24T12:00:00,22.479
2026-05-24T13:00:00,23.484
2026-05-24T14:00:00,26.163
2026-05-24T15:00:00,27.030
2026-05-24T16:00:00,29.745
2026-05-24T17:00:00,29.016
2026-05-24T18:00:00,29.743
2026-05-24T19:00:00,32.856
2026-05-24T20:00:00,34.447
2026-05-24T21:00:00,33.633
2026-05-24T22:00:00,34.698
2026-05-24T23:00:00,33.043
2026-05-25T00:00:00,28.183
2026-05-25T01:00:00,25.112
2026-05-25T02:00:00,25.751
2026-05-25T03:00:00,22.505
2026-05-25T04:00:00,18.149
2026-05-25T05:00:00,19.051
2026-05-25T06:00:00,17.248
2026-05-25T07:00:00,17.734
2026-05-25T08:00:00,16.567
2026-05-25T09:00:00,17.246
2026-05-25T10:00:00,17.004
2026-05-25T11:00:00,19.607
2026-05-25T12:00:00,22.785
2026-05-25T13:00:00,22.176
2026-05-25T14:00:00,23.666
2026-05-25T15:00:00,26.904
2026-05-25T16:00:00,32.640
2026-05-25T17:00:00,33.322
2026-05-25T18:00:00,33.921
2026-05-25T19:00:00,30.530
2026-05-25T20:00:00,34.665
2026-05-25T21:00:00,31.857
2026-05-25T22:00:00,28.797
2026-05-25T23:00:00,31.944
2026-05-26T00:00:00,29.605
2026-05-26T01:00:00,30.865
2026-05-26T02:00:00,26.332
2026-05-26T03:00:00,21.909
2026-05-26T04:00:00,21.857
2026-05-26T05:00:00,18.399
2026-05-26T06:00:00,19.642
2026-05-26T07:00:00,17.360
2026-05-26T08:00:00,15.881
2026-05-26T09:00:00,17.602
2026-05-26T10:00:00,16.761
2026-05-26T11:00:00,19.173
2026-05-26T12:00:00,22.485
2026-05-26T13:00:00,24.517
2026-05-26T14:00:00,27.650
2026-05-26T15:00:00,24.814
2026-05-26T16:00:00,31.810
2026-05-26T17:00:00,31.401
2026-05-26T18:00:00,30.834
2026-05-26T19:00:00,35.596
2026-05-26T20:00:00,33.764
2026-05-26T21:00:00,31.763
2026-05-26T22:00:00,33.395
2026-05-26T23:00:00,32.107
2026-05-27T00:00:00,30.312
2026-05-27T01:00:00,28.151
2026-05-27T02:00:00,25.673
2026-05-27T03:00:00,23.050
2026-05-27T04:00:00,21.461
2026-05-27T05:00:00,20.875
2026-05-27T06:00:00,16.891
2026-05-27T07:00:00,17.743
2026-05-27T08:00:00,16.632
2026-05-27T09:00:00,17.522
2026-05-27T10:00:00,17.991
2026-05-27T11:00:00,21.206
2026-05-27T12:00:00,22.067
2026-05-27T13:00:00,23.136
2026-05-27T14:00:00,27.068
2026-05-27T15:00:00,28.480
2026-05-27T16:00:00,27.951
2026-05-27T17:00:00,31.944
2026-05-27T18:00:00,32.956
2026-05-27T19:00:00,33.364
2026-05-27T20:00:00,31.946
2026-05-27T21:00:00,33.832
2026-05-27T22:00:00,31.768
2026-05-27T23:00:00,33.326
2026-05-28T00:00:00,30.083
2026-05-28T01:00:00,26.133
2026-05-28T02:00:00,23.205
2026-05-28T03:00:00,25.383
2026-05-28T04:00:00,21.510
2026-05-28T05:00:00,18.668
2026-05-28T06:00:00,17.191
2026-05-28T07:00:00,16.151
2026-05-28T08:00:00,16.376
2026-05-28T09:00:00,18.234
2026-05-28T10:00:00,16.944
2026-05-28T11:00:00,22.003
2026-05-28T12:00:00,21.792
2026-05-28T13:00:00,23.961
2026-05-28T14:00:00,25.033
2026-05-28T15:00:00,27.878
2026-05-28T16:00:00,29.521
2026-05-28T17:00:00,32.028
2026-05-28T18:00:00,33.413
2026-05-28T19:00:00,31.902
2026-05-28T20:00:00,31.137
2026-05-28T21:00:00,31.013
2026-05-28T22:00:00,33.350
2026-05-28T23:00:00,31.370
2026-05-29T00:00:00,31.281
2026-05-29T01:00:00,27.148
2026-05-29T02:00:00,23.277
2026-05-29T03:00:00,22.762
2026-05-29T04:00:00,20.640
2026-05-29T05:00:00,17.634
2026-05-29T06:00:00,17.908
2026-05-29T07:00:00,17.236
2026-05-29T08:00:00,16.751
2026-05-29T09:00:00,17.658
2026-05-29T10:00:00,17.497
2026-05-29T11:00:00,19.448
2026-05-29T12:00:00,19.819
2026-05-29T13:00:00,25.793
2026-05-29T14:00:00,27.373
2026-05-29T15:00:00,28.836
2026-05-29T16:00:00,29.255
2026-05-29T17:00:00,31.105
2026-05-29T18:00:00,33.206
2026-05-29T19:00:00,35.432
2026-05-29T20:00:00,32.797
2026-05-29T21:00:00,33.375
2026-05-29T22:00:00,33.529
2026-05-29T23:00:00,33.523
2026-05-30T00:00:00,29.900
2026-05-30T01:00:00,24.935
2026-05-30T02:00:00,24.197
2026-05-30T03:00:00,23.309
2026-05-30T04:00:00,22.629
2026-05-30T05:00:00,19.163
2026-05-30T06:00:00,18.524
2026-05-30T07:00:00,18.108
2026-05-30T08:00:00,15.658
2026-05-30T09:00:00,16.895
2026-05-30T10:00:00,18.545
2026-05-30T11:00:00,18.548
2026-05-30T12:00:00,21.788
2026-05-30T13:00:00,22.651
2026-05-30T14:00:00,28.449
2026-05-30T15:00:00,30.712
2026-05-30T16:00:00,26.972
2026-05-30T17:00:00,35.414
2026-05-30T18:00:00,33.687
2026-05-30T19:00:00,36.755
2026-05-30T20:00:00,36.476
2026-05-30T21:00:00,38.379
2026-05-30T22:00:00,35.685
2026-05-30T23:00:00,30.760
2026-05-31T00:00:00,28.735
2026-05-31T01:00:00,30.002
2026-05-31T02:00:00,25.851
2026-05-31T03:00:00,22.251
2026-05-31T04:00:00,20.209
2026-05-31T05:00:00,20.478
2026-05-31T06:00:00,17.031
2026-05-31T07:00:00,16.345
2026-05-31T08:00:00,17.116
2026-05-31T09:00:00,17.357
2026-05-31T10:00:00,18.878
2026-05-31T11:00:00,19.116
2026-05-31T12:00:00,21.411
2026-05-31T13:00:00,22.479
2026-05-31T14:00:00,23.947
2026-05-31T15:00:00,23.642
2026-05-31T16:00:00,31.386
2026-05-31T17:00:00,31.275
2026-05-31T18:00:00,33.266
2026-05-31T19:00:00,37.548
2026-05-31T20:00:00,35.753
2026-05-31T21:00:00,34.450
2026-05-31T22:00:00,36.721
2026-05-31T23:00:00,34.571
2026-06-01T00:00:00,32.078
2026-06-01T01:00:00,26.931
2026-06-01T02:00:00,25.538
2026-06-01T03:00:00,24.278
2026-06-01T04:00:00,19.260
2026-06-01T05:00:00,18.176
2026-06-01T06:00:00,19.933
2026-06-01T07:00:00,18.523
2026-06-01T08:00:00,18.181
2026-06-01T09:00:00,15.194
2026-06-01T10:00:00,19.088
2026-06-01T11:00:00,16.748
2026-06-01T12:00:00,19.246
2026-06-01T13:00:00,23.306
2026-06-01T14:00:00,24.510
2026-06-01T15:00:00,28.171
2026-06-01T16:00:00,30.739
2026-06-01T17:00:00,32.897
2026-06-01T18:00:00,36.982
2026-06-01T19:00:00,32.148
2026-06-01T20:00:00,29.334
2026-06-01T21:00:00,31.759
2026-06-01T22:00:00,32.786
2026-06-01T23:00:00,32.297
2026-06-02T00:00:00,28.134
2026-06-02T01:00:00,28.358
2026-06-02T02:00:00,25.330
2026-06-02T03:00:00,25.673
2026-06-02T04:00:00,20.618
2026-06-02T05:00:00,18.980
2026-06-02T06:00:00,16.998
2026-06-02T07:00:00,16.092
2026-06-02T08:00:00,15.695
2026-06-02T09:00:00,18.350
2026-06-02T10:00:00,16.767
2026-06-02T11:00:00,20.411
2026-06-02T12:00:00,21.438
2026-06-02T13:00:00,23.260
2026-06-02T14:00:00,24.437
2026-06-02T15:00:00,28.486
2026-06-02T16:00:00,28.874
2026-06-02T17:00:00,32.519
2026-06-02T18:00:00,35.108
2026-06-02T19:00:00,34.134
2026-06-02T20:00:00,33.557
2026-06-02T21:00:00,33.916
2026-06-02T22:00:00,33.504
2026-06-02T23:00:00,33.293
2026-06-03T00:00:00,30.705
2026-06-03T01:00:00,27.674
2026-06-03T02:00:00,24.731
2026-06-03T03:00:00,23.285
2026-06-03T04:00:00,22.393
2026-06-03T05:00:00,19.599
2026-06-03T06:00:00,17.917
2026-06-03T07:00:00,17.020
2026-06-03T08:00:00,16.007
2026-06-03T09:00:00,14.462
2026-06-03T10:00:00,17.964
2026-06-03T11:00:00,19.956
2026-06-03T12:00:00,18.752
2026-06-03T13:00:00,24.093
2026-06-03T14:00:00,25.621
2026-06-03T15:00:00,25.433
2026-06-03T16:00:00,31.573
2026-06-03T17:00:00,32.298
2026-06-03T18:00:00,29.747
2026-06-03T19:00:00,32.451
2026-06-03T20:00:00,38.911
2026-06-03T21:00:00,33.209
2026-06-03T22:00:00,32.657
2026-06-03T23:00:00,30.612
2026-06-04T00:00:00,31.620
2026-06-04T01:00:00,28.849
2026-06-04T02:00:00,28.930
2026-06-04T03:00:00,24.540
2026-06-04T04:00:00,21.251
2026-06-04T05:00:00,19.510
2026-06-04T06:00:00,15.422
2026-06-04T07:00:00,19.253
2026-06-04T08:00:00,15.786
2026-06-04T09:00:00,18.557
2026-06-04T10:00:00,17.133
2026-06-04T11:00:00,20.292
2026-06-04T12:00:00,21.083
2026-06-04T13:00:00,24.802
2026-06-04T14:00:00,29.409
2026-06-04T15:00:00,26.059
2026-06-04T16:00:00,32.727
2026-06-04T17:00:00,32.467
2026-06-04T18:00:00,31.700
2026-06-04T19:00:00,33.489
2026-06-04T20:00:00,35.034
2026-06-04T21:00:00,36.164
2026-06-04T22:00:00,33.235
2026-06-04T23:00:00,31.284
2026-06-05T00:00:00,30.595
2026-06-05T01:00:00,27.929
2026-06-05T02:00:00,27.255
2026-06-05T03:00:00,22.931
2026-06-05T04:00:00,19.877
2026-06-05T05:00:00,19.167
2026-06-05T06:00:00,18.176
2026-06-05T07:00:00,16.077
2026-06-05T08:00:00,16.575
2026-06-05T09:00:00,17.161
2026-06-05T10:00:00,15.571
2026-06-05T11:00:00,18.152
2026-06-05T12:00:00,21.173
2026-06-05T13:00:00,21.730
2026-06-05T14:00:00,27.486
2026-06-05T15:00:00,28.824
2026-06-05T16:00:00,30.378
2026-06-05T17:00:00,34.801
2026-06-05T18:00:00,33.794
2026-06-05T19:00:00,33.921
2026-06-05T20:00:00,33.618
2026-06-05T21:00:00,35.952
2026-06-05T22:00:00,32.749
2026-06-05T23:00:00,34.012
2026-06-06T00:00:00,29.235
2026-06-06T01:00:00,29.479
2026-06-06T02:00:00,23.495
2026-06-06T03:00:00,21.824
2026-06-06T04:00:00,21.241
2026-06-06T05:00:00,19.601
2026-06-06T06:00:00,16.715
2026-06-06T07:00:00,18.439
2026-06-06T08:00:00,17.033
2026-06-06T09:00:00,16.668
2026-06-06T10:00:00,17.848
2026-06-06T11:00:00,19.052
2026-06-06T12:00:00,21.645
2026-06-06T13:00:00,24.143
2026-06-06T14:00:00,24.859
2026-06-06T15:00:00,27.831
2026-06-06T16:00:00,28.089
2026-06-06T17:00:00,32.413
2026-06-06T18:00:00,31.296
2026-06-06T19:00:00,34.198
2026-06-06T20:00:00,34.842
2026-06-06T21:00:00,32.934
2026-06-06T22:00:00,31.627
2026-06-06T23:00:00,32.726
2026-06-07T00:00:00,29.370
2026-06-07T01:00:00,27.240
2026-06-07T02:00:00,26.171
2026-06-07T03:00:00,23.237
2026-06-07T04:00:00,21.227
2026-06-07T05:00:00,21.356
2026-06-07T06:00:00,17.790
2026-06-07T07:00:00,15.530
2026-06-07T08:00:00,16.202
2026-06-07T09:00:00,17.094
2026-06-07T10:00:00,17.022
2026-06-07T11:00:00,18.385
2026-06-07T12:00:00,22.629
2026-06-07T13:00:00,23.745
2026-06-07T14:00:00,25.213
2026-06-07T15:00:00,30.157
2026-06-07T16:00:00,30.912
2026-06-07T17:00:00,30.499
2026-06-07T18:00:00,33.177
2026-06-07T19:00:00,35.714
2026-06-07T20:00:00,32.471
2026-06-07T21:00:00,33.828
2026-06-07T22:00:00,33.053
2026-06-07T23:00:00,32.436
2026-06-08T00:00:00,27.400
2026-06-08T01:00:00,25.405
2026-06-08T02:00:00,26.738
2026-06-08T03:00:00,23.016
2026-06-08T04:00:00,21.831
2026-06-08T05:00:00,19.627
2026-06-08T06:00:00,18.478
2026-06-08T07:00:00,18.176
2026-06-08T08:00:00,15.706
2026-06-08T09:00:00,17.476
2026-06-08T10:00:00,15.411
2026-06-08T11:00:00,21.276
2026-06-08T12:00:00,19.762
2026-06-08T13:00:00,23.194
2026-06-08T14:00:00,27.028
2026-06-08T15:00:00,26.088
2026-06-08T16:00:00,29.526
2026-06-08T17:00:00,34.183
2026-06-08T18:00:00,32.361
2026-06-08T19:00:00,35.065
2026-06-08T20:00:00,35.046
2026-06-08T21:00:00,35.362
2026-06-08T22:00:00,35.832
2026-06-08T23:00:00,29.954
2026-06-09T00:00:00,32.348
2026-06-09T01:00:00,27.685
2026-06-09T02:00:00,26.008
2026-06-09T03:00:00,24.812
2026-06-09T04:00:00,19.863
2026-06-09T05:00:00,19.446
2026-06-09T06:00:00,17.696
2026-06-09T07:00:00,17.475
2026-06-09T08:00:00,16.478
2026-06-09T09:00:00,16.187
2026-06-09T10:00:00,16.775
2026-06-09T11:00:00,19.990
2026-06-09T12:00:00,21.087
2026-06-09T13:00:00,22.762
2026-06-09T14:00:00,21.997
2026-06-09T15:00:00,28.047
2026-06-09T16:00:00,31.855
2026-06-09T17:00:00,29.717
2026-06-09T18:00:00,32.006
2026-06-09T19:00:00,34.028
2026-06-09T20:00:00,35.979
2026-06-09T21:00:00,36.259
2026-06-09T22:00:00,33.986
2026-06-09T23:00:00,31.136
2026-06-10T00:00:00,30.347
2026-06-10T01:00:00,27.134
2026-06-10T02:00:00,24.080
2026-06-10T03:00:00,23.799
2026-06-10T04:00:00,18.995
2026-06-10T05:00:00,19.833
2026-06-10T06:00:00,18.468
2026-06-10T07:00:00,16.964
2026-06-10T08:00:00,18.189
2026-06-10T09:00:00,18.197
2026-06-10T10:00:00,16.072
2026-06-10T11:00:00,19.213
2026-06-10T12:00:00,20.066
2026-06-10T13:00:00,22.931
2026-06-10T14:00:00,25.513
2026-06-10T15:00:00,27.725
2026-06-10T16:00:00,28.058
2026-06-10T17:00:00,30.105
2026-06-10T18:00:00,35.550
2026-06-10T19:00:00,34.852
2026-06-10T20:00:00,38.178
2026-06-10T21:00:00,34.353
2026-06-10T22:00:00,37.051
2026-06-10T23:00:00,33.926
2026-06-11T00:00:00,28.818
2026-06-11T01:00:00,29.675
2026-06-11T02:00:00,26.987
2026-06-11T03:00:00,25.363
2026-06-11T04:00:00,20.810
2026-06-11T05:00:00,19.726
2026-06-11T06:00:00,19.161
2026-06-11T07:00:00,18.051
2026-06-11T08:00:00,17.965
2026-06-11T09:00:00,16.467
2026-06-11T10:00:00,17.329
2026-06-11T11:00:00,18.441
2026-06-11T12:00:00,21.274
2026-06-11T13:00:00,23.785
2026-06-11T14:00:00,27.014
2026-06-11T15:00:00,26.112
2026-06-11T16:00:00,34.182
2026-06-11T17:00:00,32.113
2026-06-11T18:00:00,33.827
2026-06-11T19:00:00,35.801
2026-06-11T20:00:00,33.723
2026-06-11T21:00:00,35.188
2026-06-11T22:00:00,28.163
2026-06-11T23:00:00,32.896
2026-06-12T00:00:00,28.682
2026-06-12T01:00:00,28.007
2026-06-12T02:00:00,25.987
2026-06-12T03:00:00,23.379
2026-06-12T04:00:00,21.041
2026-06-12T05:00:00,18.882
2026-06-12T06:00:00,18.774
2026-06-12T07:00:00,17.185
2026-06-12T08:00:00,16.570
2026-06-12T09:00:00,16.475
2026-06-12T10:00:00,17.619
2026-06-12T11:00:00,21.476
2026-06-12T12:00:00,20.421
2026-06-12T13:00:00,23.305
2026-06-12T14:00:00,26.527
2026-06-12T15:00:00,27.768
2026-06-12T16:00:00,28.304
2026-06-12T17:00:00,28.438
2026-06-12T18:00:00,33.296
2026-06-12T19:00:00,36.810
2026-06-12T20:00:00,36.261
2026-06-12T21:00:00,34.655
2026-06-12T22:00:00,34.452
2026-06-12T23:00:00,33.396
2026-06-13T00:00:00,28.912
2026-06-13T01:00:00,26.011
2026-06-13T02:00:00,25.341
2026-06-13T03:00:00,22.623
2026-06-13T04:00:00,19.825
2026-06-13T05:00:00,18.574
2026-06-13T06:00:00,17.163
2026-06-13T07:00:00,16.779
2026-06-13T08:00:00,16.451
2026-06-13T09:00:00,17.073
2026-06-13T10:00:00,17.022
2026-06-13T11:00:00,20.824
2026-06-13T12:00:00,21.874
2026-06-13T13:00:00,21.805
2026-06-13T14:00:00,25.566
2026-06-13T15:00:00,27.599
2026-06-13T16:00:00,32.096
2026-06-13T17:00:00,35.033
2026-06-13T18:00:00,31.454
2026-06-13T19:00:00,33.794
2026-06-13T20:00:00,33.101
2026-06-13T21:00:00,28.523
2026-06-13T22:00:00,33.295
2026-06-13T23:00:00,32.668
2026-06-14T00:00:00,30.059
2026-06-14T01:00:00,29.490
2026-06-14T02:00:00,25.599
2026-06-14T03:00:00,20.879
2026-06-14T04:00:00,20.770
2026-06-14T05:00:00,20.149
2026-06-14T06:00:00,17.456
2026-06-14T07:00:00,16.995
2026-06-14T08:00:00,16.284
2026-06-14T09:00:00,16.510
2026-06-14T10:00:00,18.146
2026-06-14T11:00:00,17.675
2026-06-14T12:00:00,21.687
2026-06-14T13:00:00,22.904
2026-06-14T14:00:00,25.687
2026-06-14T15:00:00,25.775
2026-06-14T16:00:00,28.069
2026-06-14T17:00:00,32.161
2026-06-14T18:00:00,34.230
2026-06-14T19:00:00,32.919
2026-06-14T20:00:00,37.528
2026-06-14T21:00:00,35.789
2026-06-14T22:00:00,28.378
2026-06-14T23:00:00,29.324
2026-06-15T00:00:00,30.936
2026-06-15T01:00:00,28.733
2026-06-15T02:00:00,27.350
2026-06-15T03:00:00,23.453
2026-06-15T04:00:00,20.693
2026-06-15T05:00:00,20.065
2026-06-15T06:00:00,17.746
2026-06-15T07:00:00,16.589
2026-06-15T08:00:00,16.480
2026-06-15T09:00:00,16.559
2026-06-15T10:00:00,17.990
2026-06-15T11:00:00,18.444
2026-06-15T12:00:00,22.544
2026-06-15T13:00:00,23.098
2026-06-15T14:00:00,24.789
2026-06-15T15:00:00,29.813
2026-06-15T16:00:00,31.355
2026-06-15T17:00:00,33.260
2026-06-15T18:00:00,37.146
2026-06-15T19:00:00,33.590
2026-06-15T20:00:00,35.209
2026-06-15T21:00:00,33.277
2026-06-15T22:00:00,33.695
2026-06-15T23:00:00,36.626
2026-06-16T00:00:00,31.573
2026-06-16T01:00:00,29.328
2026-06-16T02:00:00,27.313
2026-06-16T03:00:00,21.653
2026-06-16T04:00:00,20.583
2026-06-16T05:00:00,18.662
2026-06-16T06:00:00,17.486
2026-06-16T07:00:00,17.667
2026-06-16T08:00:00,17.379
2026-06-16T09:00:00,17.255
2026-06-16T10:00:00,16.902
2026-06-16T11:00:00,18.656
2026-06-16T12:00:00,20.057
2026-06-16T13:00:00,24.055
2026-06-16T14:00:00,26.452
2026-06-16T15:00:00,26.644
2026-06-16T16:00:00,27.910
2026-06-16T17:00:00,35.628
2026-06-16T18:00:00,35.506
2026-06-16T19:00:00,33.678
2026-06-16T20:00:00,32.143
2026-06-16T21:00:00,34.230
2026-06-16T22:00:00,35.310
2026-06-16T23:00:00,31.816
2026-06-17T00:00:00,33.162
2026-06-17T01:00:00,26.073
2026-06-17T02:00:00,26.098
2026-06-17T03:00:00,24.426
2026-06-17T04:00:00,22.011
2026-06-17T05:00:00,18.948
2026-06-17T06:00:00,16.537
2026-06-17T07:00:00,14.723
2026-06-17T08:00:00,16.734
2026-06-17T09:00:00,16.165
2026-06-17T10:00:00,18.333
2026-06-17T11:00:00,17.708
2026-06-17T12:00:00,20.623
2026-06-17T13:00:00,24.959
2026-06-17T14:00:00,25.936
2026-06-17T15:00:00,26.910
2026-06-17T16:00:00,31.262
2026-06-17T17:00:00,32.042
2026-06-17T18:00:00,33.409
2026-06-17T19:00:00,31.880
2026-06-17T20:00:00,36.441
2026-06-17T21:00:00,36.106
2026-06-17T22:00:00,31.465
2026-06-17T23:00:00,32.922
2026-06-18T00:00:00,30.826
2026-06-18T01:00:00,26.083
2026-06-18T02:00:00,23.193
2026-06-18T03:00:00,21.170
2026-06-18T04:00:00,22.999
2026-06-18T05:00:00,17.698
2026-06-18T06:00:00,17.294
2026-06-18T07:00:00,17.983
2026-06-18T08:00:00,17.289
2026-06-18T09:00:00,16.891
2026-06-18T10:00:00,18.109
2026-06-18T11:00:00,19.376
2026-06-18T12:00:00,20.271
2026-06-18T13:00:00,23.149
2026-06-18T14:00:00,24.322
2026-06-18T15:00:00,28.606
2026-06-18T16:00:00,29.138
2026-06-18T17:00:00,35.110
2026-06-18T18:00:00,36.597
2026-06-18T19:00:00,33.639
2026-06-18T20:00:00,28.996
2026-06-18T21:00:00,36.383
2026-06-18T22:00:00,32.569
2026-06-18T23:00:00,34.367
2026-06-19T00:00:00,32.896
2026-06-19T01:00:00,24.650
2026-06-19T02:00:00,26.048
2026-06-19T03:00:00,22.638
2026-06-19T04:00:00,21.602
2026-06-19T05:00:00,21.830
2026-06-19T06:00:00,17.996
2026-06-19T07:00:00,16.824
2026-06-19T08:00:00,19.297
2026-06-19T09:00:00,15.551
2026-06-19T10:00:00,19.149
2026-06-19T11:00:00,20.111
2026-06-19T12:00:00,19.569
2026-06-19T13:00:00,22.178
2026-06-19T14:00:00,23.196
2026-06-19T15:00:00,25.819
2026-06-19T16:00:00,28.563
2026-06-19T17:00:00,33.273
2026-06-19T18:00:00,30.206
2026-06-19T19:00:00,35.002
2026-06-19T20:00:00,35.698
2026-06-19T21:00:00,34.850
2026-06-19T22:00:00,29.844
2026-06-19T23:00:00,31.401
2026-06-20T00:00:00,30.154
2026-06-20T01:00:00,26.762
2026-06-20T02:00:00,25.738
2026-06-20T03:00:00,25.098
2026-06-20T04:00:00,20.906
2026-06-20T05:00:00,18.127
2026-06-20T06:00:00,17.090
2026-06-20T07:00:00,16.259
2026-06-20T08:00:00,17.271
2026-06-20T09:00:00,15.964
2026-06-20T10:00:00,17.533
2026-06-20T11:00:00,21.193
2026-06-20T12:00:00,21.176
2026-06-20T13:00:00,24.585
2026-06-20T14:00:00,24.775
2026-06-20T15:00:00,27.655
2026-06-20T16:00:00,29.388
2026-06-20T17:00:00,32.214
2026-06-20T18:00:00,32.165
2026-06-20T19:00:00,32.450
2026-06-20T20:00:00,35.110
2026-06-20T21:00:00,34.462
2026-06-20T22:00:00,38.062
2026-06-20T23:00:00,30.887
2026-06-21T00:00:00,29.699
2026-06-21T01:00:00,27.446
2026-06-21T02:00:00,24.759
2026-06-21T03:00:00,25.111
2026-06-21T04:00:00,18.257
2026-06-21T05:00:00,19.016
2026-06-21T06:00:00,16.874
2026-06-21T07:00:00,17.675
2026-06-21T08:00:00,15.594
2026-06-21T09:00:00,17.345
2026-06-21T10:00:00,16.882
2026-06-21T11:00:00,18.469
2026-06-21T12:00:00,21.125
2026-06-21T13:00:00,26.548
2026-06-21T14:00:00,28.270
2026-06-21T15:00:00,28.112
2026-06-21T16:00:00,29.688
2026-06-21T17:00:00,31.063
2026-06-21T18:00:00,34.517
2026-06-21T19:00:00,34.283
2026-06-21T20:00:00,34.289
2026-06-21T21:00:00,34.095
2026-06-21T22:00:00,34.801
2026-06-21T23:00:00,34.179
2026-06-22T00:00:00,29.647
2026-06-22T01:00:00,27.752
2026-06-22T02:00:00,28.051
2026-06-22T03:00:00,24.090
2026-06-22T04:00:00,21.770
2026-06-22T05:00:00,18.762
2026-06-22T06:00:00,16.337
2026-06-22T07:00:00,17.747
2026-06-22T08:00:00,17.022
2026-06-22T09:00:00,17.645
2026-06-22T10:00:00,17.902
2026-06-22T11:00:00,21.561
2026-06-22T12:00:00,20.113
2026-06-22T13:00:00,24.289
2026-06-22T14:00:00,25.581
2026-06-22T15:00:00,27.072
2026-06-22T16:00:00,31.155
2026-06-22T17:00:00,30.058
2026-06-22T18:00:00,33.890
2026-06-22T19:00:00,35.194
2026-06-22T20:00:00,32.413
2026-06-22T21:00:00,34.646
2026-06-22T22:00:00,31.963
2026-06-22T23:00:00,29.511
2026-06-23T00:00:00,31.381
2026-06-23T01:00:00,26.616
2026-06-23T02:00:00,25.926
2026-06-23T03:00:00,23.541
2026-06-23T04:00:00,22.220
2026-06-23T05:00:00,18.393
2026-06-23T06:00:00,18.115
2026-06-23T07:00:00,16.704
2026-06-23T08:00:00,17.351
2026-06-23T09:00:00,14.604
2026-06-23T10:00:00,15.919
2026-06-23T11:00:00,19.815
2026-06-23T12:00:00,21.897
2026-06-23T13:00:00,23.896
2026-06-23T14:00:00,25.425
2026-06-23T15:00:00,27.563
2026-06-23T16:00:00,27.491
2026-06-23T17:00:00,32.603
2026-06-23T18:00:00,34.020
2026-06-23T19:00:00,32.436
2026-06-23T20:00:00,35.235
2026-06-23T21:00:00,31.357
2026-06-23T22:00:00,32.571
2026-06-23T23:00:00,31.551
2026-06-24T00:00:00,24.238
2026-06-24T01:00:00,28.776
2026-06-24T02:00:00,27.221
2026-06-24T03:00:00,21.517
2026-06-24T04:00:00,23.118
2026-06-24T05:00:00,21.105
2026-06-24T06:00:00,17.558
2026-06-24T07:00:00,17.472
2026-06-24T08:00:00,17.159
2026-06-24T09:00:00,18.350
2026-06-24T10:00:00,18.419
2026-06-24T11:00:00,19.133
2026-06-24T12:00:00,20.008
2026-06-24T13:00:00,24.469
2026-06-24T14:00:00,26.259
2026-06-24T15:00:00,29.883
2026-06-24T16:00:00,34.074
2026-06-24T17:00:00,32.972
2026-06-24T18:00:00,34.106
2026-06-24T19:00:00,34.027
2026-06-24T20:00:00,36.852
2026-06-24T21:00:00,33.311
2026-06-24T22:00:00,32.918
2026-06-24T23:00:00,31.190
2026-06-25T00:00:00,32.871
2026-06-25T01:00:00,28.605
2026-06-25T02:00:00,26.248
2026-06-25T03:00:00,23.193
2026-06-25T04:00:00,21.304
2026-06-25T05:00:00,19.950
2026-06-25T06:00:00,18.577
2026-06-25T07:00:00,16.840
2026-06-25T08:00:00,17.168
2026-06-25T09:00:00,17.594
2026-06-25T10:00:00,17.635
2026-06-25T11:00:00,19.733
2026-06-25T12:00:00,21.627
2026-06-25T13:00:00,23.185
2026-06-25T14:00:00,28.430
2026-06-25T15:00:00,28.168
2026-06-25T16:00:00,28.326
2026-06-25T17:00:00,31.172
2026-06-25T18:00:00,31.811
2026-06-25T19:00:00,33.740
2026-06-25T20:00:00,37.150
2026-06-25T21:00:00,36.077
2026-06-25T22:00:00,33.411
2026-06-25T23:00:00,31.950
2026-06-26T00:00:00,30.328
2026-06-26T01:00:00,24.707
2026-06-26T02:00:00,26.921
2026-06-26T03:00:00,22.362
2026-06-26T04:00:00,19.590
2026-06-26T05:00:00,20.344
2026-06-26T06:00:00,17.193
2026-06-26T07:00:00,17.111
2026-06-26T08:00:00,16.754
2026-06-26T09:00:00,17.929
2026-06-26T10:00:00,17.626
2026-06-26T11:00:00,19.621
2026-06-26T12:00:00,21.622
2026-06-26T13:00:00,24.136
2026-06-26T14:00:00,25.027
2026-06-26T15:00:00,28.820
2026-06-26T16:00:00,28.474
2026-06-26T17:00:00,30.397
2026-06-26T18:00:00,37.408
2026-06-26T19:00:00,33.757
2026-06-26T20:00:00,34.370
2026-06-26T21:00:00,36.724
2026-06-26T22:00:00,32.844
2026-06-26T23:00:00,27.514
2026-06-27T00:00:00,31.450
2026-06-27T01:00:00,27.434
2026-06-27T02:00:00,25.410
2026-06-27T03:00:00,23.236
2026-06-27T04:00:00,21.719
2026-06-27T05:00:00,20.296
2026-06-27T06:00:00,18.513
2026-06-27T07:00:00,17.288
2026-06-27T08:00:00,16.998
2026-06-27T09:00:00,17.242
2026-06-27T10:00:00,17.869
2026-06-27T11:00:00,20.685
2026-06-27T12:00:00,22.375
2026-06-27T13:00:00,22.720
2026-06-27T14:00:00,25.970
2026-06-27T15:00:00,30.842
2026-06-27T16:00:00,30.309
2026-06-27T17:00:00,35.405
2026-06-27T18:00:00,35.023
2026-06-27T19:00:00,36.386
2026-06-27T20:00:00,34.860
2026-06-27T21:00:00,35.256
2026-06-27T22:00:00,34.987
2026-06-27T23:00:00,33.738
2026-06-28T00:00:00,30.973
2026-06-28T01:00:00,29.689
2026-06-28T02:00:00,25.280
2026-06-28T03:00:00,24.040
2026-06-28T04:00:00,22.312
2026-06-28T05:00:00,18.211
2026-06-28T06:00:00,17.548
2026-06-28T07:00:00,16.851
2026-06-28T08:00:00,16.051
2026-06-28T09:00:00,16.906
2026-06-28T10:00:00,16.196
2026-06-28T11:00:00,20.503
2026-06-28T12:00:00,20.368
2026-06-28T13:00:00,22.968
2026-06-28T14:00:00,26.044
2026-06-28T15:00:00,27.162
2026-06-28T16:00:00,31.385
2026-06-28T17:00:00,30.737
2026-06-28T18:00:00,36.323
2026-06-28T19:00:00,36.465
2026-06-28T20:00:00,33.360
2026-06-28T21:00:00,32.159
2026-06-28T22:00:00,30.454
2026-06-28T23:00:00,33.364
2026-06-29T00:00:00,31.562
2026-06-29T01:00:00,30.721
2026-06-29T02:00:00,26.675
2026-06-29T03:00:00,24.148
2026-06-29T04:00:00,21.363
2026-06-29T05:00:00,19.054
2026-06-29T06:00:00,18.990
2026-06-29T07:00:00,16.578
2026-06-29T08:00:00,15.066
2026-06-29T09:00:00,16.709
2026-06-29T10:00:00,18.757
2026-06-29T11:00:00,20.274
2026-06-29T12:00:00,19.297
2026-06-29T13:00:00,23.550
2026-06-29T14:00:00,22.158
2026-06-29T15:00:00,27.102
2026-06-29T16:00:00,33.008
2026-06-29T17:00:00,30.493
2026-06-29T18:00:00,34.772
2026-06-29T19:00:00,31.946
2026-06-29T20:00:00,30.273
2026-06-29T21:00:00,33.864
2026-06-29T22:00:00,32.231
2026-06-29T23:00:00,32.763
2026-06-30T00:00:00,30.340
2026-06-30T01:00:00,28.788
2026-06-30T02:00:00,27.604
2026-06-30T03:00:00,23.077
2026-06-30T04:00:00,22.018
2026-06-30T05:00:00,17.878
2026-06-30T06:00:00,17.214
2026-06-30T07:00:00,15.525
2026-06-30T08:00:00,17.168
2026-06-30T09:00:00,17.564
2026-06-30T10:00:00,16.555
2026-06-30T11:00:00,19.050
2026-06-30T12:00:00,19.195
2026-06-30T13:00:00,24.769
2026-06-30T14:00:00,26.438
2026-06-30T15:00:00,30.342
2026-06-30T16:00:00,29.873
2026-06-30T17:00:00,28.705
2026-06-30T18:00:00,32.796
2026-06-30T19:00:00,33.906
2026-06-30T20:00:00,33.021
2026-06-30T21:00:00,31.547
2026-06-30T22:00:00,33.021
2026-06-30T23:00:00,30.518
2026-07-01T00:00:00,30.130
2026-07-01T01:00:00,26.505
2026-07-01T02:00:00,21.483
2026-07-01T03:00:00,22.127
2026-07-01T04:00:00,18.566
2026-07-01T05:00:00,17.301
2026-07-01T06:00:00,17.700
2026-07-01T07:00:00,15.084
2026-07-01T08:00:00,15.370
2026-07-01T09:00:00,15.606
2026-07-01T10:00:00,15.113
2026-07-01T11:00:00,18.994
2026-07-01T12:00:00,19.181
2026-07-01T13:00:00,22.453
2026-07-01T14:00:00,26.992
2026-07-01T15:00:00,27.133
2026-07-01T16:00:00,30.327
2026-07-01T17:00:00,31.186
2026-07-01T18:00:00,31.145
2026-07-01T19:00:00,33.706
2026-07-01T20:00:00,29.655
2026-07-01T21:00:00,32.190
2026-07-01T22:00:00,29.196
2026-07-01T23:00:00,29.413
2026-07-02T00:00:00,30.180
2026-07-02T01:00:00,24.830
2026-07-02T02:00:00,24.727
2026-07-02T03:00:00,21.457
2026-07-02T04:00:00,18.646
2026-07-02T05:00:00,16.437
2026-07-02T06:00:00,16.737
2026-07-02T07:00:00,17.663
2026-07-02T08:00:00,15.601
2026-07-02T09:00:00,17.071
2026-07-02T10:00:00,17.012
2026-07-02T11:00:00,17.056
2026-07-02T12:00:00,19.803
2026-07-02T13:00:00,19.998
2026-07-02T14:00:00,23.957
2026-07-02T15:00:00,22.652
2026-07-02T16:00:00,28.612
2026-07-02T17:00:00,28.500
2026-07-02T18:00:00,32.945
2026-07-02T19:00:00,32.975
2026-07-02T20:00:00,32.536
2026-07-02T21:00:00,36.047
2026-07-02T22:00:00,31.214
2026-07-02T23:00:00,31.805
2026-07-03T00:00:00,30.013
2026-07-03T01:00:00,22.596
2026-07-03T02:00:00,26.423
2026-07-03T03:00:00,21.613
2026-07-03T04:00:00,19.106
2026-07-03T05:00:00,18.796
2026-07-03T06:00:00,17.733
2026-07-03T07:00:00,15.107
2026-07-03T08:00:00,16.177
2026-07-03T09:00:00,16.453
2026-07-03T10:00:00,18.266
2026-07-03T11:00:00,16.724
2026-07-03T12:00:00,19.848
2026-07-03T13:00:00,21.878
2026-07-03T14:00:00,24.600
2026-07-03T15:00:00,27.018
2026-07-03T16:00:00,33.042
2026-07-03T17:00:00,27.711
2026-07-03T18:00:00,32.727
2026-07-03T19:00:00,30.865
2026-07-03T20:00:00,34.767
2026-07-03T21:00:00,31.065
2026-07-03T22:00:00,28.561
2026-07-03T23:00:00,30.540
2026-07-04T00:00:00,30.781
2026-07-04T01:00:00,23.569
2026-07-04T02:00:00,23.266
2026-07-04T03:00:00,21.835
2026-07-04T04:00:00,18.320
2026-07-04T05:00:00,17.060
2026-07-04T06:00:00,16.133
2026-07-04T07:00:00,15.658
2026-07-04T08:00:00,13.730
2026-07-04T09:00:00,15.430
2026-07-04T10:00:00,17.190
2026-07-04T11:00:00,19.873
2026-07-04T12:00:00,18.607
2026-07-04T13:00:00,23.059
2026-07-04T14:00:00,27.874
2026-07-04T15:00:00,25.884
2026-07-04T16:00:00,27.072
2026-07-04T17:00:00,29.816
2026-07-04T18:00:00,32.705
2026-07-04T19:00:00,31.276
2026-07-04T20:00:00,29.285
2026-07-04T21:00:00,32.634
2026-07-04T22:00:00,32.323
2026-07-04T23:00:00,32.850
2026-07-05T00:00:00,31.647
2026-07-05T01:00:00,26.527
2026-07-05T02:00:00,25.532
2026-07-05T03:00:00,21.909
2026-07-05T04:00:00,18.796
2026-07-05T05:00:00,17.992
2026-07-05T06:00:00,15.563
2026-07-05T07:00:00,17.519
2026-07-05T08:00:00,16.348
2026-07-05T09:00:00,13.717
2026-07-05T10:00:00,17.623
2026-07-05T11:00:00,19.466
2026-07-05T12:00:00,18.489
2026-07-05T13:00:00,21.340
2026-07-05T14:00:00,23.598
2026-07-05T15:00:00,26.889
2026-07-05T16:00:00,28.352
2026-07-05T17:00:00,31.586
2026-07-05T18:00:00,31.479
2026-07-05T19:00:00,28.989
2026-07-05T20:00:00,32.896
2026-07-05T21:00:00,34.850
2026-07-05T22:00:00,30.738
2026-07-05T23:00:00,29.233
2026-07-06T00:00:00,27.489
2026-07-06T01:00:00,27.790
2026-07-06T02:00:00,21.365
2026-07-06T03:00:00,21.294
2026-07-06T04:00:00,18.977
2026-07-06T05:00:00,19.163
2026-07-06T06:00:00,16.243
2026-07-06T07:00:00,14.831
2026-07-06T08:00:00,15.003
2026-07-06T09:00:00,17.178
2026-07-06T10:00:00,16.256
2026-07-06T11:00:00,19.202
2026-07-06T12:00:00,21.128
2026-07-06T13:00:00,24.717
2026-07-06T14:00:00,22.903
2026-07-06T15:00:00,25.710
2026-07-06T16:00:00,29.676
2026-07-06T17:00:00,33.934
2026-07-06T18:00:00,32.229
2026-07-06T19:00:00,29.351
2026-07-06T20:00:00,32.150
2026-07-06T21:00:00,34.236
2026-07-06T22:00:00,31.419
2026-07-06T23:00:00,30.234
2026-07-07T00:00:00,27.972
2026-07-07T01:00:00,25.666
2026-07-07T02:00:00,25.165
2026-07-07T03:00:00,22.474
2026-07-07T04:00:00,18.882
2026-07-07T05:00:00,17.371
2026-07-07T06:00:00,18.955
2026-07-07T07:00:00,16.170
2026-07-07T08:00:00,15.738
2026-07-07T09:00:00,16.054
2026-07-07T10:00:00,16.323
2026-07-07T11:00:00,17.860
2026-07-07T12:00:00,20.266
2026-07-07T13:00:00,22.579
2026-07-07T14:00:00,24.518
2026-07-07T15:00:00,26.595
2026-07-07T16:00:00,30.099
2026-07-07T17:00:00,29.906
2026-07-07T18:00:00,34.029
2026-07-07T19:00:00,32.871
2026-07-07T20:00:00,31.505
2026-07-07T21:00:00,30.335
2026-07-07T22:00:00,31.600
2026-07-07T23:00:00,26.977
2026-07-08T00:00:00,28.475
2026-07-08T01:00:00,26.089
2026-07-08T02:00:00,22.030
2026-07-08T03:00:00,22.438
2026-07-08T04:00:00,19.600
2026-07-08T05:00:00,18.648
2026-07-08T06:00:00,16.507
2026-07-08T07:00:00,15.568
2026-07-08T08:00:00,16.345
2026-07-08T09:00:00,16.602
2026-07-08T10:00:00,17.097
2026-07-08T11:00:00,16.612
2026-07-08T12:00:00,19.483
2026-07-08T13:00:00,21.419
2026-07-08T14:00:00,24.035
2026-07-08T15:00:00,25.668
2026-07-08T16:00:00,27.282
2026-07-08T17:00:00,29.435
2026-07-08T18:00:00,28.363
2026-07-08T19:00:00,32.787
2026-07-08T20:00:00,30.602
2026-07-08T21:00:00,30.625
2026-07-08T22:00:00,26.891
2026-07-08T23:00:00,30.885
2026-07-09T00:00:00,30.106
2026-07-09T01:00:00,24.624
2026-07-09T02:00:00,22.638
2026-07-09T03:00:00,22.347
2026-07-09T04:00:00,20.299
2026-07-09T05:00:00,18.420
2026-07-09T06:00:00,17.207
2026-07-09T07:00:00,16.800
2026-07-09T08:00:00,15.448
2026-07-09T09:00:00,15.940
2026-07-09T10:00:00,18.279
2026-07-09T11:00:00,16.793
2026-07-09T12:00:00,17.167
2026-07-09T13:00:00,20.570
2026-07-09T14:00:00,23.836
2026-07-09T15:00:00,27.475
2026-07-09T16:00:00,31.166
2026-07-09T17:00:00,28.570
2026-07-09T18:00:00,30.392
2026-07-09T19:00:00,34.800
2026-07-09T20:00:00,34.494
2026-07-09T21:00:00,31.672
2026-07-09T22:00:00,33.922
2026-07-09T23:00:00,29.655
2026-07-10T00:00:00,28.588
2026-07-10T01:00:00,28.354
2026-07-10T02:00:00,25.427
2026-07-10T03:00:00,19.760
2026-07-10T04:00:00,19.146
2026-07-10T05:00:00,19.850
2026-07-10T06:00:00,18.390
2026-07-10T07:00:00,14.858
2026-07-10T08:00:00,14.862
2026-07-10T09:00:00,15.352
2026-07-10T10:00:00,16.971
2026-07-10T11:00:00,19.985
2026-07-10T12:00:00,19.399
2026-07-10T13:00:00,21.552
2026-07-10T14:00:00,23.995
2026-07-10T15:00:00,26.328
2026-07-10T16:00:00,29.243
2026-07-10T17:00:00,32.534
2026-07-10T18:00:00,31.502
2026-07-10T19:00:00,30.829
2026-07-10T20:00:00,31.624
2026-07-10T21:00:00,29.719
2026-07-10T22:00:00,32.317
2026-07-10T23:00:00,27.965
2026-07-11T00:00:00,29.930
2026-07-11T01:00:00,23.652
2026-07-11T02:00:00,24.886
2026-07-11T03:00:00,19.476
2026-07-11T04:00:00,19.269
2026-07-11T05:00:00,19.751
2026-07-11T06:00:00,17.752
2026-07-11T07:00:00,14.776
2026-07-11T08:00:00,15.386
2026-07-11T09:00:00,16.947
2026-07-11T10:00:00,17.449
2026-07-11T11:00:00,17.909
2026-07-11T12:00:00,19.052
2026-07-11T13:00:00,20.518
2026-07-11T14:00:00,23.568
2026-07-11T15:00:00,27.237
2026-07-11T16:00:00,27.289
2026-07-11T17:00:00,28.592
2026-07-11T18:00:00,36.113
2026-07-11T19:00:00,30.466
2026-07-11T20:00:00,34.800
2026-07-11T21:00:00,33.694
2026-07-11T22:00:00,33.971
2026-07-11T23:00:00,30.245
2026-07-12T00:00:00,26.790
2026-07-12T01:00:00,26.951
2026-07-12T02:00:00,24.929
2026-07-12T03:00:00,20.645
2026-07-12T04:00:00,18.365
2026-07-12T05:00:00,20.275
2026-07-12T06:00:00,17.219
2026-07-12T07:00:00,15.933
2026-07-12T08:00:00,16.221
2026-07-12T09:00:00,16.186
2026-07-12T10:00:00,17.363
2026-07-12T11:00:00,17.049
2026-07-12T12:00:00,19.095
2026-07-12T13:00:00,23.274
2026-07-12T14:00:00,23.179
2026-07-12T15:00:00,26.776
2026-07-12T16:00:00,27.315
2026-07-12T17:00:00,30.353
2026-07-12T18:00:00,31.465
2026-07-12T19:00:00,33.088
2026-07-12T20:00:00,32.271
2026-07-12T21:00:00,30.688
2026-07-12T22:00:00,32.771
2026-07-12T23:00:00,29.297
2026-07-13T00:00:00,29.775
2026-07-13T01:00:00,26.225
2026-07-13T02:00:00,25.179
2026-07-13T03:00:00,21.947
2026-07-13T04:00:00,21.131
2026-07-13T05:00:00,21.876
2026-07-13T06:00:00,15.605
2026-07-13T07:00:00,14.905
2026-07-13T08:00:00,15.488
2026-07-13T09:00:00,16.346
2026-07-13T10:00:00,16.796
2026-07-13T11:00:00,18.310
2026-07-13T12:00:00,20.196
2026-07-13T13:00:00,20.121
2026-07-13T14:00:00,26.100
2026-07-13T15:00:00,25.956
2026-07-13T16:00:00,24.595
2026-07-13T17:00:00,29.318
2026-07-13T18:00:00,32.182
2026-07-13T19:00:00,32.756
2026-07-13T20:00:00,33.483
2026-07-13T21:00:00,33.639
2026-07-13T22:00:00,32.848
2026-07-13T23:00:00,30.044
2026-07-14T00:00:00,26.986
2026-07-14T01:00:00,25.465
2026-07-14T02:00:00,24.509
2026-07-14T03:00:00,25.176
2026-07-14T04:00:00,21.773
2026-07-14T05:00:00,17.249
2026-07-14T06:00:00,16.390
2026-07-14T07:00:00,15.817
2026-07-14T08:00:00,13.960
2026-07-14T09:00:00,16.352
2026-07-14T10:00:00,16.982
2026-07-14T11:00:00,16.162
2026-07-14T12:00:00,19.733
2026-07-14T13:00:00,23.103
2026-07-14T14:00:00,23.278
2026-07-14T15:00:00,28.372
2026-07-14T16:00:00,31.088
2026-07-14T17:00:00,27.486
2026-07-14T18:00:00,31.313
2026-07-14T19:00:00,31.862
2026-07-14T20:00:00,32.956
2026-07-14T21:00:00,34.540
2026-07-14T22:00:00,31.061
2026-07-14T23:00:00,28.282
2026-07-15T00:00:00,32.042
2026-07-15T01:00:00,28.024
2026-07-15T02:00:00,26.001
2026-07-15T03:00:00,23.846
2026-07-15T04:00:00,18.990
2026-07-15T05:00:00,17.649
2026-07-15T06:00:00,19.448
2026-07-15T07:00:00,17.210
2026-07-15T08:00:00,14.854
2026-07-15T09:00:00,16.106
2026-07-15T10:00:00,16.872
2026-07-15T11:00:00,18.113
2026-07-15T12:00:00,21.603
2026-07-15T13:00:00,21.082
2026-07-15T14:00:00,21.948
2026-07-15T15:00:00,26.264
2026-07-15T16:00:00,26.763
2026-07-15T17:00:00,28.145
2026-07-15T18:00:00,34.777
2026-07-15T19:00:00,30.982
2026-07-15T20:00:00,33.748
2026-07-15T21:00:00,35.751
2026-07-15T22:00:00,30.374
2026-07-15T23:00:00,33.520
2026-07-16T00:00:00,30.960
2026-07-16T01:00:00,23.774
2026-07-16T02:00:00,24.204
2026-07-16T03:00:00,24.162
2026-07-16T04:00:00,19.372
2026-07-16T05:00:00,20.015
2026-07-16T06:00:00,16.095
2026-07-16T07:00:00,15.655
2026-07-16T08:00:00,17.124
2026-07-16T09:00:00,14.411
2026-07-16T10:00:00,16.380
2026-07-16T11:00:00,19.466
2026-07-16T12:00:00,20.435
2026-07-16T13:00:00,21.326
2026-07-16T14:00:00,24.415
2026-07-16T15:00:00,26.716
2026-07-16T16:00:00,30.830
2026-07-16T17:00:00,28.855
2026-07-16T18:00:00,34.411
2026-07-16T19:00:00,30.988
2026-07-16T20:00:00,33.975
2026-07-16T21:00:00,28.701
2026-07-16T22:00:00,29.609
2026-07-16T23:00:00,30.395
2026-07-17T00:00:00,30.890
2026-07-17T01:00:00,24.929
2026-07-17T02:00:00,23.297
2026-07-17T03:00:00,25.128
2026-07-17T04:00:00,19.268
2026-07-17T05:00:00,19.885
2026-07-17T06:00:00,16.154
2026-07-17T07:00:00,16.124
2026-07-17T08:00:00,14.663
2026-07-17T09:00:00,16.184
2026-07-17T10:00:00,15.829
2026-07-17T11:00:00,18.312
2026-07-17T12:00:00,19.670
2026-07-17T13:00:00,21.783
2026-07-17T14:00:00,25.394
2026-07-17T15:00:00,24.066
2026-07-17T16:00:00,28.537
2026-07-17T17:00:00,29.897
2026-07-17T18:00:00,31.831
2026-07-17T19:00:00,35.014
2026-07-17T20:00:00,32.637
2026-07-17T21:00:00,30.193
2026-07-17T22:00:00,32.463
2026-07-17T23:00:00,29.503
2026-07-18T00:00:00,27.767
2026-07-18T01:00:00,29.116
2026-07-18T02:00:00,24.438
2026-07-18T03:00:00,22.878
2026-07-18T04:00:00,21.710
2026-07-18T05:00:00,18.041
2026-07-18T06:00:00,15.384
2026-07-18T07:00:00,15.851
2026-07-18T08:00:00,14.165
2026-07-18T09:00:00,15.627
2026-07-18T10:00:00,16.969
2026-07-18T11:00:00,16.739
2026-07-18T12:00:00,19.154
2026-07-18T13:00:00,23.755
2026-07-18T14:00:00,23.851
2026-07-18T15:00:00,28.226
2026-07-18T16:00:00,27.758
2026-07-18T17:00:00,28.356
2026-07-18T18:00:00,28.064
2026-07-18T19:00:00,30.577
2026-07-18T20:00:00,34.147
2026-07-18T21:00:00,32.183
2026-07-18T22:00:00,30.257
2026-07-18T23:00:00,33.420
2026-07-19T00:00:00,30.105
2026-07-19T01:00:00,24.606
2026-07-19T02:00:00,24.654
2026-07-19T03:00:00,24.442
2026-07-19T04:00:00,21.036
2026-07-19T05:00:00,18.850
2026-07-19T06:00:00,16.481
2026-07-19T07:00:00,15.465
2026-07-19T08:00:00,15.002
2026-07-19T09:00:00,16.366
2026-07-19T10:00:00,16.640
2026-07-19T11:00:00,18.540
2026-07-19T12:00:00,19.866
2026-07-19T13:00:00,20.685
2026-07-19T14:00:00,22.844
2026-07-19T15:00:00,25.558
2026-07-19T16:00:00,28.926
2026-07-19T17:00:00,30.897
2026-07-19T18:00:00,29.479
2026-07-19T19:00:00,35.352
2026-07-19T20:00:00,31.756
2026-07-19T21:00:00,31.200
2026-07-19T22:00:00,30.119
2026-07-19T23:00:00,31.022
2026-07-20T00:00:00,29.357
2026-07-20T01:00:00,27.256
2026-07-20T02:00:00,24.466
2026-07-20T03:00:00,22.921
2026-07-20T04:00:00,18.803
2026-07-20T05:00:00,18.079
2026-07-20T06:00:00,16.704
2026-07-20T07:00:00,14.902
2026-07-20T08:00:00,15.245
2026-07-20T09:00:00,16.356
2026-07-20T10:00:00,16.185
2026-07-20T11:00:00,16.995
2026-07-20T12:00:00,18.810
2026-07-20T13:00:00,22.079
2026-07-20T14:00:00,24.060
2026-07-20T15:00:00,27.482
2026-07-20T16:00:00,27.379
2026-07-20T17:00:00,33.654
2026-07-20T18:00:00,31.894
2026-07-20T19:00:00,33.730
2026-07-20T20:00:00,31.097
2026-07-20T21:00:00,35.258
2026-07-20T22:00:00,30.897
2026-07-20T23:00:00,33.117
2026-01-01T00:00:00,24.032
2026-01-01T01:00:00,20.129
2026-01-01T02:00:00,21.707
2026-01-01T03:00:00,17.955
2026-01-01T04:00:00,16.564
2026-01-01T05:00:00,19.056
2026-01-01T06:00:00,14.997
2026-01-01T07:00:00,14.542
2026-01-01T08:00:00,14.051
2026-01-01T09:00:00,13.567
2026-01-01T10:00:00,15.268
2026-01-01T11:00:00,15.271
2026-01-01T12:00:00,17.858
2026-01-01T13:00:00,18.935
2026-01-01T14:00:00,19.570
2026-01-01T15:00:00,24.690
2026-01-01T16:00:00,25.833
2026-01-01T17:00:00,26.850
2026-01-01T18:00:00,25.301
2026-01-01T19:00:00,28.922
2026-01-01T20:00:00,26.591
2026-01-01T21:00:00,26.935
2026-01-01T22:00:00,26.225
2026-01-01T23:00:00,26.501
2026-01-02T00:00:00,25.860
2026-01-02T01:00:00,23.107
2026-01-02T02:00:00,20.628
2026-01-02T03:00:00,17.207
2026-01-02T04:00:00,17.839
2026-01-02T05:00:00,14.993
2026-01-02T06:00:00,15.342
2026-01-02T07:00:00,13.560
2026-01-02T08:00:00,13.561
2026-01-02T09:00:00,11.864
2026-01-02T10:00:00,14.504
2026-01-02T11:00:00,16.678
2026-01-02T12:00:00,16.072
2026-01-02T13:00:00,18.672
2026-01-02T14:00:00,21.849
2026-01-02T15:00:00,21.672
2026-01-02T16:00:00,23.931
2026-01-02T17:00:00,25.898
2026-01-02T18:00:00,28.062
2026-01-02T19:00:00,27.546
2026-01-02T20:00:00,26.765
2026-01-02T21:00:00,28.604
2026-01-02T22:00:00,27.343
2026-01-02T23:00:00,25.525
2026-01-03T00:00:00,26.599
2026-01-03T01:00:00,22.539
2026-01-03T02:00:00,21.651
2026-01-03T03:00:00,18.285
2026-01-03T04:00:00,17.555
2026-01-03T05:00:00,15.313
2026-01-03T06:00:00,15.455
2026-01-03T07:00:00,14.220
2026-01-03T08:00:00,12.955
2026-01-03T09:00:00,15.428
2026-01-03T10:00:00,14.163
2026-01-03T11:00:00,14.397
2026-01-03T12:00:00,19.369
2026-01-03T13:00:00,18.430
2026-01-03T14:00:00,18.682
2026-01-03T15:00:00,24.686
2026-01-03T16:00:00,23.178
2026-01-03T17:00:00,25.357
2026-01-03T18:00:00,28.380
2026-01-03T19:00:00,27.553
2026-01-03T20:00:00,25.508
2026-01-03T21:00:00,28.647
2026-01-03T22:00:00,28.585
2026-01-03T23:00:00,24.654
2026-01-04T00:00:00,23.566
2026-01-04T01:00:00,22.374
2026-01-04T02:00:00,21.890
2026-01-04T03:00:00,16.931
2026-01-04T04:00:00,16.534
2026-01-04T05:00:00,14.839
2026-01-04T06:00:00,14.271
2026-01-04T07:00:00,13.591
2026-01-04T08:00:00,14.089
2026-01-04T09:00:00,11.993
2026-01-04T10:00:00,13.700
2026-01-04T11:00:00,15.822
2026-01-04T12:00:00,17.132
2026-01-04T13:00:00,18.718
2026-01-04T14:00:00,20.645
2026-01-04T15:00:00,21.705
2026-01-04T16:00:00,24.324
2026-01-04T17:00:00,28.705
2026-01-04T18:00:00,26.691
2026-01-04T19:00:00,29.883
2026-01-04T20:00:00,30.952
2026-01-04T21:00:00,27.686
2026-01-04T22:00:00,25.629
2026-01-04T23:00:00,27.332
2026-01-05T00:00:00,25.224
2026-01-05T01:00:00,21.713
2026-01-05T02:00:00,20.930
2026-01-05T03:00:00,20.447
2026-01-05T04:00:00,19.560
2026-01-05T05:00:00,15.307
2026-01-05T06:00:00,15.041
2026-01-05T07:00:00,12.600
2026-01-05T08:00:00,13.092
2026-01-05T09:00:00,13.825
2026-01-05T10:00:00,14.398
2026-01-05T11:00:00,16.625
2026-01-05T12:00:00,17.214
2026-01-05T13:00:00,17.192
2026-01-05T14:00:00,20.287
2026-01-05T15:00:00,22.657
2026-01-05T16:00:00,23.176
2026-01-05T17:00:00,27.112
2026-01-05T18:00:00,28.010
2026-01-05T19:00:00,31.588
2026-01-05T20:00:00,24.930
2026-01-05T21:00:00,27.579
2026-01-05T22:00:00,30.536
2026-01-05T23:00:00,25.617
2026-01-06T00:00:00,26.455
2026-01-06T01:00:00,22.163
2026-01-06T02:00:00,18.801
2026-01-06T03:00:00,19.908
2026-01-06T04:00:00,17.889
2026-01-06T05:00:00,14.813
2026-01-06T06:00:00,13.833
2026-01-06T07:00:00,13.378
2026-01-06T08:00:00,14.120
2026-01-06T09:00:00,14.767
2026-01-06T10:00:00,11.228
2026-01-06T11:00:00,16.634
2026-01-06T12:00:00,17.405
2026-01-06T13:00:00,20.432
2026-01-06T14:00:00,20.448
2026-01-06T15:00:00,22.782
2026-01-06T16:00:00,24.911
2026-01-06T17:00:00,24.844
2026-01-06T18:00:00,26.980
2026-01-06T19:00:00,29.079
2026-01-06T20:00:00,27.801
2026-01-06T21:00:00,30.181
2026-01-06T22:00:00,25.329
2026-01-06T23:00:00,27.803
2026-01-07T00:00:00,24.539
2026-01-07T01:00:00,24.119
2026-01-07T02:00:00,19.721
2026-01-07T03:00:00,20.383
2026-01-07T04:00:00,17.406
2026-01-07T05:00:00,17.675
2026-01-07T06:00:00,15.645
2026-01-07T07:00:00,12.044
2026-01-07T08:00:00,13.944
2026-01-07T09:00:00,13.080
2026-01-07T10:00:00,14.746
2026-01-07T11:00:00,17.838
2026-01-07T12:00:00,17.746
2026-01-07T13:00:00,20.072
2026-01-07T14:00:00,21.161
2026-01-07T15:00:00,24.842
2026-01-07T16:00:00,22.291
2026-01-07T17:00:00,26.719
2026-01-07T18:00:00,28.598
2026-01-07T19:00:00,28.886
2026-01-07T20:00:00,28.825
2026-01-07T21:00:00,26.181
2026-01-07T22:00:00,26.194
2026-01-07T23:00:00,26.866
2026-01-08T00:00:00,26.215
2026-01-08T01:00:00,20.749
2026-01-08T02:00:00,20.265
2026-01-08T03:00:00,20.990
2026-01-08T04:00:00,17.799
2026-01-08T05:00:00,15.075
2026-01-08T06:00:00,15.509
2026-01-08T07:00:00,12.644
2026-01-08T08:00:00,14.137
2026-01-08T09:00:00,13.823
2026-01-08T10:00:00,15.590
2026-01-08T11:00:00,16.601
2026-01-08T12:00:00,15.905
2026-01-08T13:00:00,18.512
2026-01-08T14:00:00,23.316
2026-01-08T15:00:00,23.786
2026-01-08T16:00:00,23.861
2026-01-08T17:00:00,24.628
2026-01-08T18:00:00,25.769
2026-01-08T19:00:00,27.675
2026-01-08T20:00:00,28.873
2026-01-08T21:00:00,29.035
2026-01-08T22:00:00,30.409
2026-01-08T23:00:00,26.747
2026-01-09T00:00:00,25.587
2026-01-09T01:00:00,22.871
2026-01-09T02:00:00,19.660
2026-01-09T03:00:00,19.412
2026-01-09T04:00:00,16.517
2026-01-09T05:00:00,15.576
2026-01-09T06:00:00,15.599
2026-01-09T07:00:00,13.586
2026-01-09T08:00:00,14.617
2026-01-09T09:00:00,14.301
2026-01-09T10:00:00,14.727
2026-01-09T11:00:00,16.234
2026-01-09T12:00:00,15.870
2026-01-09T13:00:00,19.000
2026-01-09T14:00:00,22.453
2026-01-09T15:00:00,23.428
2026-01-09T16:00:00,24.140
2026-01-09T17:00:00,25.615
2026-01-09T18:00:00,28.440
2026-01-09T19:00:00,27.068
2026-01-09T20:00:00,27.114
2026-01-09T21:00:00,29.469
2026-01-09T22:00:00,28.771
2026-01-09T23:00:00,27.523
2026-01-10T00:00:00,25.061
2026-01-10T01:00:00,23.039
2026-01-10T02:00:00,21.276
2026-01-10T03:00:00,19.259
2026-01-10T04:00:00,16.625
2026-01-10T05:00:00,15.866
2026-01-10T06:00:00,13.116
2026-01-10T07:00:00,14.643
2026-01-10T08:00:00,14.632
2026-01-10T09:00:00,12.893
2026-01-10T10:00:00,16.332
2026-01-10T11:00:00,17.442
2026-01-10T12:00:00,15.512
2026-01-10T13:00:00,20.358
2026-01-10T14:00:00,21.057
2026-01-10T15:00:00,20.543
2026-01-10T16:00:00,24.225
2026-01-10T17:00:00,27.631
2026-01-10T18:00:00,28.155
2026-01-10T19:00:00,28.816
2026-01-10T20:00:00,26.529
2026-01-10T21:00:00,30.891
2026-01-10T22:00:00,28.345
2026-01-10T23:00:00,29.121
2026-01-11T00:00:00,23.471
2026-01-11T01:00:00,23.277
2026-01-11T02:00:00,21.560
2026-01-11T03:00:00,18.870
2026-01-11T04:00:00,18.291
2026-01-11T05:00:00,15.244
2026-01-11T06:00:00,15.069
2026-01-11T07:00:00,13.427
2026-01-11T08:00:00,14.254
2026-01-11T09:00:00,15.273
2026-01-11T10:00:00,14.091
2026-01-11T11:00:00,16.555
2026-01-11T12:00:00,17.223
2026-01-11T13:00:00,19.427
2026-01-11T14:00:00,20.088
2026-01-11T15:00:00,23.580
2026-01-11T16:00:00,25.684
2026-01-11T17:00:00,25.401
2026-01-11T18:00:00,29.148
2026-01-11T19:00:00,27.272
2026-01-11T20:00:00,30.876
2026-01-11T21:00:00,24.280
2026-01-11T22:00:00,25.031
2026-01-11T23:00:00,27.385
2026-01-12T00:00:00,23.831
2026-01-12T01:00:00,21.882
2026-01-12T02:00:00,21.917
2026-01-12T03:00:00,18.946
2026-01-12T04:00:00,17.715
2026-01-12T05:00:00,15.191
2026-01-12T06:00:00,14.759
2026-01-12T07:00:00,15.542
2026-01-12T08:00:00,13.874
2026-01-12T09:00:00,11.647
2026-01-12T10:00:00,14.083
2026-01-12T11:00:00,15.264
2026-01-12T12:00:00,18.674
2026-01-12T13:00:00,17.556
2026-01-12T14:00:00,20.850
2026-01-12T15:00:00,20.826
2026-01-12T16:00:00,21.781
2026-01-12T17:00:00,24.681
2026-01-12T18:00:00,26.564
2026-01-12T19:00:00,28.961
2026-01-12T20:00:00,27.932
2026-01-12T21:00:00,30.525
2026-01-12T22:00:00,27.888
2026-01-12T23:00:00,25.857
2026-01-13T00:00:00,24.367
2026-01-13T01:00:00,21.277
2026-01-13T02:00:00,20.485
2026-01-13T03:00:00,19.098
2026-01-13T04:00:00,18.515
2026-01-13T05:00:00,15.995
2026-01-13T06:00:00,14.586
2026-01-13T07:00:00,13.566
2026-01-13T08:00:00,13.557
2026-01-13T09:00:00,14.116
2026-01-13T10:00:00,14.908
2026-01-13T11:00:00,17.226
2026-01-13T12:00:00,18.872
2026-01-13T13:00:00,21.114
2026-01-13T14:00:00,21.028
2026-01-13T15:00:00,22.142
2026-01-13T16:00:00,23.759
2026-01-13T17:00:00,29.062
2026-01-13T18:00:00,25.321
2026-01-13T19:00:00,27.663
2026-01-13T20:00:00,28.506
2026-01-13T21:00:00,25.952
2026-01-13T22:00:00,28.469
2026-01-13T23:00:00,26.651
2026-01-14T00:00:00,24.207
2026-01-14T01:00:00,21.286
2026-01-14T02:00:00,20.224
2026-01-14T03:00:00,19.963
2026-01-14T04:00:00,17.337
2026-01-14T05:00:00,15.954
2026-01-14T06:00:00,15.542
2026-01-14T07:00:00,15.022
2026-01-14T08:00:00,12.652
2026-01-14T09:00:00,11.698
2026-01-14T10:00:00,13.217
2026-01-14T11:00:00,16.794
2026-01-14T12:00:00,18.153
2026-01-14T13:00:00,19.225
2026-01-14T14:00:00,19.876
2026-01-14T15:00:00,20.114
2026-01-14T16:00:00,24.748
2026-01-14T17:00:00,27.779
2026-01-14T18:00:00,26.258
2026-01-14T19:00:00,26.035
2026-01-14T20:00:00,26.640
2026-01-14T21:00:00,26.769
2026-01-14T22:00:00,28.264
2026-01-14T23:00:00,22.072
2026-01-15T00:00:00,23.257
2026-01-15T01:00:00,25.279
2026-01-15T02:00:00,20.606
2026-01-15T03:00:00,19.032
2026-01-15T04:00:00,16.669
2026-01-15T05:00:00,14.619
2026-01-15T06:00:00,16.245
2026-01-15T07:00:00,14.832
2026-01-15T08:00:00,14.068
2026-01-15T09:00:00,13.557
2026-01-15T10:00:00,14.701
2026-01-15T11:00:00,15.851
2026-01-15T12:00:00,17.678
2026-01-15T13:00:00,20.538
2026-01-15T14:00:00,19.830
2026-01-15T15:00:00,22.284
2026-01-15T16:00:00,25.105
2026-01-15T17:00:00,24.244
2026-01-15T18:00:00,27.937
2026-01-15T19:00:00,26.714
2026-01-15T20:00:00,28.631
2026-01-15T21:00:00,30.703
2026-01-15T22:00:00,25.224
2026-01-15T23:00:00,28.319
2026-01-16T00:00:00,28.153
2026-01-16T01:00:00,22.015
2026-01-16T02:00:00,20.772
2026-01-16T03:00:00,18.614
2026-01-16T04:00:00,18.103
2026-01-16T05:00:00,14.106
2026-01-16T06:00:00,15.602
2026-01-16T07:00:00,14.317
2026-01-16T08:00:00,14.219
2026-01-16T09:00:00,13.077
2026-01-16T10:00:00,13.412
2026-01-16T11:00:00,16.307
2026-01-16T12:00:00,19.030
2026-01-16T13:00:00,18.517
2026-01-16T14:00:00,19.653
2026-01-16T15:00:00,18.881
2026-01-16T16:00:00,23.577
2026-01-16T17:00:00,27.008
2026-01-16T18:00:00,29.822
2026-01-16T19:00:00,26.352
2026-01-16T20:00:00,30.204
2026-01-16T21:00:00,24.923
2026-01-16T22:00:00,30.810
2026-01-16T23:00:00,26.421
2026-01-17T00:00:00,25.473
2026-01-17T01:00:00,23.795
2026-01-17T02:00:00,22.426
2026-01-17T03:00:00,18.502
2026-01-17T04:00:00,17.065
2026-01-17T05:00:00,15.309
2026-01-17T06:00:00,14.271
2026-01-17T07:00:00,13.073
2026-01-17T08:00:00,12.960
2026-01-17T09:00:00,13.737
2026-01-17T10:00:00,13.111
2026-01-17T11:00:00,16.624
2026-01-17T12:00:00,16.480
2026-01-17T13:00:00,16.737
2026-01-17T14:00:00,21.856
2026-01-17T15:00:00,22.941
2026-01-17T16:00:00,23.957
2026-01-17T17:00:00,27.203
2026-01-17T18:00:00,26.614
2026-01-17T19:00:00,30.357
2026-01-17T20:00:00,28.005
2026-01-17T21:00:00,28.135
2026-01-17T22:00:00,29.910
2026-01-17T23:00:00,26.518
2026-01-18T00:00:00,24.532
2026-01-18T01:00:00,23.822
2026-01-18T02:00:00,22.506
2026-01-18T03:00:00,20.448
2026-01-18T04:00:00,17.910
2026-01-18T05:00:00,15.658
2026-01-18T06:00:00,14.270
2026-01-18T07:00:00,13.978
2026-01-18T08:00:00,14.391
2026-01-18T09:00:00,13.362
2026-01-18T10:00:00,15.025
2026-01-18T11:00:00,15.860
2026-01-18T12:00:00,18.703
2026-01-18T13:00:00,18.286
2026-01-18T14:00:00,20.223
2026-01-18T15:00:00,22.987
2026-01-18T16:00:00,25.095
2026-01-18T17:00:00,24.545
2026-01-18T18:00:00,27.030
2026-01-18T19:00:00,28.550
2026-01-18T20:00:00,27.568
2026-01-18T21:00:00,27.162
2026-01-18T22:00:00,28.713
2026-01-18T23:00:00,24.095
2026-01-19T00:00:00,27.410
2026-01-19T01:00:00,24.299
2026-01-19T02:00:00,21.941
2026-01-19T03:00:00,19.702
2026-01-19T04:00:00,18.235
2026-01-19T05:00:00,17.678
2026-01-19T06:00:00,12.858
2026-01-19T07:00:00,13.680
2026-01-19T08:00:00,13.200
2026-01-19T09:00:00,14.672
2026-01-19T10:00:00,15.178
2026-01-19T11:00:00,15.461
2026-01-19T12:00:00,17.771
2026-01-19T13:00:00,19.543
2026-01-19T14:00:00,21.556
2026-01-19T15:00:00,21.907
2026-01-19T16:00:00,25.726
2026-01-19T17:00:00,28.720
2026-01-19T18:00:00,28.233
2026-01-19T19:00:00,26.382
2026-01-19T20:00:00,30.208
2026-01-19T21:00:00,25.955
2026-01-19T22:00:00,27.152
2026-01-19T23:00:00,25.637
2026-01-20T00:00:00,26.153
2026-01-20T01:00:00,23.370
2026-01-20T02:00:00,22.266
2026-01-20T03:00:00,19.381
2026-01-20T04:00:00,16.636
2026-01-20T05:00:00,16.048
2026-01-20T06:00:00,14.687
2026-01-20T07:00:00,14.349
2026-01-20T08:00:00,12.230
2026-01-20T09:00:00,14.424
2026-01-20T10:00:00,15.148
2026-01-20T11:00:00,18.471
2026-01-20T12:00:00,18.259
2026-01-20T13:00:00,18.576
2026-01-20T14:00:00,19.769
2026-01-20T15:00:00,20.809
2026-01-20T16:00:00,22.209
2026-01-20T17:00:00,23.675
2026-01-20T18:00:00,26.379
2026-01-20T19:00:00,30.618
2026-01-20T20:00:00,26.622
2026-01-20T21:00:00,32.082
2026-01-20T22:00:00,29.746
2026-01-20T23:00:00,24.308
2026-01-21T00:00:00,25.255
2026-01-21T01:00:00,22.666
2026-01-21T02:00:00,18.982
2026-01-21T03:00:00,19.781
2026-01-21T04:00:00,16.920
2026-01-21T05:00:00,16.411
2026-01-21T06:00:00,14.676
2026-01-21T07:00:00,12.893
2026-01-21T08:00:00,13.189
2026-01-21T09:00:00,12.975
2026-01-21T10:00:00,14.613
2026-01-21T11:00:00,15.534
2026-01-21T12:00:00,17.445
2026-01-21T13:00:00,19.992
2026-01-21T14:00:00,21.019
2026-01-21T15:00:00,23.871
2026-01-21T16:00:00,22.994
2026-01-21T17:00:00,24.258
2026-01-21T18:00:00,28.323
2026-01-21T19:00:00,30.129
2026-01-21T20:00:00,26.281
2026-01-21T21:00:00,28.686
2026-01-21T22:00:00,29.016
2026-01-21T23:00:00,29.704
2026-01-22T00:00:00,25.011
2026-01-22T01:00:00,22.194
2026-01-22T02:00:00,20.396
2026-01-22T03:00:00,17.979
2026-01-22T04:00:00,16.683
2026-01-22T05:00:00,16.973
2026-01-22T06:00:00,15.161
2026-01-22T07:00:00,12.937
2026-01-22T08:00:00,12.928
2026-01-22T09:00:00,14.559
2026-01-22T10:00:00,14.821
2026-01-22T11:00:00,14.925
2026-01-22T12:00:00,18.139
2026-01-22T13:00:00,20.024
2026-01-22T14:00:00,22.559
2026-01-22T15:00:00,22.187
2026-01-22T16:00:00,23.799
2026-01-22T17:00:00,24.598
2026-01-22T18:00:00,26.336
2026-01-22T19:00:00,29.994
2026-01-22T20:00:00,24.547
2026-01-22T21:00:00,28.961
2026-01-22T22:00:00,28.020
2026-01-22T23:00:00,27.444
2026-01-23T00:00:00,21.950
2026-01-23T01:00:00,23.767
2026-01-23T02:00:00,21.041
2026-01-23T03:00:00,19.484
2026-01-23T04:00:00,15.693
2026-01-23T05:00:00,18.070
2026-01-23T06:00:00,14.204
2026-01-23T07:00:00,13.994
2026-01-23T08:00:00,13.914
2026-01-23T09:00:00,14.562
2026-01-23T10:00:00,13.811
2026-01-23T11:00:00,15.100
2026-01-23T12:00:00,14.395
2026-01-23T13:00:00,17.560
2026-01-23T14:00:00,22.757
2026-01-23T15:00:00,24.459
2026-01-23T16:00:00,26.896
2026-01-23T17:00:00,23.710
2026-01-23T18:00:00,27.944
2026-01-23T19:00:00,26.548
2026-01-23T20:00:00,25.329
2026-01-23T21:00:00,27.319
2026-01-23T22:00:00,28.956
2026-01-23T23:00:00,27.595
2026-01-24T00:00:00,24.788
2026-01-24T01:00:00,21.604
2026-01-24T02:00:00,21.973
2026-01-24T03:00:00,18.671
2026-01-24T04:00:00,17.585
2026-01-24T05:00:00,15.033
2026-01-24T06:00:00,14.875
2026-01-24T07:00:00,13.823
2026-01-24T08:00:00,14.091
2026-01-24T09:00:00,13.670
2026-01-24T10:00:00,15.515
2026-01-24T11:00:00,15.402
2026-01-24T12:00:00,18.515
2026-01-24T13:00:00,21.055
2026-01-24T14:00:00,20.047
2026-01-24T15:00:00,22.448
2026-01-24T16:00:00,24.292
2026-01-24T17:00:00,25.010
2026-01-24T18:00:00,27.031
2026-01-24T19:00:00,27.962
2026-01-24T20:00:00,28.474
2026-01-24T21:00:00,30.618
2026-01-24T22:00:00,25.412
2026-01-24T23:00:00,25.787
2026-01-25T00:00:00,26.967
2026-01-25T01:00:00,21.228
2026-01-25T02:00:00,20.066
2026-01-25T03:00:00,16.485
2026-01-25T04:00:00,17.682
2026-01-25T05:00:00,15.063
2026-01-25T06:00:00,14.073
2026-01-25T07:00:00,13.729
2026-01-25T08:00:00,14.018
2026-01-25T09:00:00,13.681
2026-01-25T10:00:00,16.658
2026-01-25T11:00:00,15.938
2026-01-25T12:00:00,15.852
2026-01-25T13:00:00,19.698
2026-01-25T14:00:00,21.487
2026-01-25T15:00:00,24.930
2026-01-25T16:00:00,25.744
2026-01-25T17:00:00,26.985
2026-01-25T18:00:00,25.788
2026-01-25T19:00:00,27.562
2026-01-25T20:00:00,26.532
2026-01-25T21:00:00,26.562
2026-01-25T22:00:00,27.962
2026-01-25T23:00:00,25.279
2026-01-26T00:00:00,25.252
2026-01-26T01:00:00,22.315
2026-01-26T02:00:00,22.613
2026-01-26T03:00:00,18.909
2026-01-26T04:00:00,18.929
2026-01-26T05:00:00,18.650
2026-01-26T06:00:00,14.085
2026-01-26T07:00:00,13.110
2026-01-26T08:00:00,12.532
2026-01-26T09:00:00,13.415
2026-01-26T10:00:00,14.995
2026-01-26T11:00:00,17.455
2026-01-26T12:00:00,17.360
2026-01-26T13:00:00,17.007
2026-01-26T14:00:00,19.824
2026-01-26T15:00:00,24.285
2026-01-26T16:00:00,22.750
2026-01-26T17:00:00,24.349
2026-01-26T18:00:00,26.078
2026-01-26T19:00:00,27.011
2026-01-26T20:00:00,28.639
2026-01-26T21:00:00,30.807
2026-01-26T22:00:00,25.963
2026-01-26T23:00:00,24.865
2026-01-27T00:00:00,23.879
2026-01-27T01:00:00,21.879
2026-01-27T02:00:00,19.588
2026-01-27T03:00:00,20.813
2026-01-27T04:00:00,17.945
2026-01-27T05:00:00,16.656
2026-01-27T06:00:00,12.739
2026-01-27T07:00:00,13.133
2026-01-27T08:00:00,14.391
2026-01-27T09:00:00,14.549
2026-01-27T10:00:00,14.396
2026-01-27T11:00:00,15.226
2026-01-27T12:00:00,16.235
2026-01-27T13:00:00,18.464
2026-01-27T14:00:00,19.148
2026-01-27T15:00:00,23.771
2026-01-27T16:00:00,23.518
2026-01-27T17:00:00,25.579
2026-01-27T18:00:00,28.200
2026-01-27T19:00:00,26.391
2026-01-27T20:00:00,27.947
2026-01-27T21:00:00,28.103
2026-01-27T22:00:00,27.790
2026-01-27T23:00:00,25.729
2026-01-28T00:00:00,21.296
2026-01-28T01:00:00,22.158
2026-01-28T02:00:00,21.160
2026-01-28T03:00:00,21.843
2026-01-28T04:00:00,18.331
2026-01-28T05:00:00,15.769
2026-01-28T06:00:00,13.717
2026-01-28T07:00:00,13.456
2026-01-28T08:00:00,13.004
2026-01-28T09:00:00,14.288
2026-01-28T10:00:00,15.994
2026-01-28T11:00:00,14.441
2026-01-28T12:00:00,15.689
2026-01-28T13:00:00,19.289
2026-01-28T14:00:00,22.263
2026-01-28T15:00:00,21.165
2026-01-28T16:00:00,26.549
2026-01-28T17:00:00,24.021
2026-01-28T18:00:00,24.835
2026-01-28T19:00:00,27.161
2026-01-28T20:00:00,30.435
2026-01-28T21:00:00,30.482
2026-01-28T22:00:00,23.603
2026-01-28T23:00:00,25.468
2026-01-29T00:00:00,25.400
2026-01-29T01:00:00,20.689
2026-01-29T02:00:00,19.216
2026-01-29T03:00:00,18.291
2026-01-29T04:00:00,16.495
2026-01-29T05:00:00,14.401
2026-01-29T06:00:00,14.760
2026-01-29T07:00:00,13.341
2026-01-29T08:00:00,13.420
2026-01-29T09:00:00,13.688
2026-01-29T10:00:00,15.299
2026-01-29T11:00:00,15.666
2026-01-29T12:00:00,16.883
2026-01-29T13:00:00,18.817
2026-01-29T14:00:00,19.406
2026-01-29T15:00:00,22.329
2026-01-29T16:00:00,25.236
2026-01-29T17:00:00,22.868
2026-01-29T18:00:00,27.741
2026-01-29T19:00:00,26.426
2026-01-29T20:00:00,28.927
2026-01-29T21:00:00,26.105
2026-01-29T22:00:00,25.214
2026-01-29T23:00:00,25.992
2026-01-30T00:00:00,24.977
2026-01-30T01:00:00,22.929
2026-01-30T02:00:00,21.052
2026-01-30T03:00:00,17.891
2026-01-30T04:00:00,16.937
2026-01-30T05:00:00,15.928
2026-01-30T06:00:00,15.705
2026-01-30T07:00:00,13.557
2026-01-30T08:00:00,12.253
2026-01-30T09:00:00,14.315
2026-01-30T10:00:00,15.794
2026-01-30T11:00:00,16.792
2026-01-30T12:00:00,18.908
2026-01-30T13:00:00,18.347
2026-01-30T14:00:00,19.454
2026-01-30T15:00:00,23.067
2026-01-30T16:00:00,26.202
2026-01-30T17:00:00,27.214
2026-01-30T18:00:00,29.062
2026-01-30T19:00:00,27.859
2026-01-30T20:00:00,30.061
2026-01-30T21:00:00,28.857
2026-01-30T22:00:00,24.886
2026-01-30T23:00:00,24.113
2026-01-31T00:00:00,22.698
2026-01-31T01:00:00,22.788
2026-01-31T02:00:00,20.351
2026-01-31T03:00:00,18.416
2026-01-31T04:00:00,15.925
2026-01-31T05:00:00,16.541
2026-01-31T06:00:00,15.371
2026-01-31T07:00:00,13.918
2026-01-31T08:00:00,13.777
2026-01-31T09:00:00,14.311
2026-01-31T10:00:00,14.532
2026-01-31T11:00:00,16.388
2026-01-31T12:00:00,15.329
2026-01-31T13:00:00,19.956
2026-01-31T14:00:00,19.617
2026-01-31T15:00:00,22.096
2026-01-31T16:00:00,26.172
2026-01-31T17:00:00,28.128
2026-01-31T18:00:00,27.163
2026-01-31T19:00:00,28.361
2026-01-31T20:00:00,28.186
2026-01-31T21:00:00,29.788
2026-01-31T22:00:00,30.397
2026-01-31T23:00:00,23.881
2026-02-01T00:00:00,29.061
2026-02-01T01:00:00,25.220
2026-02-01T02:00:00,23.581
2026-02-01T03:00:00,20.596
2026-02-01T04:00:00,17.720
2026-02-01T05:00:00,16.704
2026-02-01T06:00:00,15.673
2026-02-01T07:00:00,15.699
2026-02-01T08:00:00,16.174
2026-02-01T09:00:00,15.864
2026-02-01T10:00:00,16.854
2026-02-01T11:00:00,15.695
2026-02-01T12:00:00,19.277
2026-02-01T13:00:00,18.682
2026-02-01T14:00:00,25.694
2026-02-01T15:00:00,26.331
2026-02-01T16:00:00,27.629
2026-02-01T17:00:00,33.153
2026-02-01T18:00:00,29.609
2026-02-01T19:00:00,31.578
2026-02-01T20:00:00,31.841
2026-02-01T21:00:00,29.817
2026-02-01T22:00:00,32.732
2026-02-01T23:00:00,30.872
2026-02-02T00:00:00,28.754
2026-02-02T01:00:00,26.363
2026-02-02T02:00:00,27.958
2026-02-02T03:00:00,21.536
2026-02-02T04:00:00,20.667
2026-02-02T05:00:00,18.813
2026-02-02T06:00:00,18.599
2026-02-02T07:00:00,16.025
2026-02-02T08:00:00,14.556
2026-02-02T09:00:00,14.433
2026-02-02T10:00:00,16.278
2026-02-02T11:00:00,20.696
2026-02-02T12:00:00,20.528
2026-02-02T13:00:00,21.828
2026-02-02T14:00:00,24.416
2026-02-02T15:00:00,24.795
2026-02-02T16:00:00,27.238
2026-02-02T17:00:00,27.961
2026-02-02T18:00:00,31.112
2026-02-02T19:00:00,29.293
2026-02-02T20:00:00,31.403
2026-02-02T21:00:00,32.224
2026-02-02T22:00:00,32.559
2026-02-02T23:00:00,30.583
2026-02-03T00:00:00,30.448
2026-02-03T01:00:00,28.119
2026-02-03T02:00:00,24.765
2026-02-03T03:00:00,22.696
2026-02-03T04:00:00,20.358
2026-02-03T05:00:00,18.079
2026-02-03T06:00:00,17.016
2026-02-03T07:00:00,16.682
2026-02-03T08:00:00,15.852
2026-02-03T09:00:00,16.029
2026-02-03T10:00:00,16.969
2026-02-03T11:00:00,17.883
2026-02-03T12:00:00,20.621
2026-02-03T13:00:00,22.896
2026-02-03T14:00:00,23.736
2026-02-03T15:00:00,25.925
2026-02-03T16:00:00,31.135
2026-02-03T17:00:00,31.527
2026-02-03T18:00:00,30.871
2026-02-03T19:00:00,31.474
2026-02-03T20:00:00,35.667
2026-02-03T21:00:00,33.308
2026-02-03T22:00:00,32.992
2026-02-03T23:00:00,29.940
2026-02-04T00:00:00,23.796
2026-02-04T01:00:00,26.845
2026-02-04T02:00:00,23.840
2026-02-04T03:00:00,22.211
2026-02-04T04:00:00,19.706
2026-02-04T05:00:00,18.398
2026-02-04T06:00:00,16.896
2026-02-04T07:00:00,16.248
2026-02-04T08:00:00,15.410
2026-02-04T09:00:00,17.342
2026-02-04T10:00:00,16.792
2026-02-04T11:00:00,17.329
2026-02-04T12:00:00,19.153
2026-02-04T13:00:00,20.414
2026-02-04T14:00:00,23.574
2026-02-04T15:00:00,27.670
2026-02-04T16:00:00,27.459
2026-02-04T17:00:00,30.998
2026-02-04T18:00:00,31.567
2026-02-04T19:00:00,33.633
2026-02-04T20:00:00,33.513
2026-02-04T21:00:00,33.532
2026-02-04T22:00:00,28.854
2026-02-04T23:00:00,29.974
2026-02-05T00:00:00,28.536
2026-02-05T01:00:00,24.345
2026-02-05T02:00:00,21.725
2026-02-05T03:00:00,23.291
2026-02-05T04:00:00,18.979
2026-02-05T05:00:00,19.076
2026-02-05T06:00:00,17.647
2026-02-05T07:00:00,15.507
2026-02-05T08:00:00,16.272
2026-02-05T09:00:00,14.865
2026-02-05T10:00:00,17.886
2026-02-05T11:00:00,17.525
2026-02-05T12:00:00,18.235
2026-02-05T13:00:00,20.475
2026-02-05T14:00:00,25.572
2026-02-05T15:00:00,28.419
2026-02-05T16:00:00,29.107
2026-02-05T17:00:00,27.453
2026-02-05T18:00:00,29.498
2026-02-05T19:00:00,34.324
2026-02-05T20:00:00,32.178
2026-02-05T21:00:00,33.568
2026-02-05T22:00:00,28.156
2026-02-05T23:00:00,32.143
2026-02-06T00:00:00,28.712
2026-02-06T01:00:00,27.160
2026-02-06T02:00:00,24.278
2026-02-06T03:00:00,20.446
2026-02-06T04:00:00,17.383
2026-02-06T05:00:00,17.973
2026-02-06T06:00:00,15.503
2026-02-06T07:00:00,16.205
2026-02-06T08:00:00,16.178
2026-02-06T09:00:00,16.178
2026-02-06T10:00:00,18.441
2026-02-06T11:00:00,17.934
2026-02-06T12:00:00,20.829
2026-02-06T13:00:00,21.478
2026-02-06T14:00:00,23.956
2026-02-06T15:00:00,26.454
2026-02-06T16:00:00,27.527
2026-02-06T17:00:00,28.060
2026-02-06T18:00:00,30.416
2026-02-06T19:00:00,30.530
2026-02-06T20:00:00,31.791
2026-02-06T21:00:00,33.436
2026-02-06T22:00:00,30.931
2026-02-06T23:00:00,28.237
2026-02-07T00:00:00,25.419
2026-02-07T01:00:00,24.445
2026-02-07T02:00:00,22.816
2026-02-07T03:00:00,22.558
2026-02-07T04:00:00,21.734
2026-02-07T05:00:00,19.483
2026-02-07T06:00:00,17.649
2026-02-07T07:00:00,17.892
2026-02-07T08:00:00,15.858
2026-02-07T09:00:00,16.114
2026-02-07T10:00:00,15.919
2026-02-07T11:00:00,18.898
2026-02-07T12:00:00,19.046
2026-02-07T13:00:00,19.280
2026-02-07T14:00:00,24.633
2026-02-07T15:00:00,28.988
2026-02-07T16:00:00,29.514
2026-02-07T17:00:00,26.397
2026-02-07T18:00:00,28.029
2026-02-07T19:00:00,30.944
2026-02-07T20:00:00,34.395
2026-02-07T21:00:00,30.842
2026-02-07T22:00:00,30.846
2026-02-07T23:00:00,31.147
2026-02-08T00:00:00,31.138
2026-02-08T01:00:00,26.537
2026-02-08T02:00:00,22.926
2026-02-08T03:00:00,21.926
2026-02-08T04:00:00,18.328
2026-02-08T05:00:00,18.038
2026-02-08T06:00:00,18.324
2026-02-08T07:00:00,16.308
2026-02-08T08:00:00,15.937
2026-02-08T09:00:00,17.745
2026-02-08T10:00:00,16.930
2026-02-08T11:00:00,18.410
2026-02-08T12:00:00,21.795
2026-02-08T13:00:00,22.000
2026-02-08T14:00:00,24.177
2026-02-08T15:00:00,28.361
2026-02-08T16:00:00,27.595
2026-02-08T17:00:00,30.775
2026-02-08T18:00:00,31.696
2026-02-08T19:00:00,34.641
2026-02-08T20:00:00,31.035
2026-02-08T21:00:00,36.151
2026-02-08T22:00:00,28.405
2026-02-08T23:00:00,31.884
2026-02-09T00:00:00,27.250
2026-02-09T01:00:00,23.861
2026-02-09T02:00:00,23.493
2026-02-09T03:00:00,23.271
2026-02-09T04:00:00,18.952
2026-02-09T05:00:00,17.044
2026-02-09T06:00:00,15.375
2026-02-09T07:00:00,16.974
2026-02-09T08:00:00,15.336
2026-02-09T09:00:00,16.911
2026-02-09T10:00:00,17.069
2026-02-09T11:00:00,19.310
2026-02-09T12:00:00,20.004
2026-02-09T13:00:00,23.499
2026-02-09T14:00:00,25.553
2026-02-09T15:00:00,24.884
2026-02-09T16:00:00,30.734
2026-02-09T17:00:00,28.526
2026-02-09T18:00:00,30.125
2026-02-09T19:00:00,30.306
2026-02-09T20:00:00,35.326
2026-02-09T21:00:00,33.370
2026-02-09T22:00:00,29.218
2026-02-09T23:00:00,30.811
2026-02-10T00:00:00,28.644
2026-02-10T01:00:00,26.775
2026-02-10T02:00:00,24.311
2026-02-10T03:00:00,20.873
2026-02-10T04:00:00,18.081
2026-02-10T05:00:00,16.897
2026-02-10T06:00:00,16.472
2026-02-10T07:00:00,15.658
2026-02-10T08:00:00,15.125
2026-02-10T09:00:00,16.044
2026-02-10T10:00:00,16.298
2026-02-10T11:00:00,19.398
2026-02-10T12:00:00,19.710
2026-02-10T13:00:00,23.989
2026-02-10T14:00:00,25.987
2026-02-10T15:00:00,26.895
2026-02-10T16:00:00,29.742
2026-02-10T17:00:00,28.771
2026-02-10T18:00:00,31.314
2026-02-10T19:00:00,33.722
2026-02-10T20:00:00,30.072
2026-02-10T21:00:00,34.054
2026-02-10T22:00:00,33.614
2026-02-10T23:00:00,33.246
2026-02-11T00:00:00,27.310
2026-02-11T01:00:00,24.133
2026-02-11T02:00:00,25.410
2026-02-11T03:00:00,21.389
2026-02-11T04:00:00,20.390
2026-02-11T05:00:00,18.554
2026-02-11T06:00:00,16.889
2026-02-11T07:00:00,15.656
2026-02-11T08:00:00,15.719
2026-02-11T09:00:00,14.268
2026-02-11T10:00:00,18.486
2026-02-11T11:00:00,19.465
2026-02-11T12:00:00,19.372
2026-02-11T13:00:00,21.762
2026-02-11T14:00:00,24.125
2026-02-11T15:00:00,27.151
2026-02-11T16:00:00,28.951
2026-02-11T17:00:00,31.201
2026-02-11T18:00:00,31.404
2026-02-11T19:00:00,33.425
2026-02-11T20:00:00,31.613
2026-02-11T21:00:00,30.435
2026-02-11T22:00:00,29.274
2026-02-11T23:00:00,29.637
2026-02-12T00:00:00,27.777
2026-02-12T01:00:00,25.132
2026-02-12T02:00:00,23.993
2026-02-12T03:00:00,23.382
2026-02-12T04:00:00,20.619
2026-02-12T05:00:00,18.478
2026-02-12T06:00:00,16.150
2026-02-12T07:00:00,17.150
2026-02-12T08:00:00,14.639
2026-02-12T09:00:00,16.222
2026-02-12T10:00:00,17.924
2026-02-12T11:00:00,18.417
2026-02-12T12:00:00,19.092
2026-02-12T13:00:00,21.207
2026-02-12T14:00:00,24.965
2026-02-12T15:00:00,26.722
2026-02-12T16:00:00,26.341
2026-02-12T17:00:00,33.142
2026-02-12T18:00:00,31.999
2026-02-12T19:00:00,31.933
2026-02-12T20:00:00,33.061
2026-02-12T21:00:00,35.574
2026-02-12T22:00:00,30.946
2026-02-12T23:00:00,30.467
2026-02-13T00:00:00,28.444
2026-02-13T01:00:00,25.988
2026-02-13T02:00:00,23.870
2026-02-13T03:00:00,21.450
2026-02-13T04:00:00,20.343
2026-02-13T05:00:00,17.900
2026-02-13T06:00:00,16.607
2026-02-13T07:00:00,15.448
2026-02-13T08:00:00,15.393
2026-02-13T09:00:00,16.726
2026-02-13T10:00:00,16.923
2026-02-13T11:00:00,19.521
2026-02-13T12:00:00,19.380
2026-02-13T13:00:00,22.472
2026-02-13T14:00:00,23.574
2026-02-13T15:00:00,28.623
2026-02-13T16:00:00,24.531
2026-02-13T17:00:00,31.124
2026-02-13T18:00:00,31.338
2026-02-13T19:00:00,31.936
2026-02-13T20:00:00,35.925
2026-02-13T21:00:00,32.169
2026-02-13T22:00:00,29.443
2026-02-13T23:00:00,29.796
2026-02-14T00:00:00,29.101
2026-02-14T01:00:00,28.207
2026-02-14T02:00:00,23.914
2026-02-14T03:00:00,19.580
2026-02-14T04:00:00,20.060
2026-02-14T05:00:00,18.125
2026-02-14T06:00:00,17.129
2026-02-14T07:00:00,14.497
2026-02-14T08:00:00,15.427
2026-02-14T09:00:00,13.243
2026-02-14T10:00:00,16.621
2026-02-14T11:00:00,17.455
2026-02-14T12:00:00,19.443
2026-02-14T13:00:00,20.838
2026-02-14T14:00:00,22.885
2026-02-14T15:00:00,28.067
2026-02-14T16:00:00,29.359
2026-02-14T17:00:00,33.623
2026-02-14T18:00:00,34.654
2026-02-14T19:00:00,32.056
2026-02-14T20:00:00,32.702
2026-02-14T21:00:00,32.952
2026-02-14T22:00:00,31.985
2026-02-14T23:00:00,31.743
2026-02-15T00:00:00,29.298
2026-02-15T01:00:00,26.160
2026-02-15T02:00:00,24.633
2026-02-15T03:00:00,21.753
2026-02-15T04:00:00,19.552
2026-02-15T05:00:00,19.953
2026-02-15T06:00:00,16.912
2026-02-15T07:00:00,14.813
2026-02-15T08:00:00,14.474
2026-02-15T09:00:00,16.437
2026-02-15T10:00:00,17.410
2026-02-15T11:00:00,18.090
2026-02-15T12:00:00,19.265
2026-02-15T13:00:00,22.472
2026-02-15T14:00:00,21.786
2026-02-15T15:00:00,27.081
2026-02-15T16:00:00,30.833
2026-02-15T17:00:00,32.020
2026-02-15T18:00:00,31.617
2026-02-15T19:00:00,35.339
2026-02-15T20:00:00,29.976
2026-02-15T21:00:00,32.365
2026-02-15T22:00:00,34.429
2026-02-15T23:00:00,29.498
2026-02-16T00:00:00,29.280
2026-02-16T01:00:00,28.032
2026-02-16T02:00:00,23.647
2026-02-16T03:00:00,19.775
2026-02-16T04:00:00,21.102
2026-02-16T05:00:00,18.324
2026-02-16T06:00:00,18.102
2026-02-16T07:00:00,15.115
2026-02-16T08:00:00,14.592
2026-02-16T09:00:00,15.364
2026-02-16T10:00:00,15.520
2026-02-16T11:00:00,19.343
2026-02-16T12:00:00,18.466
2026-02-16T13:00:00,22.319
2026-02-16T14:00:00,22.105
2026-02-16T15:00:00,27.038
2026-02-16T16:00:00,29.600
2026-02-16T17:00:00,32.579
2026-02-16T18:00:00,27.867
2026-02-16T19:00:00,29.910
2026-02-16T20:00:00,33.881
2026-02-16T21:00:00,35.637
2026-02-16T22:00:00,30.191
2026-02-16T23:00:00,33.878
2026-02-17T00:00:00,26.216
2026-02-17T01:00:00,25.233
2026-02-17T02:00:00,24.382
2026-02-17T03:00:00,22.794
2026-02-17T04:00:00,19.896
2026-02-17T05:00:00,18.996
2026-02-17T06:00:00,17.778
2026-02-17T07:00:00,16.230
2026-02-17T08:00:00,14.780
2026-02-17T09:00:00,16.148
2026-02-17T10:00:00,18.018
2026-02-17T11:00:00,18.840
2026-02-17T12:00:00,21.301
2026-02-17T13:00:00,21.968
2026-02-17T14:00:00,25.613
2026-02-17T15:00:00,26.279
2026-02-17T16:00:00,28.924
2026-02-17T17:00:00,32.021
2026-02-17T18:00:00,29.905
2026-02-17T19:00:00,32.502
2026-02-17T20:00:00,32.589
2026-02-17T21:00:00,34.159
2026-02-17T22:00:00,28.518
2026-02-17T23:00:00,31.597
2026-02-18T00:00:00,28.291
2026-02-18T01:00:00,24.650
2026-02-18T02:00:00,24.636
2026-02-18T03:00:00,22.545
2026-02-18T04:00:00,19.582
2026-02-18T05:00:00,18.612
2026-02-18T06:00:00,17.019
2026-02-18T07:00:00,16.067
2026-02-18T08:00:00,14.555
2026-02-18T09:00:00,16.190
2026-02-18T10:00:00,16.551
2026-02-18T11:00:00,18.502
2026-02-18T12:00:00,19.428
2026-02-18T13:00:00,22.499
2026-02-18T14:00:00,25.069
2026-02-18T15:00:00,26.781
2026-02-18T16:00:00,29.096
2026-02-18T17:00:00,28.608
2026-02-18T18:00:00,28.278
2026-02-18T19:00:00,34.695
2026-02-18T20:00:00,29.387
2026-02-18T21:00:00,29.490
2026-02-18T22:00:00,29.944
2026-02-18T23:00:00,31.935
2026-02-19T00:00:00,30.791
2026-02-19T01:00:00,24.232
2026-02-19T02:00:00,21.723
2026-02-19T03:00:00,22.276
2026-02-19T04:00:00,19.537
2026-02-19T05:00:00,19.465
2026-02-19T06:00:00,16.363
2026-02-19T07:00:00,16.205
2026-02-19T08:00:00,15.569
2026-02-19T09:00:00,14.996
2026-02-19T10:00:00,16.185
2026-02-19T11:00:00,17.401
2026-02-19T12:00:00,20.884
2026-02-19T13:00:00,21.392
2026-02-19T14:00:00,23.642
2026-02-19T15:00:00,24.827
2026-02-19T16:00:00,29.610
2026-02-19T17:00:00,32.314
2026-02-19T18:00:00,34.131
2026-02-19T19:00:00,33.586
2026-02-19T20:00:00,34.097
2026-02-19T21:00:00,26.525
2026-02-19T22:00:00,32.597
2026-02-19T23:00:00,28.859
2026-02-20T00:00:00,28.774
2026-02-20T01:00:00,27.958
2026-02-20T02:00:00,23.376
2026-02-20T03:00:00,20.569
2026-02-20T04:00:00,20.501
2026-02-20T05:00:00,18.893
2026-02-20T06:00:00,15.295
2026-02-20T07:00:00,15.509
2026-02-20T08:00:00,16.235
2026-02-20T09:00:00,14.489
2026-02-20T10:00:00,16.206
2026-02-20T11:00:00,17.702
2026-02-20T12:00:00,20.445
2026-02-20T13:00:00,21.692
2026-02-20T14:00:00,23.200
2026-02-20T15:00:00,28.717
2026-02-20T16:00:00,27.801
2026-02-20T17:00:00,27.562
2026-02-20T18:00:00,30.684
2026-02-20T19:00:00,28.928
2026-02-20T20:00:00,32.834
2026-02-20T21:00:00,33.389
2026-02-20T22:00:00,27.711
2026-02-20T23:00:00,27.694
2026-02-21T00:00:00,26.277
2026-02-21T01:00:00,28.263
2026-02-21T02:00:00,24.656
2026-02-21T03:00:00,20.653
2026-02-21T04:00:00,19.170
2026-02-21T05:00:00,18.244
2026-02-21T06:00:00,16.114
2026-02-21T07:00:00,16.124
2026-02-21T08:00:00,15.555
2026-02-21T09:00:00,15.754
2026-02-21T10:00:00,17.149
2026-02-21T11:00:00,17.515
2026-02-21T12:00:00,20.716
2026-02-21T13:00:00,22.833
2026-02-21T14:00:00,23.474
2026-02-21T15:00:00,27.015
2026-02-21T16:00:00,27.640
2026-02-21T17:00:00,31.821
2026-02-21T18:00:00,32.720
2026-02-21T19:00:00,33.979
2026-02-21T20:00:00,34.213
2026-02-21T21:00:00,32.159
2026-02-21T22:00:00,29.733
2026-02-21T23:00:00,29.570
2026-02-22T00:00:00,27.056
2026-02-22T01:00:00,24.341
2026-02-22T02:00:00,26.202
2026-02-22T03:00:00,23.394
2026-02-22T04:00:00,21.319
2026-02-22T05:00:00,19.004
2026-02-22T06:00:00,17.168
2026-02-22T07:00:00,17.238
2026-02-22T08:00:00,15.255
2026-02-22T09:00:00,15.622
2026-02-22T10:00:00,15.331
2026-02-22T11:00:00,18.974
2026-02-22T12:00:00,19.053
2026-02-22T13:00:00,23.248
2026-02-22T14:00:00,23.285
2026-02-22T15:00:00,27.042
2026-02-22T16:00:00,31.501
2026-02-22T17:00:00,28.518
2026-02-22T18:00:00,33.949
2026-02-22T19:00:00,26.808
2026-02-22T20:00:00,32.373
2026-02-22T21:00:00,31.343
2026-02-22T22:00:00,31.533
2026-02-22T23:00:00,34.038
2026-02-23T00:00:00,27.540
2026-02-23T01:00:00,24.711
2026-02-23T02:00:00,23.726
2026-02-23T03:00:00,21.995
2026-02-23T04:00:00,18.954
2026-02-23T05:00:00,17.234
2026-02-23T06:00:00,17.091
2026-02-23T07:00:00,13.889
2026-02-23T08:00:00,15.878
2026-02-23T09:00:00,16.870
2026-02-23T10:00:00,15.782
2026-02-23T11:00:00,19.241
2026-02-23T12:00:00,20.447
2026-02-23T13:00:00,23.661
2026-02-23T14:00:00,23.220
2026-02-23T15:00:00,25.123
2026-02-23T16:00:00,29.631
2026-02-23T17:00:00,26.630
2026-02-23T18:00:00,29.683
2026-02-23T19:00:00,30.916
2026-02-23T20:00:00,32.491
2026-02-23T21:00:00,32.162
2026-02-23T22:00:00,30.859
2026-02-23T23:00:00,29.218
2026-02-24T00:00:00,28.804
2026-02-24T01:00:00,25.015
2026-02-24T02:00:00,23.143
2026-02-24T03:00:00,21.344
2026-02-24T04:00:00,21.905
2026-02-24T05:00:00,18.537
2026-02-24T06:00:00,15.568
2026-02-24T07:00:00,18.194
2026-02-24T08:00:00,16.802
2026-02-24T09:00:00,17.355
2026-02-24T10:00:00,15.605
2026-02-24T11:00:00,17.746
2026-02-24T12:00:00,16.980
2026-02-24T13:00:00,21.474
2026-02-24T14:00:00,23.801
2026-02-24T15:00:00,27.713
2026-02-24T16:00:00,30.183
2026-02-24T17:00:00,32.807
2026-02-24T18:00:00,35.611
2026-02-24T19:00:00,34.985
2026-02-24T20:00:00,30.966
2026-02-24T21:00:00,33.945
2026-02-24T22:00:00,30.020
2026-02-24T23:00:00,28.118
2026-02-25T00:00:00,27.625
2026-02-25T01:00:00,29.015
2026-02-25T02:00:00,25.088
2026-02-25T03:00:00,22.212
2026-02-25T04:00:00,17.824
2026-02-25T05:00:00,18.144
2026-02-25T06:00:00,17.359
2026-02-25T07:00:00,15.770
2026-02-25T08:00:00,15.769
2026-02-25T09:00:00,14.663
2026-02-25T10:00:00,14.946
2026-02-25T11:00:00,18.607
2026-02-25T12:00:00,20.402
2026-02-25T13:00:00,21.556
2026-02-25T14:00:00,25.446
2026-02-25T15:00:00,26.340
2026-02-25T16:00:00,31.126
2026-02-25T17:00:00,29.692
2026-02-25T18:00:00,29.968
2026-02-25T19:00:00,33.005
2026-02-25T20:00:00,33.684
2026-02-25T21:00:00,31.767
2026-02-25T22:00:00,33.142
2026-02-25T23:00:00,27.774
2026-02-26T00:00:00,27.080
2026-02-26T01:00:00,25.825
2026-02-26T02:00:00,26.035
2026-02-26T03:00:00,21.265
2026-02-26T04:00:00,20.232
2026-02-26T05:00:00,17.656
2026-02-26T06:00:00,17.006
2026-02-26T07:00:00,15.578
2026-02-26T08:00:00,15.326
2026-02-26T09:00:00,15.415
2026-02-26T10:00:00,17.595
2026-02-26T11:00:00,17.346
2026-02-26T12:00:00,20.666
2026-02-26T13:00:00,23.618
2026-02-26T14:00:00,21.711
2026-02-26T15:00:00,25.812
2026-02-26T16:00:00,28.113
2026-02-26T17:00:00,30.662
2026-02-26T18:00:00,31.708
2026-02-26T19:00:00,31.270
2026-02-26T20:00:00,33.105
2026-02-26T21:00:00,30.243
2026-02-26T22:00:00,29.062
2026-02-26T23:00:00,29.456
2026-02-27T00:00:00,27.717
2026-02-27T01:00:00,29.223
2026-02-27T02:00:00,22.675
2026-02-27T03:00:00,22.180
2026-02-27T04:00:00,20.854
2026-02-27T05:00:00,16.103
2026-02-27T06:00:00,19.186
2026-02-27T07:00:00,15.326
2026-02-27T08:00:00,15.740
2026-02-27T09:00:00,15.861
2026-02-27T10:00:00,16.547
2026-02-27T11:00:00,17.899
2026-02-27T12:00:00,19.094
2026-02-27T13:00:00,21.246
2026-02-27T14:00:00,23.662
2026-02-27T15:00:00,24.712
2026-02-27T16:00:00,26.176
2026-02-27T17:00:00,29.572
2026-02-27T18:00:00,32.829
2026-02-27T19:00:00,31.283
2026-02-27T20:00:00,33.081
2026-02-27T21:00:00,27.894
2026-02-27T22:00:00,31.047
2026-02-27T23:00:00,32.030
2026-02-28T00:00:00,26.482
2026-02-28T01:00:00,22.276
2026-02-28T02:00:00,24.448
2026-02-28T03:00:00,23.297
2026-02-28T04:00:00,17.271
2026-02-28T05:00:00,17.215
2026-02-28T06:00:00,14.917
2026-02-28T07:00:00,17.477
2026-02-28T08:00:00,17.123
2026-02-28T09:00:00,17.137
2026-02-28T10:00:00,17.233
2026-02-28T11:00:00,17.434
2026-02-28T12:00:00,19.772
2026-02-28T13:00:00,21.351
2026-02-28T14:00:00,24.816
2026-02-28T15:00:00,25.505
2026-02-28T16:00:00,27.266
2026-02-28T17:00:00,30.387
2026-02-28T18:00:00,34.487
2026-02-28T19:00:00,30.060
2026-02-28T20:00:00,32.682
2026-02-28T21:00:00,30.288
2026-02-28T22:00:00,32.970
2026-02-28T23:00:00,34.201
2026-03-01T00:00:00,24.757
2026-03-01T01:00:00,24.784
2026-03-01T02:00:00,21.317
2026-03-01T03:00:00,20.594
2026-03-01T04:00:00,18.376
2026-03-01T05:00:00,14.790
2026-03-01T06:00:00,15.721
2026-03-01T07:00:00,12.944
2026-03-01T08:00:00,15.016
2026-03-01T09:00:00,14.808
2026-03-01T10:00:00,15.870
2026-03-01T11:00:00,16.959
2026-03-01T12:00:00,18.779
2026-03-01T13:00:00,20.542
2026-03-01T14:00:00,24.096
2026-03-01T15:00:00,23.232
2026-03-01T16:00:00,22.591
2026-03-01T17:00:00,26.994
2026-03-01T18:00:00,30.302
2026-03-01T19:00:00,30.224
2026-03-01T20:00:00,33.278
2026-03-01T21:00:00,30.090
2026-03-01T22:00:00,28.384
2026-03-01T23:00:00,28.633
2026-03-02T00:00:00,29.073
2026-03-02T01:00:00,25.072
2026-03-02T02:00:00,23.363
2026-03-02T03:00:00,22.267
2026-03-02T04:00:00,17.025
2026-03-02T05:00:00,17.828
2026-03-02T06:00:00,16.056
2026-03-02T07:00:00,15.345
2026-03-02T08:00:00,14.418
2026-03-02T09:00:00,14.221
2026-03-02T10:00:00,16.204
2026-03-02T11:00:00,17.983
2026-03-02T12:00:00,18.473
2026-03-02T13:00:00,20.809
2026-03-02T14:00:00,21.425
2026-03-02T15:00:00,24.041
2026-03-02T16:00:00,27.797
2026-03-02T17:00:00,28.868
2026-03-02T18:00:00,26.943
2026-03-02T19:00:00,26.889
2026-03-02T20:00:00,29.024
2026-03-02T21:00:00,26.179
2026-03-02T22:00:00,27.499
2026-03-02T23:00:00,27.662
2026-03-03T00:00:00,26.085
2026-03-03T01:00:00,23.806
2026-03-03T02:00:00,21.709
2026-03-03T03:00:00,19.376
2026-03-03T04:00:00,19.113
2026-03-03T05:00:00,16.479
2026-03-03T06:00:00,15.649
2026-03-03T07:00:00,13.578
2026-03-03T08:00:00,14.421
2026-03-03T09:00:00,14.703
2026-03-03T10:00:00,16.129
2026-03-03T11:00:00,17.199
2026-03-03T12:00:00,17.478
2026-03-03T13:00:00,20.167
2026-03-03T14:00:00,24.210
2026-03-03T15:00:00,24.084
2026-03-03T16:00:00,23.860
2026-03-03T17:00:00,28.063
2026-03-03T18:00:00,31.515
2026-03-03T19:00:00,30.669
2026-03-03T20:00:00,29.653
2026-03-03T21:00:00,30.959
2026-03-03T22:00:00,25.876
2026-03-03T23:00:00,26.668
2026-03-04T00:00:00,28.073
2026-03-04T01:00:00,25.132
2026-03-04T02:00:00,21.681
2026-03-04T03:00:00,20.665
2026-03-04T04:00:00,17.739
2026-03-04T05:00:00,15.503
2026-03-04T06:00:00,15.067
2026-03-04T07:00:00,15.493
2026-03-04T08:00:00,14.007
2026-03-04T09:00:00,12.650
2026-03-04T10:00:00,16.880
2026-03-04T11:00:00,17.068
2026-03-04T12:00:00,19.842
2026-03-04T13:00:00,19.700
2026-03-04T14:00:00,24.425
2026-03-04T15:00:00,22.226
2026-03-04T16:00:00,25.991
2026-03-04T17:00:00,30.194
2026-03-04T18:00:00,30.251
2026-03-04T19:00:00,29.883
2026-03-04T20:00:00,30.882
2026-03-04T21:00:00,27.813
2026-03-04T22:00:00,28.938
2026-03-04T23:00:00,25.131
2026-03-05T00:00:00,26.506
2026-03-05T01:00:00,21.371
2026-03-05T02:00:00,25.300
2026-03-05T03:00:00,21.171
2026-03-05T04:00:00,18.449
2026-03-05T05:00:00,16.228
2026-03-05T06:00:00,14.390
2026-03-05T07:00:00,13.620
2026-03-05T08:00:00,13.608
2026-03-05T09:00:00,14.591
2026-03-05T10:00:00,15.826
2026-03-05T11:00:00,17.806
2026-03-05T12:00:00,18.220
2026-03-05T13:00:00,20.835
2026-03-05T14:00:00,20.348
2026-03-05T15:00:00,23.108
2026-03-05T16:00:00,26.406
2026-03-05T17:00:00,25.616
2026-03-05T18:00:00,30.419
2026-03-05T19:00:00,27.130
2026-03-05T20:00:00,30.264
2026-03-05T21:00:00,28.357
2026-03-05T22:00:00,28.330
2026-03-05T23:00:00,28.144
2026-03-06T00:00:00,25.397
2026-03-06T01:00:00,23.284
2026-03-06T02:00:00,20.431
2026-03-06T03:00:00,18.574
2026-03-06T04:00:00,17.902
2026-03-06T05:00:00,18.514
2026-03-06T06:00:00,14.507
2026-03-06T07:00:00,14.713
2026-03-06T08:00:00,13.771
2026-03-06T09:00:00,16.063
2026-03-06T10:00:00,17.891
2026-03-06T11:00:00,14.550
2026-03-06T12:00:00,17.090
2026-03-06T13:00:00,21.815
2026-03-06T14:00:00,21.064
2026-03-06T15:00:00,25.054
2026-03-06T16:00:00,26.292
2026-03-06T17:00:00,29.756
2026-03-06T18:00:00,30.076
2026-03-06T19:00:00,30.824
2026-03-06T20:00:00,28.352
2026-03-06T21:00:00,31.444
2026-03-06T22:00:00,28.026
2026-03-06T23:00:00,26.680
2026-03-07T00:00:00,24.815
2026-03-07T01:00:00,25.399
2026-03-07T02:00:00,22.998
2026-03-07T03:00:00,20.612
2026-03-07T04:00:00,20.693
2026-03-07T05:00:00,16.312
2026-03-07T06:00:00,15.396
2026-03-07T07:00:00,15.575
2026-03-07T08:00:00,13.604
2026-03-07T09:00:00,15.912
2026-03-07T10:00:00,15.447
2026-03-07T11:00:00,17.611
2026-03-07T12:00:00,17.167
2026-03-07T13:00:00,18.713
2026-03-07T14:00:00,23.115
2026-03-07T15:00:00,24.833
2026-03-07T16:00:00,27.408
2026-03-07T17:00:00,27.581
2026-03-07T18:00:00,29.174
2026-03-07T19:00:00,28.806
2026-03-07T20:00:00,32.434
2026-03-07T21:00:00,30.310
2026-03-07T22:00:00,26.702
2026-03-07T23:00:00,30.975
2026-03-08T00:00:00,26.928
2026-03-08T01:00:00,24.996
2026-03-08T02:00:00,22.099
2026-03-08T03:00:00,19.010
2026-03-08T04:00:00,19.296
2026-03-08T05:00:00,16.269
2026-03-08T06:00:00,16.140
2026-03-08T07:00:00,15.314
2026-03-08T08:00:00,14.974
2026-03-08T09:00:00,12.936
2026-03-08T10:00:00,14.568
2026-03-08T11:00:00,15.497
2026-03-08T12:00:00,17.828
2026-03-08T13:00:00,20.674
2026-03-08T14:00:00,23.568
2026-03-08T15:00:00,24.064
2026-03-08T16:00:00,28.440
2026-03-08T17:00:00,31.558
2026-03-08T18:00:00,29.208
2026-03-08T19:00:00,29.741
2026-03-08T20:00:00,31.225
2026-03-08T21:00:00,30.855
2026-03-08T22:00:00,29.127
2026-03-08T23:00:00,29.467
2026-03-09T00:00:00,27.265
2026-03-09T01:00:00,23.615
2026-03-09T02:00:00,20.744
2026-03-09T03:00:00,19.063
2026-03-09T04:00:00,19.710
2026-03-09T05:00:00,17.978
2026-03-09T06:00:00,17.472
2026-03-09T07:00:00,13.687
2026-03-09T08:00:00,13.598
2026-03-09T09:00:00,15.617
2026-03-09T10:00:00,15.178
2026-03-09T11:00:00,16.692
2026-03-09T12:00:00,19.670
2026-03-09T13:00:00,20.053
2026-03-09T14:00:00,22.915
2026-03-09T15:00:00,25.657
2026-03-09T16:00:00,23.505
2026-03-09T17:00:00,28.531
2026-03-09T18:00:00,24.321
2026-03-09T19:00:00,29.516
2026-03-09T20:00:00,28.479
2026-03-09T21:00:00,29.307
2026-03-09T22:00:00,29.285
2026-03-09T23:00:00,25.560
2026-03-10T00:00:00,25.950
2026-03-10T01:00:00,21.365
2026-03-10T02:00:00,21.269
2026-03-10T03:00:00,20.633
2026-03-10T04:00:00,17.352
2026-03-10T05:00:00,16.583
2026-03-10T06:00:00,13.986
2026-03-10T07:00:00,15.163
2026-03-10T08:00:00,14.597
2026-03-10T09:00:00,15.122
2026-03-10T10:00:00,14.479
2026-03-10T11:00:00,15.722
2026-03-10T12:00:00,19.551
2026-03-10T13:00:00,20.607
2026-03-10T14:00:00,20.479
2026-03-10T15:00:00,25.619
2026-03-10T16:00:00,27.678
2026-03-10T17:00:00,30.866
2026-03-10T18:00:00,26.266
2026-03-10T19:00:00,32.160
2026-03-10T20:00:00,32.115
2026-03-10T21:00:00,34.117
2026-03-10T22:00:00,28.055
2026-03-10T23:00:00,26.379
2026-03-11T00:00:00,28.244
2026-03-11T01:00:00,24.182
2026-03-11T02:00:00,22.010
2026-03-11T03:00:00,18.151
2026-03-11T04:00:00,16.987
2026-03-11T05:00:00,16.449
2026-03-11T06:00:00,16.068
2026-03-11T07:00:00,14.376
2026-03-11T08:00:00,14.714
2026-03-11T09:00:00,15.748
2026-03-11T10:00:00,14.676
2026-03-11T11:00:00,17.661
2026-03-11T12:00:00,18.741
2026-03-11T13:00:00,20.241
2026-03-11T14:00:00,22.223
2026-03-11T15:00:00,25.320
2026-03-11T16:00:00,26.753
2026-03-11T17:00:00,28.889
2026-03-11T18:00:00,31.133
2026-03-11T19:00:00,31.751
2026-03-11T20:00:00,32.747
2026-03-11T21:00:00,29.895
2026-03-11T22:00:00,27.743
2026-03-11T23:00:00,28.201
2026-03-12T00:00:00,28.161
2026-03-12T01:00:00,24.066
2026-03-12T02:00:00,23.002
2026-03-12T03:00:00,20.854
2026-03-12T04:00:00,18.902
2026-03-12T05:00:00,16.676
2026-03-12T06:00:00,16.934
2026-03-12T07:00:00,15.695
2026-03-12T08:00:00,14.111
2026-03-12T09:00:00,14.329
2026-03-12T10:00:00,13.803
2026-03-12T11:00:00,16.931
2026-03-12T12:00:00,18.366
2026-03-12T13:00:00,20.273
2026-03-12T14:00:00,22.417
2026-03-12T15:00:00,22.357
2026-03-12T16:00:00,26.320
2026-03-12T17:00:00,28.476
2026-03-12T18:00:00,28.247
2026-03-12T19:00:00,31.594
2026-03-12T20:00:00,31.928
2026-03-12T21:00:00,33.536
2026-03-12T22:00:00,25.596
2026-03-12T23:00:00,26.627
2026-03-13T00:00:00,25.720
2026-03-13T01:00:00,22.367
2026-03-13T02:00:00,23.166
2026-03-13T03:00:00,18.621
2026-03-13T04:00:00,17.665
2026-03-13T05:00:00,18.268
2026-03-13T06:00:00,16.228
2026-03-13T07:00:00,14.602
2026-03-13T08:00:00,13.417
2026-03-13T09:00:00,15.859
2026-03-13T10:00:00,15.302
2026-03-13T11:00:00,16.553
2026-03-13T12:00:00,16.441
2026-03-13T13:00:00,20.456
2026-03-13T14:00:00,21.479
2026-03-13T15:00:00,26.422
2026-03-13T16:00:00,24.345
2026-03-13T17:00:00,28.623
2026-03-13T18:00:00,28.846
2026-03-13T19:00:00,32.126
2026-03-13T20:00:00,28.459
2026-03-13T21:00:00,27.258
2026-03-13T22:00:00,24.011
2026-03-13T23:00:00,29.557
2026-03-14T00:00:00,25.583
2026-03-14T01:00:00,25.498
2026-03-14T02:00:00,20.023
2026-03-14T03:00:00,22.219
2026-03-14T04:00:00,19.100
2026-03-14T05:00:00,14.849
2026-03-14T06:00:00,15.709
2026-03-14T07:00:00,15.684
2026-03-14T08:00:00,13.129
2026-03-14T09:00:00,15.039
2026-03-14T10:00:00,12.015
2026-03-14T11:00:00,14.227
2026-03-14T12:00:00,18.384
2026-03-14T13:00:00,20.483
2026-03-14T14:00:00,20.246
2026-03-14T15:00:00,24.834
2026-03-14T16:00:00,25.252
2026-03-14T17:00:00,27.012
2026-03-14T18:00:00,29.399
2026-03-14T19:00:00,29.816
2026-03-14T20:00:00,31.211
2026-03-14T21:00:00,31.407
2026-03-14T22:00:00,30.700
2026-03-14T23:00:00,29.384
2026-03-15T00:00:00,26.521
2026-03-15T01:00:00,23.894
2026-03-15T02:00:00,22.301
2026-03-15T03:00:00,21.998
2026-03-15T04:00:00,18.525
2026-03-15T05:00:00,15.652
2026-03-15T06:00:00,14.773
2026-03-15T07:00:00,14.805
2026-03-15T08:00:00,14.263
2026-03-15T09:00:00,15.122
2026-03-15T10:00:00,13.799
2026-03-15T11:00:00,16.307
2026-03-15T12:00:00,15.622
2026-03-15T13:00:00,20.700
2026-03-15T14:00:00,23.232
2026-03-15T15:00:00,24.138
2026-03-15T16:00:00,23.231
2026-03-15T17:00:00,25.640
2026-03-15T18:00:00,30.801
2026-03-15T19:00:00,29.267
2026-03-15T20:00:00,31.789
2026-03-15T21:00:00,29.575
2026-03-15T22:00:00,25.728
2026-03-15T23:00:00,31.808
2026-03-16T00:00:00,24.464
2026-03-16T01:00:00,24.507
2026-03-16T02:00:00,19.908
2026-03-16T03:00:00,20.703
2026-03-16T04:00:00,18.671
2026-03-16T05:00:00,17.720
2026-03-16T06:00:00,14.024
2026-03-16T07:00:00,14.616
2026-03-16T08:00:00,14.516
2026-03-16T09:00:00,15.576
2026-03-16T10:00:00,14.553
2026-03-16T11:00:00,17.077
2026-03-16T12:00:00,19.948
2026-03-16T13:00:00,21.247
2026-03-16T14:00:00,23.465
2026-03-16T15:00:00,23.426
2026-03-16T16:00:00,26.680
2026-03-16T17:00:00,26.961
2026-03-16T18:00:00,28.528
2026-03-16T19:00:00,29.075
2026-03-16T20:00:00,31.217
2026-03-16T21:00:00,30.432
2026-03-16T22:00:00,29.861
2026-03-16T23:00:00,28.505
2026-03-17T00:00:00,24.524
2026-03-17T01:00:00,27.011
2026-03-17T02:00:00,22.866
2026-03-17T03:00:00,19.312
2026-03-17T04:00:00,16.704
2026-03-17T05:00:00,19.053
2026-03-17T06:00:00,14.381
2026-03-17T07:00:00,15.329
2026-03-17T08:00:00,13.976
2026-03-17T09:00:00,15.179
2026-03-17T10:00:00,14.286
2026-03-17T11:00:00,16.341
2026-03-17T12:00:00,20.451
2026-03-17T13:00:00,21.737
2026-03-17T14:00:00,23.428
2026-03-17T15:00:00,25.018
2026-03-17T16:00:00,27.223
2026-03-17T17:00:00,27.078
2026-03-17T18:00:00,28.722
2026-03-17T19:00:00,31.113
2026-03-17T20:00:00,31.546
2026-03-17T21:00:00,29.658
2026-03-17T22:00:00,30.781
2026-03-17T23:00:00,26.900
2026-03-18T00:00:00,24.428
2026-03-18T01:00:00,21.375
2026-03-18T02:00:00,22.836
2026-03-18T03:00:00,21.065
2026-03-18T04:00:00,18.430
2026-03-18T05:00:00,17.950
2026-03-18T06:00:00,17.021
2026-03-18T07:00:00,15.598
2026-03-18T08:00:00,15.579
2026-03-18T09:00:00,14.803
2026-03-18T10:00:00,15.849
2026-03-18T11:00:00,18.770
2026-03-18T12:00:00,18.863
2026-03-18T13:00:00,18.820
2026-03-18T14:00:00,20.452
2026-03-18T15:00:00,24.132
2026-03-18T16:00:00,27.149
2026-03-18T17:00:00,27.206
2026-03-18T18:00:00,28.681
2026-03-18T19:00:00,29.428
2026-03-18T20:00:00,33.307
2026-03-18T21:00:00,30.029
2026-03-18T22:00:00,27.904
2026-03-18T23:00:00,25.679
2026-03-19T00:00:00,26.743
2026-03-19T01:00:00,23.259
2026-03-19T02:00:00,21.685
2026-03-19T03:00:00,19.605
2026-03-19T04:00:00,19.192
2026-03-19T05:00:00,16.365
2026-03-19T06:00:00,14.693
2026-03-19T07:00:00,14.965
2026-03-19T08:00:00,14.743
2026-03-19T09:00:00,14.007
2026-03-19T10:00:00,15.298
2026-03-19T11:00:00,17.535
2026-03-19T12:00:00,17.366
2026-03-19T13:00:00,21.301
2026-03-19T14:00:00,23.462
2026-03-19T15:00:00,23.835
2026-03-19T16:00:00,27.410
2026-03-19T17:00:00,28.298
2026-03-19T18:00:00,28.491
2026-03-19T19:00:00,29.348
2026-03-19T20:00:00,29.094
2026-03-19T21:00:00,32.327
2026-03-19T22:00:00,29.945
2026-03-19T23:00:00,28.553
2026-03-20T00:00:00,25.675
2026-03-20T01:00:00,24.602
2026-03-20T02:00:00,21.260
2026-03-20T03:00:00,19.391
2026-03-20T04:00:00,20.049
2026-03-20T05:00:00,15.735
2026-03-20T06:00:00,14.234
2026-03-20T07:00:00,12.765
2026-03-20T08:00:00,13.062
2026-03-20T09:00:00,14.357
2026-03-20T10:00:00,14.337
2026-03-20T11:00:00,16.694
2026-03-20T12:00:00,18.222
2026-03-20T13:00:00,19.036
2026-03-20T14:00:00,22.302
2026-03-20T15:00:00,24.673
2026-03-20T16:00:00,29.460
2026-03-20T17:00:00,29.298
2026-03-20T18:00:00,27.378
2026-03-20T19:00:00,30.549
2026-03-20T20:00:00,30.663
2026-03-20T21:00:00,29.708
2026-03-20T22:00:00,26.598
2026-03-20T23:00:00,27.952
2026-03-21T00:00:00,27.884
2026-03-21T01:00:00,23.571
2026-03-21T02:00:00,24.320
2026-03-21T03:00:00,18.755
2026-03-21T04:00:00,18.993
2026-03-21T05:00:00,17.327
2026-03-21T06:00:00,15.548
2026-03-21T07:00:00,14.576
2026-03-21T08:00:00,15.643
2026-03-21T09:00:00,14.727
2026-03-21T10:00:00,16.489
2026-03-21T11:00:00,15.705
2026-03-21T12:00:00,19.256
2026-03-21T13:00:00,18.867
2026-03-21T14:00:00,22.657
2026-03-21T15:00:00,23.197
2026-03-21T16:00:00,27.012
2026-03-21T17:00:00,29.128
2026-03-21T18:00:00,30.325
2026-03-21T19:00:00,31.232
2026-03-21T20:00:00,28.966
2026-03-21T21:00:00,30.429
2026-03-21T22:00:00,29.351
2026-03-21T23:00:00,28.812
2026-03-22T00:00:00,24.464
2026-03-22T01:00:00,25.890
2026-03-22T02:00:00,20.630
2026-03-22T03:00:00,17.136
2026-03-22T04:00:00,16.742
2026-03-22T05:00:00,17.245
2026-03-22T06:00:00,14.705
2026-03-22T07:00:00,13.019
2026-03-22T08:00:00,14.353
2026-03-22T09:00:00,15.449
2026-03-22T10:00:00,14.591
2026-03-22T11:00:00,14.853
2026-03-22T12:00:00,16.854
2026-03-22T13:00:00,21.654
2026-03-22T14:00:00,21.290
2026-03-22T15:00:00,23.882
2026-03-22T16:00:00,27.185
2026-03-22T17:00:00,28.774
2026-03-22T18:00:00,28.221
2026-03-22T19:00:00,28.123
2026-03-22T20:00:00,31.180
2026-03-22T21:00:00,27.360
2026-03-22T22:00:00,31.915
2026-03-22T23:00:00,24.954
2026-03-23T00:00:00,24.555
2026-03-23T01:00:00,22.297
2026-03-23T02:00:00,20.817
2026-03-23T03:00:00,21.255
2026-03-23T04:00:00,17.527
2026-03-23T05:00:00,17.482
2026-03-23T06:00:00,15.625
2026-03-23T07:00:00,15.575
2026-03-23T08:00:00,15.684
2026-03-23T09:00:00,14.179
2026-03-23T10:00:00,16.106
2026-03-23T11:00:00,16.864
2026-03-23T12:00:00,16.740
2026-03-23T13:00:00,21.030
2026-03-23T14:00:00,19.547
2026-03-23T15:00:00,26.355
2026-03-23T16:00:00,27.577
2026-03-23T17:00:00,27.920
2026-03-23T18:00:00,26.025
2026-03-23T19:00:00,27.511
2026-03-23T20:00:00,33.427
2026-03-23T21:00:00,29.110
2026-03-23T22:00:00,27.956
2026-03-23T23:00:00,26.538
2026-03-24T00:00:00,25.148
2026-03-24T01:00:00,23.999
2026-03-24T02:00:00,22.538
2026-03-24T03:00:00,20.940
2026-03-24T04:00:00,18.669
2026-03-24T05:00:00,15.456
2026-03-24T06:00:00,15.341
2026-03-24T07:00:00,15.418
2026-03-24T08:00:00,15.064
2026-03-24T09:00:00,15.055
2026-03-24T10:00:00,14.429
2026-03-24T11:00:00,16.422
2026-03-24T12:00:00,17.596
2026-03-24T13:00:00,21.332
2026-03-24T14:00:00,23.504
2026-03-24T15:00:00,24.225
2026-03-24T16:00:00,25.934
2026-03-24T17:00:00,26.341
2026-03-24T18:00:00,31.404
2026-03-24T19:00:00,29.485
2026-03-24T20:00:00,30.461
2026-03-24T21:00:00,32.694
2026-03-24T22:00:00,28.471
2026-03-24T23:00:00,28.806
2026-03-25T00:00:00,26.941
2026-03-25T01:00:00,23.618
2026-03-25T02:00:00,24.866
2026-03-25T03:00:00,19.573
2026-03-25T04:00:00,18.990
2026-03-25T05:00:00,16.634
2026-03-25T06:00:00,13.685
2026-03-25T07:00:00,15.909
2026-03-25T08:00:00,16.251
2026-03-25T09:00:00,13.554
2026-03-25T10:00:00,15.586
2026-03-25T11:00:00,16.100
2026-03-25T12:00:00,17.942
2026-03-25T13:00:00,22.445
2026-03-25T14:00:00,23.132
2026-03-25T15:00:00,25.229
2026-03-25T16:00:00,23.488
2026-03-25T17:00:00,27.802
2026-03-25T18:00:00,25.839
2026-03-25T19:00:00,31.465
2026-03-25T20:00:00,30.166
2026-03-25T21:00:00,30.123
2026-03-25T22:00:00,27.288
2026-03-25T23:00:00,26.504
2026-03-26T00:00:00,24.565
2026-03-26T01:00:00,24.182
2026-03-26T02:00:00,23.297
2026-03-26T03:00:00,19.931
2026-03-26T04:00:00,17.267
2026-03-26T05:00:00,18.242
2026-03-26T06:00:00,17.113
2026-03-26T07:00:00,15.521
2026-03-26T08:00:00,13.878
2026-03-26T09:00:00,13.261
2026-03-26T10:00:00,15.950
2026-03-26T11:00:00,17.403
2026-03-26T12:00:00,17.301
2026-03-26T13:00:00,21.560
2026-03-26T14:00:00,19.636
2026-03-26T15:00:00,26.550
2026-03-26T16:00:00,23.022
2026-03-26T17:00:00,27.741
2026-03-26T18:00:00,28.613
2026-03-26T19:00:00,31.296
2026-03-26T20:00:00,28.368
2026-03-26T21:00:00,32.664
2026-03-26T22:00:00,31.011
2026-03-26T23:00:00,27.285
2026-03-27T00:00:00,25.790
2026-03-27T01:00:00,22.210
2026-03-27T02:00:00,22.186
2026-03-27T03:00:00,18.624
2026-03-27T04:00:00,17.783
2026-03-27T05:00:00,15.361
2026-03-27T06:00:00,17.303
2026-03-27T07:00:00,13.876
2026-03-27T08:00:00,15.122
2026-03-27T09:00:00,14.367
2026-03-27T10:00:00,14.226
2026-03-27T11:00:00,17.839
2026-03-27T12:00:00,18.860
2026-03-27T13:00:00,20.811
2026-03-27T14:00:00,22.526
2026-03-27T15:00:00,24.493
2026-03-27T16:00:00,27.462
2026-03-27T17:00:00,27.938
2026-03-27T18:00:00,29.258
2026-03-27T19:00:00,29.557
2026-03-27T20:00:00,29.730
2026-03-27T21:00:00,30.619
2026-03-27T22:00:00,30.239
2026-03-27T23:00:00,25.385
2026-03-28T00:00:00,25.659
2026-03-28T01:00:00,24.753
2026-03-28T02:00:00,21.327
2026-03-28T03:00:00,21.127
2026-03-28T04:00:00,19.359
2026-03-28T05:00:00,16.175
2026-03-28T06:00:00,15.636
2026-03-28T07:00:00,13.923
2026-03-28T08:00:00,14.163
2026-03-28T09:00:00,14.901
2026-03-28T10:00:00,16.195
2026-03-28T11:00:00,17.143
2026-03-28T12:00:00,17.309
2026-03-28T13:00:00,20.230
2026-03-28T14:00:00,19.515
2026-03-28T15:00:00,22.284
2026-03-28T16:00:00,24.050
2026-03-28T17:00:00,26.907
2026-03-28T18:00:00,29.362
2026-03-28T19:00:00,32.454
2026-03-28T20:00:00,27.900
2026-03-28T21:00:00,29.482
2026-03-28T22:00:00,31.254
2026-03-28T23:00:00,28.328
2026-03-29T00:00:00,26.733
2026-03-29T01:00:00,25.144
2026-03-29T02:00:00,22.987
2026-03-29T03:00:00,20.638
2026-03-29T04:00:00,19.359
2026-03-29T05:00:00,17.802
2026-03-29T06:00:00,15.692
2026-03-29T07:00:00,14.886
2026-03-29T08:00:00,16.441
2026-03-29T09:00:00,15.971
2026-03-29T10:00:00,15.590
2026-03-29T11:00:00,16.228
2026-03-29T12:00:00,18.085
2026-03-29T13:00:00,20.887
2026-03-29T14:00:00,21.335
2026-03-29T15:00:00,22.497
2026-03-29T16:00:00,27.002
2026-03-29T17:00:00,26.556
2026-03-29T18:00:00,26.737
2026-03-29T19:00:00,29.140
2026-03-29T20:00:00,29.566
2026-03-29T21:00:00,26.919
2026-03-29T22:00:00,31.520
2026-03-29T23:00:00,25.084
2026-03-30T00:00:00,26.872
2026-03-30T01:00:00,29.410
2026-03-30T02:00:00,23.787
2026-03-30T03:00:00,20.223
2026-03-30T04:00:00,18.938
2026-03-30T05:00:00,15.593
2026-03-30T06:00:00,15.837
2026-03-30T07:00:00,14.521
2026-03-30T08:00:00,15.497
2026-03-30T09:00:00,14.554
2026-03-30T10:00:00,14.930
2026-03-30T11:00:00,16.993
2026-03-30T12:00:00,18.424
2026-03-30T13:00:00,20.712
2026-03-30T14:00:00,22.800
2026-03-30T15:00:00,22.238
2026-03-30T16:00:00,29.060
2026-03-30T17:00:00,28.206
2026-03-30T18:00:00,28.980
2026-03-30T19:00:00,28.099
2026-03-30T20:00:00,28.562
2026-03-30T21:00:00,30.200
2026-03-30T22:00:00,34.491
2026-03-30T23:00:00,28.550
2026-03-31T00:00:00,24.209
2026-03-31T01:00:00,25.645
2026-03-31T02:00:00,19.134
2026-03-31T03:00:00,20.571
2026-03-31T04:00:00,18.644
2026-03-31T05:00:00,17.237
2026-03-31T06:00:00,13.983
2026-03-31T07:00:00,14.348
2026-03-31T08:00:00,12.193
2026-03-31T09:00:00,15.237
2026-03-31T10:00:00,14.428
2026-03-31T11:00:00,15.934
2026-03-31T12:00:00,19.096
2026-03-31T13:00:00,21.228
2026-03-31T14:00:00,20.619
2026-03-31T15:00:00,25.048
2026-03-31T16:00:00,23.617
2026-03-31T17:00:00,26.935
2026-03-31T18:00:00,27.598
2026-03-31T19:00:00,31.046
2026-03-31T20:00:00,31.978
2026-03-31T21:00:00,27.420
2026-03-31T22:00:00,29.206
2026-03-31T23:00:00,29.537
2026-04-01T00:00:00,24.828
2026-04-01T01:00:00,25.125
2026-04-01T02:00:00,25.141
2026-04-01T03:00:00,21.101
2026-04-01T04:00:00,17.417
2026-04-01T05:00:00,16.300
2026-04-01T06:00:00,13.746
2026-04-01T07:00:00,14.626
2026-04-01T08:00:00,13.899
2026-04-01T09:00:00,15.580
2026-04-01T10:00:00,15.805
2026-04-01T11:00:00,17.270
2026-04-01T12:00:00,19.751
2026-04-01T13:00:00,20.729
2026-04-01T14:00:00,21.114
2026-04-01T15:00:00,23.120
2026-04-01T16:00:00,26.170
2026-04-01T17:00:00,27.925
2026-04-01T18:00:00,31.400
2026-04-01T19:00:00,28.747
2026-04-01T20:00:00,28.067
2026-04-01T21:00:00,27.683
2026-04-01T22:00:00,30.838
2026-04-01T23:00:00,26.417
2026-04-02T00:00:00,27.335
2026-04-02T01:00:00,22.359
2026-04-02T02:00:00,21.273
2026-04-02T03:00:00,20.209
2026-04-02T04:00:00,17.117
2026-04-02T05:00:00,15.514
2026-04-02T06:00:00,14.976
2026-04-02T07:00:00,15.231
2026-04-02T08:00:00,13.300
2026-04-02T09:00:00,15.603
2026-04-02T10:00:00,14.626
2026-04-02T11:00:00,15.484
2026-04-02T12:00:00,19.832
2026-04-02T13:00:00,20.267
2026-04-02T14:00:00,22.231
2026-04-02T15:00:00,24.647
2026-04-02T16:00:00,24.339
2026-04-02T17:00:00,28.947
2026-04-02T18:00:00,28.210
2026-04-02T19:00:00,28.960
2026-04-02T20:00:00,31.549
2026-04-02T21:00:00,28.468
2026-04-02T22:00:00,29.025
2026-04-02T23:00:00,26.653
2026-04-03T00:00:00,27.497
2026-04-03T01:00:00,24.084
2026-04-03T02:00:00,21.705
2026-04-03T03:00:00,20.053
2026-04-03T04:00:00,18.189
2026-04-03T05:00:00,18.162
2026-04-03T06:00:00,15.135
2026-04-03T07:00:00,13.668
2026-04-03T08:00:00,13.570
2026-04-03T09:00:00,15.634
2026-04-03T10:00:00,16.843
2026-04-03T11:00:00,16.737
2026-04-03T12:00:00,19.329
2026-04-03T13:00:00,20.513
2026-04-03T14:00:00,22.108
2026-04-03T15:00:00,25.422
2026-04-03T16:00:00,26.117
2026-04-03T17:00:00,26.256
2026-04-03T18:00:00,26.208
2026-04-03T19:00:00,28.614
2026-04-03T20:00:00,29.223
2026-04-03T21:00:00,25.073
2026-04-03T22:00:00,27.232
2026-04-03T23:00:00,29.514
2026-04-04T00:00:00,23.232
2026-04-04T01:00:00,26.104
2026-04-04T02:00:00,23.467
2026-04-04T03:00:00,21.094
2026-04-04T04:00:00,17.832
2026-04-04T05:00:00,14.931
2026-04-04T06:00:00,14.265
2026-04-04T07:00:00,16.011
2026-04-04T08:00:00,16.215
2026-04-04T09:00:00,14.703
2026-04-04T10:00:00,15.396
2026-04-04T11:00:00,16.240
2026-04-04T12:00:00,18.963
2026-04-04T13:00:00,19.993
2026-04-04T14:00:00,21.746
2026-04-04T15:00:00,24.684
2026-04-04T16:00:00,27.368
2026-04-04T17:00:00,30.566
2026-04-04T18:00:00,28.219
2026-04-04T19:00:00,30.007
2026-04-04T20:00:00,30.455
2026-04-04T21:00:00,29.177
2026-04-04T22:00:00,29.370
2026-04-04T23:00:00,27.430
2026-04-05T00:00:00,26.105
2026-04-05T01:00:00,24.785
2026-04-05T02:00:00,20.588
2026-04-05T03:00:00,18.634
2026-04-05T04:00:00,18.568
2026-04-05T05:00:00,17.208
2026-04-05T06:00:00,14.528
2026-04-05T07:00:00,14.046
2026-04-05T08:00:00,12.737
2026-04-05T09:00:00,13.303
2026-04-05T10:00:00,15.810
2026-04-05T11:00:00,16.902
2026-04-05T12:00:00,18.378
2026-04-05T13:00:00,22.140
2026-04-05T14:00:00,22.162
2026-04-05T15:00:00,23.325
2026-04-05T16:00:00,24.706
2026-04-05T17:00:00,26.223
2026-04-05T18:00:00,27.739
2026-04-05T19:00:00,31.372
2026-04-05T20:00:00,29.607
2026-04-05T21:00:00,29.872
2026-04-05T22:00:00,28.111
2026-04-05T23:00:00,28.870
2026-04-06T00:00:00,26.086
2026-04-06T01:00:00,23.931
2026-04-06T02:00:00,22.692
2026-04-06T03:00:00,18.371
2026-04-06T04:00:00,19.412
2026-04-06T05:00:00,16.894
2026-04-06T06:00:00,14.511
2026-04-06T07:00:00,12.237
2026-04-06T08:00:00,15.146
2026-04-06T09:00:00,14.969
2026-04-06T10:00:00,15.798
2026-04-06T11:00:00,17.461
2026-04-06T12:00:00,19.363
2026-04-06T13:00:00,20.496
2026-04-06T14:00:00,22.531
2026-04-06T15:00:00,23.905
2026-04-06T16:00:00,23.913
2026-04-06T17:00:00,26.416
2026-04-06T18:00:00,29.045
2026-04-06T19:00:00,29.101
2026-04-06T20:00:00,28.676
2026-04-06T21:00:00,30.894
2026-04-06T22:00:00,27.507
2026-04-06T23:00:00,27.925
2026-04-07T00:00:00,24.711
2026-04-07T01:00:00,24.137
2026-04-07T02:00:00,23.969
2026-04-07T03:00:00,19.646
2026-04-07T04:00:00,17.090
2026-04-07T05:00:00,17.523
2026-04-07T06:00:00,14.771
2026-04-07T07:00:00,13.814
2026-04-07T08:00:00,14.875
2026-04-07T09:00:00,12.032
2026-04-07T10:00:00,13.197
2026-04-07T11:00:00,15.066
2026-04-07T12:00:00,17.683
2026-04-07T13:00:00,20.002
2026-04-07T14:00:00,21.590
2026-04-07T15:00:00,25.758
2026-04-07T16:00:00,26.518
2026-04-07T17:00:00,27.086
2026-04-07T18:00:00,29.911
2026-04-07T19:00:00,28.092
2026-04-07T20:00:00,30.234
2026-04-07T21:00:00,32.350
2026-04-07T22:00:00,28.410
2026-04-07T23:00:00,27.424
2026-04-08T00:00:00,25.901
2026-04-08T01:00:00,22.978
2026-04-08T02:00:00,23.181
2026-04-08T03:00:00,19.785
2026-04-08T04:00:00,15.195
2026-04-08T05:00:00,17.572
2026-04-08T06:00:00,14.443
2026-04-08T07:00:00,13.610
2026-04-08T08:00:00,15.197
2026-04-08T09:00:00,13.838
2026-04-08T10:00:00,16.306
2026-04-08T11:00:00,15.180
2026-04-08T12:00:00,18.948
2026-04-08T13:00:00,19.418
2026-04-08T14:00:00,23.261
2026-04-08T15:00:00,21.819
2026-04-08T16:00:00,26.582
2026-04-08T17:00:00,27.667
2026-04-08T18:00:00,29.455
2026-04-08T19:00:00,29.440
2026-04-08T20:00:00,27.263
2026-04-08T21:00:00,30.525
2026-04-08T22:00:00,29.633
2026-04-08T23:00:00,31.564
2026-04-09T00:00:00,28.406
2026-04-09T01:00:00,22.785
2026-04-09T02:00:00,23.735
2026-04-09T03:00:00,20.245
2026-04-09T04:00:00,18.182
2026-04-09T05:00:00,15.607
2026-04-09T06:00:00,17.054
2026-04-09T07:00:00,14.062
2026-04-09T08:00:00,14.367
2026-04-09T09:00:00,14.296
2026-04-09T10:00:00,16.409
2026-04-09T11:00:00,17.768
2026-04-09T12:00:00,18.027
2026-04-09T13:00:00,20.836
2026-04-09T14:00:00,23.038
2026-04-09T15:00:00,26.510
2026-04-09T16:00:00,23.624
2026-04-09T17:00:00,28.019
2026-04-09T18:00:00,30.726
2026-04-09T19:00:00,26.841
2026-04-09T20:00:00,30.396
2026-04-09T21:00:00,27.533
2026-04-09T22:00:00,31.589
2026-04-09T23:00:00,27.358
2026-04-10T00:00:00,23.517
2026-04-10T01:00:00,22.220
2026-04-10T02:00:00,22.449
2026-04-10T03:00:00,22.088
2026-04-10T04:00:00,19.279
2026-04-10T05:00:00,17.336
2026-04-10T06:00:00,13.677
2026-04-10T07:00:00,14.357
2026-04-10T08:00:00,15.128
2026-04-10T09:00:00,13.313
2026-04-10T10:00:00,16.831
2026-04-10T11:00:00,17.138
2026-04-10T12:00:00,17.014
2026-04-10T13:00:00,19.850
2026-04-10T14:00:00,21.657
2026-04-10T15:00:00,21.412
2026-04-10T16:00:00,25.622
2026-04-10T17:00:00,27.353
2026-04-10T18:00:00,26.503
2026-04-10T19:00:00,28.448
2026-04-10T20:00:00,32.353
2026-04-10T21:00:00,28.962
2026-04-10T22:00:00,30.058
2026-04-10T23:00:00,25.324
2026-04-11T00:00:00,27.479
2026-04-11T01:00:00,20.664
2026-04-11T02:00:00,20.351
2026-04-11T03:00:00,20.936
2026-04-11T04:00:00,19.856
2026-04-11T05:00:00,16.540
2026-04-11T06:00:00,15.530
2026-04-11T07:00:00,15.518
2026-04-11T08:00:00,14.528
2026-04-11T09:00:00,13.312
2026-04-11T10:00:00,12.805
2026-04-11T11:00:00,17.527
2026-04-11T12:00:00,18.777
2026-04-11T13:00:00,20.103
2026-04-11T14:00:00,19.719
2026-04-11T15:00:00,26.217
2026-04-11T16:00:00,26.777
2026-04-11T17:00:00,28.692
2026-04-11T18:00:00,28.014
2026-04-11T19:00:00,27.364
2026-04-11T20:00:00,31.087
2026-04-11T21:00:00,29.314
2026-04-11T22:00:00,29.809
2026-04-11T23:00:00,27.909
2026-04-12T00:00:00,26.154
2026-04-12T01:00:00,24.255
2026-04-12T02:00:00,21.386
2026-04-12T03:00:00,19.606
2026-04-12T04:00:00,18.232
2026-04-12T05:00:00,15.879
2026-04-12T06:00:00,14.799
2026-04-12T07:00:00,15.321
2026-04-12T08:00:00,13.666
2026-04-12T09:00:00,14.870
2026-04-12T10:00:00,14.877
2026-04-12T11:00:00,16.645
2026-04-12T12:00:00,18.386
2026-04-12T13:00:00,18.688
2026-04-12T14:00:00,22.170
2026-04-12T15:00:00,23.916
2026-04-12T16:00:00,27.268
2026-04-12T17:00:00,26.758
2026-04-12T18:00:00,27.961
2026-04-12T19:00:00,30.459
2026-04-12T20:00:00,29.450
2026-04-12T21:00:00,28.856
2026-04-12T22:00:00,26.860
2026-04-12T23:00:00,26.737
2026-04-13T00:00:00,26.418
2026-04-13T01:00:00,24.578
2026-04-13T02:00:00,24.350
2026-04-13T03:00:00,20.894
2026-04-13T04:00:00,18.138
2026-04-13T05:00:00,17.696
2026-04-13T06:00:00,15.226
2026-04-13T07:00:00,14.827
2026-04-13T08:00:00,13.823
2026-04-13T09:00:00,15.833
2026-04-13T10:00:00,15.790
2026-04-13T11:00:00,17.615
2026-04-13T12:00:00,16.742
2026-04-13T13:00:00,18.854
2026-04-13T14:00:00,22.645
2026-04-13T15:00:00,23.419
2026-04-13T16:00:00,23.496
2026-04-13T17:00:00,27.756
2026-04-13T18:00:00,30.358
2026-04-13T19:00:00,29.833
2026-04-13T20:00:00,30.403
2026-04-13T21:00:00,27.267
2026-04-13T22:00:00,31.914
2026-04-13T23:00:00,25.640
2026-04-14T00:00:00,26.911
2026-04-14T01:00:00,26.421
2026-04-14T02:00:00,20.853
2026-04-14T03:00:00,18.037
2026-04-14T04:00:00,18.345
2026-04-14T05:00:00,16.810
2026-04-14T06:00:00,14.358
2026-04-14T07:00:00,14.264
2026-04-14T08:00:00,14.235
2026-04-14T09:00:00,15.281
2026-04-14T10:00:00,13.376
2026-04-14T11:00:00,16.445
2026-04-14T12:00:00,18.351
2026-04-14T13:00:00,19.626
2026-04-14T14:00:00,23.866
2026-04-14T15:00:00,25.018
2026-04-14T16:00:00,28.668
2026-04-14T17:00:00,25.800
2026-04-14T18:00:00,22.951
2026-04-14T19:00:00,30.475
2026-04-14T20:00:00,30.822
2026-04-14T21:00:00,27.748
2026-04-14T22:00:00,32.221
2026-04-14T23:00:00,26.753
2026-04-15T00:00:00,25.621
2026-04-15T01:00:00,26.031
2026-04-15T02:00:00,21.990
2026-04-15T03:00:00,21.081
2026-04-15T04:00:00,17.687
2026-04-15T05:00:00,16.456
2026-04-15T06:00:00,14.546
2026-04-15T07:00:00,13.666
2026-04-15T08:00:00,14.629
2026-04-15T09:00:00,12.561
2026-04-15T10:00:00,16.193
2026-04-15T11:00:00,17.162
2026-04-15T12:00:00,17.894
2026-04-15T13:00:00,17.517
2026-04-15T14:00:00,22.276
2026-04-15T15:00:00,23.202
2026-04-15T16:00:00,28.714
2026-04-15T17:00:00,29.503
2026-04-15T18:00:00,30.972
2026-04-15T19:00:00,31.757
2026-04-15T20:00:00,30.073
2026-04-15T21:00:00,33.268
2026-04-15T22:00:00,27.060
2026-04-15T23:00:00,27.014
2026-04-16T00:00:00,27.427
2026-04-16T01:00:00,21.801
2026-04-16T02:00:00,19.819
2026-04-16T03:00:00,19.796
2026-04-16T04:00:00,18.800
2026-04-16T05:00:00,17.219
2026-04-16T06:00:00,14.037
2026-04-16T07:00:00,13.486
2026-04-16T08:00:00,14.980
2026-04-16T09:00:00,14.752
2026-04-16T10:00:00,14.354
2026-04-16T11:00:00,16.765
2026-04-16T12:00:00,17.847
2026-04-16T13:00:00,19.115
2026-04-16T14:00:00,18.491
2026-04-16T15:00:00,23.729
2026-04-16T16:00:00,29.506
2026-04-16T17:00:00,22.922
2026-04-16T18:00:00,29.009
2026-04-16T19:00:00,29.434
2026-04-16T20:00:00,29.934
2026-04-16T21:00:00,31.611
2026-04-16T22:00:00,28.289
2026-04-16T23:00:00,29.037
2026-04-17T00:00:00,24.878
2026-04-17T01:00:00,26.015
2026-04-17T02:00:00,23.061
2026-04-17T03:00:00,21.840
2026-04-17T04:00:00,19.894
2026-04-17T05:00:00,15.565
2026-04-17T06:00:00,14.228
2026-04-17T07:00:00,14.999
2026-04-17T08:00:00,13.721
2026-04-17T09:00:00,16.633
2026-04-17T10:00:00,15.727
2026-04-17T11:00:00,17.164
2026-04-17T12:00:00,17.857
2026-04-17T13:00:00,21.197
2026-04-17T14:00:00,22.148
2026-04-17T15:00:00,24.506
2026-04-17T16:00:00,28.474
2026-04-17T17:00:00,27.086
2026-04-17T18:00:00,26.469
2026-04-17T19:00:00,29.102
2026-04-17T20:00:00,30.268
2026-04-17T21:00:00,30.451
2026-04-17T22:00:00,32.272
2026-04-17T23:00:00,25.867
2026-04-18T00:00:00,30.402
2026-04-18T01:00:00,23.329
2026-04-18T02:00:00,22.177
2026-04-18T03:00:00,20.384
2026-04-18T04:00:00,18.023
2026-04-18T05:00:00,17.138
2026-04-18T06:00:00,16.073
2026-04-18T07:00:00,14.607
2026-04-18T08:00:00,14.514
2026-04-18T09:00:00,13.891
2026-04-18T10:00:00,16.697
2026-04-18T11:00:00,13.970
2026-04-18T12:00:00,18.453
2026-04-18T13:00:00,19.024
2026-04-18T14:00:00,22.987
2026-04-18T15:00:00,23.782
2026-04-18T16:00:00,25.390
2026-04-18T17:00:00,23.646
2026-04-18T18:00:00,29.186
2026-04-18T19:00:00,30.190
2026-04-18T20:00:00,30.771
2026-04-18T21:00:00,27.965
2026-04-18T22:00:00,26.495
2026-04-18T23:00:00,28.042
2026-04-19T00:00:00,24.739
2026-04-19T01:00:00,26.198
2026-04-19T02:00:00,18.450
2026-04-19T03:00:00,21.491
2026-04-19T04:00:00,17.920
2026-04-19T05:00:00,15.696
2026-04-19T06:00:00,15.933
2026-04-19T07:00:00,14.039
2026-04-19T08:00:00,14.153
2026-04-19T09:00:00,13.464
2026-04-19T10:00:00,15.120
2026-04-19T11:00:00,15.749
2026-04-19T12:00:00,17.397
2026-04-19T13:00:00,20.189
2026-04-19T14:00:00,22.112
2026-04-19T15:00:00,21.953
2026-04-19T16:00:00,27.867
2026-04-19T17:00:00,27.919
2026-04-19T18:00:00,29.148
2026-04-19T19:00:00,26.824
2026-04-19T20:00:00,29.237
2026-04-19T21:00:00,29.529
2026-04-19T22:00:00,25.308
2026-04-19T23:00:00,28.841
2026-04-20T00:00:00,25.134
2026-04-20T01:00:00,23.286
2026-04-20T02:00:00,20.881
2026-04-20T03:00:00,19.564
2026-04-20T04:00:00,14.668
2026-04-20T05:00:00,15.468
2026-04-20T06:00:00,14.760
2026-04-20T07:00:00,14.148
2026-04-20T08:00:00,15.254
2026-04-20T09:00:00,14.907
2026-04-20T10:00:00,13.912
2026-04-20T11:00:00,16.580
2026-04-20T12:00:00,18.948
2026-04-20T13:00:00,20.103
2026-04-20T14:00:00,23.070
2026-04-20T15:00:00,22.287
2026-04-20T16:00:00,28.481
2026-04-20T17:00:00,27.582
2026-04-20T18:00:00,28.654
2026-04-20T19:00:00,26.594
2026-04-20T20:00:00,32.649
2026-04-20T21:00:00,31.615
2026-04-20T22:00:00,29.675
2026-04-20T23:00:00,29.701
2026-04-21T00:00:00,28.943
2026-04-21T01:00:00,23.957
2026-04-21T02:00:00,23.805
2026-04-21T03:00:00,20.631
2026-04-21T04:00:00,17.294
2026-04-21T05:00:00,17.947
2026-04-21T06:00:00,14.805
2026-04-21T07:00:00,15.658
2026-04-21T08:00:00,13.842
2026-04-21T09:00:00,14.318
2026-04-21T10:00:00,15.972
2026-04-21T11:00:00,16.091
2026-04-21T12:00:00,18.046
2026-04-21T13:00:00,19.382
2026-04-21T14:00:00,22.569
2026-04-21T15:00:00,24.111
2026-04-21T16:00:00,26.411
2026-04-21T17:00:00,28.152
2026-04-21T18:00:00,28.973
2026-04-21T19:00:00,31.075
2026-04-21T20:00:00,27.343
2026-04-21T21:00:00,27.102
2026-04-21T22:00:00,30.908
2026-04-21T23:00:00,28.411
2026-04-22T00:00:00,23.867
2026-04-22T01:00:00,26.883
2026-04-22T02:00:00,22.827
2026-04-22T03:00:00,18.187
2026-04-22T04:00:00,18.835
2026-04-22T05:00:00,15.440
2026-04-22T06:00:00,14.845
2026-04-22T07:00:00,14.655
2026-04-22T08:00:00,14.546
2026-04-22T09:00:00,14.727
2026-04-22T10:00:00,15.558
2026-04-22T11:00:00,16.978
2026-04-22T12:00:00,18.288
2026-04-22T13:00:00,19.553
2026-04-22T14:00:00,25.535
2026-04-22T15:00:00,27.473
2026-04-22T16:00:00,24.968
2026-04-22T17:00:00,25.871
2026-04-22T18:00:00,29.812
2026-04-22T19:00:00,27.806
2026-04-22T20:00:00,27.842
2026-04-22T21:00:00,30.807
2026-04-22T22:00:00,30.977
2026-04-22T23:00:00,25.597
2026-04-23T00:00:00,25.850
2026-04-23T01:00:00,23.452
2026-04-23T02:00:00,23.152
2026-04-23T03:00:00,19.617
2026-04-23T04:00:00,18.281
2026-04-23T05:00:00,16.966
2026-04-23T06:00:00,15.700
2026-04-23T07:00:00,14.177
2026-04-23T08:00:00,13.900
2026-04-23T09:00:00,12.768
2026-04-23T10:00:00,16.392
2026-04-23T11:00:00,15.847
2026-04-23T12:00:00,17.337
2026-04-23T13:00:00,22.278
2026-04-23T14:00:00,23.253
2026-04-23T15:00:00,22.554
2026-04-23T16:00:00,24.465
2026-04-23T17:00:00,25.583
2026-04-23T18:00:00,28.798
2026-04-23T19:00:00,29.268
2026-04-23T20:00:00,30.747
2026-04-23T21:00:00,29.934
2026-04-23T22:00:00,28.867
2026-04-23T23:00:00,26.831
2026-04-24T00:00:00,27.549
2026-04-24T01:00:00,24.531
2026-04-24T02:00:00,21.684
2026-04-24T03:00:00,19.622
2026-04-24T04:00:00,20.212
2026-04-24T05:00:00,17.476
2026-04-24T06:00:00,16.776
2026-04-24T07:00:00,16.012
2026-04-24T08:00:00,13.700
2026-04-24T09:00:00,13.974
2026-04-24T10:00:00,15.403
2026-04-24T11:00:00,16.088
2026-04-24T12:00:00,17.457
2026-04-24T13:00:00,19.791
2026-04-24T14:00:00,20.700
2026-04-24T15:00:00,21.537
2026-04-24T16:00:00,25.447
2026-04-24T17:00:00,28.151
2026-04-24T18:00:00,29.146
2026-04-24T19:00:00,29.353
2026-04-24T20:00:00,30.148
2026-04-24T21:00:00,27.688
2026-04-24T22:00:00,32.242
2026-04-24T23:00:00,30.284
2026-04-25T00:00:00,26.709
2026-04-25T01:00:00,22.210
2026-04-25T02:00:00,23.971
2026-04-25T03:00:00,20.457
2026-04-25T04:00:00,17.977
2026-04-25T05:00:00,16.171
2026-04-25T06:00:00,16.521
2026-04-25T07:00:00,14.527
2026-04-25T08:00:00,16.219
2026-04-25T09:00:00,15.513
2026-04-25T10:00:00,14.536
2026-04-25T11:00:00,15.888
2026-04-25T12:00:00,19.675
2026-04-25T13:00:00,18.469
2026-04-25T14:00:00,20.877
2026-04-25T15:00:00,22.575
2026-04-25T16:00:00,24.500
2026-04-25T17:00:00,27.481
2026-04-25T18:00:00,30.238
2026-04-25T19:00:00,28.754
2026-04-25T20:00:00,29.338
2026-04-25T21:00:00,31.321
2026-04-25T22:00:00,28.714
2026-04-25T23:00:00,30.910
2026-04-26T00:00:00,24.223
2026-04-26T01:00:00,24.986
2026-04-26T02:00:00,22.962
2026-04-26T03:00:00,21.339
2026-04-26T04:00:00,18.032
2026-04-26T05:00:00,16.101
2026-04-26T06:00:00,14.789
2026-04-26T07:00:00,12.385
2026-04-26T08:00:00,16.021
2026-04-26T09:00:00,16.318
2026-04-26T10:00:00,15.248
2026-04-26T11:00:00,15.649
2026-04-26T12:00:00,18.055
2026-04-26T13:00:00,21.133
2026-04-26T14:00:00,20.616
2026-04-26T15:00:00,24.598
2026-04-26T16:00:00,23.716
2026-04-26T17:00:00,30.609
2026-04-26T18:00:00,27.491
2026-04-26T19:00:00,29.374
2026-04-26T20:00:00,31.081
2026-04-26T21:00:00,30.279
2026-04-26T22:00:00,31.706
2026-04-26T23:00:00,28.970
2026-04-27T00:00:00,26.229
2026-04-27T01:00:00,23.376
2026-04-27T02:00:00,23.500
2026-04-27T03:00:00,18.749
2026-04-27T04:00:00,21.562
2026-04-27T05:00:00,17.376
2026-04-27T06:00:00,14.687
2026-04-27T07:00:00,14.632
2026-04-27T08:00:00,14.288
2026-04-27T09:00:00,14.461
2026-04-27T10:00:00,15.883
2026-04-27T11:00:00,16.682
2026-04-27T12:00:00,17.777
2026-04-27T13:00:00,21.733
2026-04-27T14:00:00,22.459
2026-04-27T15:00:00,23.807
2026-04-27T16:00:00,24.858
2026-04-27T17:00:00,29.728
2026-04-27T18:00:00,29.120
2026-04-27T19:00:00,31.596
2026-04-27T20:00:00,32.431
2026-04-27T21:00:00,30.933
2026-04-27T22:00:00,29.509
2026-04-27T23:00:00,27.424
2026-04-28T00:00:00,25.869
2026-04-28T01:00:00,25.492
2026-04-28T02:00:00,23.346
2026-04-28T03:00:00,20.120
2026-04-28T04:00:00,18.369
2026-04-28T05:00:00,16.936
2026-04-28T06:00:00,15.946
2026-04-28T07:00:00,13.436
2026-04-28T08:00:00,14.756
2026-04-28T09:00:00,14.981
2026-04-28T10:00:00,15.963
2026-04-28T11:00:00,14.715
2026-04-28T12:00:00,18.362
2026-04-28T13:00:00,19.995
2026-04-28T14:00:00,22.071
2026-04-28T15:00:00,23.957
2026-04-28T16:00:00,25.211
2026-04-28T17:00:00,24.703
2026-04-28T18:00:00,27.474
2026-04-28T19:00:00,27.487
2026-04-28T20:00:00,30.618
2026-04-28T21:00:00,31.618
2026-04-28T22:00:00,26.778
2026-04-28T23:00:00,27.840
2026-04-29T00:00:00,23.519
2026-04-29T01:00:00,22.303
2026-04-29T02:00:00,19.776
2026-04-29T03:00:00,19.855
2026-04-29T04:00:00,18.049
2026-04-29T05:00:00,15.846
2026-04-29T06:00:00,15.728
2026-04-29T07:00:00,14.491
2026-04-29T08:00:00,13.315
2026-04-29T09:00:00,14.155
2026-04-29T10:00:00,15.992
2026-04-29T11:00:00,17.594
2026-04-29T12:00:00,17.978
2026-04-29T13:00:00,21.801
2026-04-29T14:00:00,22.812
2026-04-29T15:00:00,24.953
2026-04-29T16:00:00,26.776
2026-04-29T17:00:00,26.508
2026-04-29T18:00:00,28.355
2026-04-29T19:00:00,28.309
2026-04-29T20:00:00,32.296
2026-04-29T21:00:00,32.103
2026-04-29T22:00:00,25.286
2026-04-29T23:00:00,25.791
2026-04-30T00:00:00,25.831
2026-04-30T01:00:00,24.930
2026-04-30T02:00:00,23.415
2026-04-30T03:00:00,18.393
2026-04-30T04:00:00,15.758
2026-04-30T05:00:00,16.986
2026-04-30T06:00:00,16.097
2026-04-30T07:00:00,15.101
2026-04-30T08:00:00,13.932
2026-04-30T09:00:00,13.794
2026-04-30T10:00:00,14.683
2026-04-30T11:00:00,15.018
2026-04-30T12:00:00,17.008
2026-04-30T13:00:00,21.278
2026-04-30T14:00:00,21.857
2026-04-30T15:00:00,26.436
2026-04-30T16:00:00,25.538
2026-04-30T17:00:00,28.366
2026-04-30T18:00:00,30.227
2026-04-30T19:00:00,27.204
2026-04-30T20:00:00,30.522
2026-04-30T21:00:00,33.445
2026-04-30T22:00:00,30.539
2026-04-30T23:00:00,27.807
2026-05-01T00:00:00,25.888
2026-05-01T01:00:00,24.620
2026-05-01T02:00:00,20.723
2026-05-01T03:00:00,19.730
2026-05-01T04:00:00,17.630
2026-05-01T05:00:00,17.635
2026-05-01T06:00:00,17.009
2026-05-01T07:00:00,14.932
2026-05-01T08:00:00,15.600
2026-05-01T09:00:00,13.503
2026-05-01T10:00:00,15.941
2026-05-01T11:00:00,15.549
2026-05-01T12:00:00,17.519
2026-05-01T13:00:00,20.909
2026-05-01T14:00:00,25.875
2026-05-01T15:00:00,25.640
2026-05-01T16:00:00,27.331
2026-05-01T17:00:00,29.416
2026-05-01T18:00:00,33.231
2026-05-01T19:00:00,29.921
2026-05-01T20:00:00,31.482
2026-05-01T21:00:00,30.214
2026-05-01T22:00:00,30.166
2026-05-01T23:00:00,28.154
2026-05-02T00:00:00,28.097
2026-05-02T01:00:00,25.106
2026-05-02T02:00:00,20.539
2026-05-02T03:00:00,18.900
2026-05-02T04:00:00,19.075
2026-05-02T05:00:00,15.775
2026-05-02T06:00:00,16.691
2026-05-02T07:00:00,14.832
2026-05-02T08:00:00,13.798
2026-05-02T09:00:00,16.011
2026-05-02T10:00:00,15.535
2026-05-02T11:00:00,17.467
2026-05-02T12:00:00,17.248
2026-05-02T13:00:00,20.494
2026-05-02T14:00:00,22.911
2026-05-02T15:00:00,25.162
2026-05-02T16:00:00,23.393
2026-05-02T17:00:00,25.741
2026-05-02T18:00:00,30.293
2026-05-02T19:00:00,28.134
2026-05-02T20:00:00,29.270
2026-05-02T21:00:00,30.124
2026-05-02T22:00:00,28.259
2026-05-02T23:00:00,27.851
2026-05-03T00:00:00,26.683
2026-05-03T01:00:00,25.301
2026-05-03T02:00:00,20.984
2026-05-03T03:00:00,21.612
2026-05-03T04:00:00,18.823
2026-05-03T05:00:00,16.703
2026-05-03T06:00:00,16.371
2026-05-03T07:00:00,14.640
2026-05-03T08:00:00,14.667
2026-05-03T09:00:00,16.038
2026-05-03T10:00:00,16.082
2026-05-03T11:00:00,17.462
2026-05-03T12:00:00,16.724
2026-05-03T13:00:00,19.166
2026-05-03T14:00:00,21.221
2026-05-03T15:00:00,23.473
2026-05-03T16:00:00,26.074
2026-05-03T17:00:00,24.590
2026-05-03T18:00:00,29.765
2026-05-03T19:00:00,32.237
2026-05-03T20:00:00,27.695
2026-05-03T21:00:00,28.554
2026-05-03T22:00:00,28.014
2026-05-03T23:00:00,28.426
2026-05-04T00:00:00,25.298
2026-05-04T01:00:00,24.440
2026-05-04T02:00:00,22.665
2026-05-04T03:00:00,21.234
2026-05-04T04:00:00,17.893
2026-05-04T05:00:00,15.835
2026-05-04T06:00:00,15.430
2026-05-04T07:00:00,14.816
2026-05-04T08:00:00,14.036
2026-05-04T09:00:00,16.036
2026-05-04T10:00:00,14.624
2026-05-04T11:00:00,16.510
2026-05-04T12:00:00,17.876
2026-05-04T13:00:00,21.591
2026-05-04T14:00:00,22.434
2026-05-04T15:00:00,26.465
2026-05-04T16:00:00,27.657
2026-05-04T17:00:00,27.678
2026-05-04T18:00:00,28.315
2026-05-04T19:00:00,31.763
2026-05-04T20:00:00,31.324
2026-05-04T21:00:00,29.702
2026-05-04T22:00:00,30.468
2026-05-04T23:00:00,28.736
2026-05-05T00:00:00,27.287
2026-05-05T01:00:00,24.872
2026-05-05T02:00:00,20.916
2026-05-05T03:00:00,20.853
2026-05-05T04:00:00,20.387
2026-05-05T05:00:00,17.018
2026-05-05T06:00:00,14.443
2026-05-05T07:00:00,14.739
2026-05-05T08:00:00,13.758
2026-05-05T09:00:00,13.869
2026-05-05T10:00:00,14.560
2026-05-05T11:00:00,17.512
2026-05-05T12:00:00,16.453
2026-05-05T13:00:00,20.130
2026-05-05T14:00:00,22.501
2026-05-05T15:00:00,25.183
2026-05-05T16:00:00,25.750
2026-05-05T17:00:00,26.792
2026-05-05T18:00:00,30.802
2026-05-05T19:00:00,30.316
2026-05-05T20:00:00,29.234
2026-05-05T21:00:00,30.421
2026-05-05T22:00:00,31.233
2026-05-05T23:00:00,26.833
2026-05-06T00:00:00,29.399
2026-05-06T01:00:00,25.960
2026-05-06T02:00:00,22.726
2026-05-06T03:00:00,18.747
2026-05-06T04:00:00,18.130
2026-05-06T05:00:00,17.729
2026-05-06T06:00:00,14.728
2026-05-06T07:00:00,14.876
2026-05-06T08:00:00,15.238
2026-05-06T09:00:00,12.945
2026-05-06T10:00:00,17.616
2026-05-06T11:00:00,15.885
2026-05-06T12:00:00,18.292
2026-05-06T13:00:00,21.612
2026-05-06T14:00:00,23.353
2026-05-06T15:00:00,25.273
2026-05-06T16:00:00,24.960
2026-05-06T17:00:00,26.281
2026-05-06T18:00:00,28.064
2026-05-06T19:00:00,29.407
2026-05-06T20:00:00,32.657
2026-05-06T21:00:00,31.826
2026-05-06T22:00:00,28.777
2026-05-06T23:00:00,27.548
2026-05-07T00:00:00,27.776
2026-05-07T01:00:00,25.881
2026-05-07T02:00:00,22.341
2026-05-07T03:00:00,19.429
2026-05-07T04:00:00,18.212
2026-05-07T05:00:00,16.696
2026-05-07T06:00:00,15.227
2026-05-07T07:00:00,14.111
2026-05-07T08:00:00,14.720
2026-05-07T09:00:00,15.514
2026-05-07T10:00:00,15.984
2026-05-07T11:00:00,17.439
2026-05-07T12:00:00,19.016
2026-05-07T13:00:00,18.525
2026-05-07T14:00:00,21.717
2026-05-07T15:00:00,25.747
2026-05-07T16:00:00,26.994
2026-05-07T17:00:00,25.908
2026-05-07T18:00:00,31.989
2026-05-07T19:00:00,29.510
2026-05-07T20:00:00,30.888
2026-05-07T21:00:00,33.248
2026-05-07T22:00:00,31.907
2026-05-07T23:00:00,26.369
2026-05-08T00:00:00,26.415
2026-05-08T01:00:00,25.685
2026-05-08T02:00:00,25.081
2026-05-08T03:00:00,19.958
2026-05-08T04:00:00,15.766
2026-05-08T05:00:00,17.531
2026-05-08T06:00:00,14.951
2026-05-08T07:00:00,14.054
2026-05-08T08:00:00,15.416
2026-05-08T09:00:00,15.313
2026-05-08T10:00:00,15.220
2026-05-08T11:00:00,16.076
2026-05-08T12:00:00,18.520
2026-05-08T13:00:00,20.257
2026-05-08T14:00:00,20.790
2026-05-08T15:00:00,23.925
2026-05-08T16:00:00,26.863
2026-05-08T17:00:00,27.439
2026-05-08T18:00:00,30.004
2026-05-08T19:00:00,30.011
2026-05-08T20:00:00,31.295
2026-05-08T21:00:00,32.150
2026-05-08T22:00:00,30.091
2026-05-08T23:00:00,29.477
2026-05-09T00:00:00,29.267
2026-05-09T01:00:00,26.274
2026-05-09T02:00:00,23.734
2026-05-09T03:00:00,19.481
2026-05-09T04:00:00,20.102
2026-05-09T05:00:00,17.927
2026-05-09T06:00:00,14.852
2026-05-09T07:00:00,15.060
2026-05-09T08:00:00,14.500
2026-05-09T09:00:00,14.985
2026-05-09T10:00:00,16.730
2026-05-09T11:00:00,15.291
2026-05-09T12:00:00,18.729
2026-05-09T13:00:00,21.340
2026-05-09T14:00:00,23.356
2026-05-09T15:00:00,25.444
2026-05-09T16:00:00,25.733
2026-05-09T17:00:00,25.946
2026-05-09T18:00:00,28.451
2026-05-09T19:00:00,31.532
2026-05-09T20:00:00,31.681
2026-05-09T21:00:00,34.406
2026-05-09T22:00:00,29.505
2026-05-09T23:00:00,28.661
2026-05-10T00:00:00,24.471
2026-05-10T01:00:00,23.334
2026-05-10T02:00:00,23.867
2026-05-10T03:00:00,20.934
2026-05-10T04:00:00,20.118
2026-05-10T05:00:00,16.915
2026-05-10T06:00:00,16.212
2026-05-10T07:00:00,16.369
2026-05-10T08:00:00,13.901
2026-05-10T09:00:00,15.790
2026-05-10T10:00:00,16.398
2026-05-10T11:00:00,17.710
2026-05-10T12:00:00,18.267
2026-05-10T13:00:00,18.920
2026-05-10T14:00:00,20.985
2026-05-10T15:00:00,24.939
2026-05-10T16:00:00,26.607
2026-05-10T17:00:00,29.657
2026-05-10T18:00:00,29.468
2026-05-10T19:00:00,33.268
2026-05-10T20:00:00,29.432
2026-05-10T21:00:00,31.111
2026-05-10T22:00:00,29.378
2026-05-10T23:00:00,27.413
2026-05-11T00:00:00,30.319
2026-05-11T01:00:00,27.507
2026-05-11T02:00:00,24.709
2026-05-11T03:00:00,19.068
2026-05-11T04:00:00,18.808
2026-05-11T05:00:00,16.444
2026-05-11T06:00:00,14.274
2026-05-11T07:00:00,13.881
2026-05-11T08:00:00,14.517
2026-05-11T09:00:00,15.118
2026-05-11T10:00:00,15.092
2026-05-11T11:00:00,16.683
2026-05-11T12:00:00,18.921
2026-05-11T13:00:00,22.075
2026-05-11T14:00:00,23.981
2026-05-11T15:00:00,25.157
2026-05-11T16:00:00,24.929
2026-05-11T17:00:00,28.849
2026-05-11T18:00:00,29.686
2026-05-11T19:00:00,28.179
2026-05-11T20:00:00,30.623
2026-05-11T21:00:00,29.308
2026-05-11T22:00:00,29.892
2026-05-11T23:00:00,27.640
2026-05-12T00:00:00,27.276
2026-05-12T01:00:00,22.814
2026-05-12T02:00:00,19.800
2026-05-12T03:00:00,18.633
2026-05-12T04:00:00,19.232
2026-05-12T05:00:00,16.451
2026-05-12T06:00:00,14.762
2026-05-12T07:00:00,16.141
2026-05-12T08:00:00,14.882
2026-05-12T09:00:00,14.934
2026-05-12T10:00:00,16.267
2026-05-12T11:00:00,16.456
2026-05-12T12:00:00,19.193
2026-05-12T13:00:00,21.237
2026-05-12T14:00:00,22.617
2026-05-12T15:00:00,27.437
2026-05-12T16:00:00,26.695
2026-05-12T17:00:00,29.428
2026-05-12T18:00:00,28.411
2026-05-12T19:00:00,29.034
2026-05-12T20:00:00,26.409
2026-05-12T21:00:00,26.775
2026-05-12T22:00:00,29.783
2026-05-12T23:00:00,29.404
2026-05-13T00:00:00,25.207
2026-05-13T01:00:00,25.967
2026-05-13T02:00:00,22.281
2026-05-13T03:00:00,21.595
2026-05-13T04:00:00,19.387
2026-05-13T05:00:00,16.302
2026-05-13T06:00:00,15.491
2026-05-13T07:00:00,14.391
2026-05-13T08:00:00,15.932
2026-05-13T09:00:00,15.019
2026-05-13T10:00:00,14.823
2026-05-13T11:00:00,17.156
2026-05-13T12:00:00,18.323
2026-05-13T13:00:00,21.395
2026-05-13T14:00:00,21.551
2026-05-13T15:00:00,26.493
2026-05-13T16:00:00,26.023
2026-05-13T17:00:00,32.280
2026-05-13T18:00:00,28.194
2026-05-13T19:00:00,27.159
2026-05-13T20:00:00,28.383
2026-05-13T21:00:00,33.265
2026-05-13T22:00:00,31.505
2026-05-13T23:00:00,30.695
2026-05-14T00:00:00,27.049
2026-05-14T01:00:00,22.337
2026-05-14T02:00:00,25.306
2026-05-14T03:00:00,19.601
2026-05-14T04:00:00,17.095
2026-05-14T05:00:00,17.440
2026-05-14T06:00:00,16.561
2026-05-14T07:00:00,14.415
2026-05-14T08:00:00,14.964
2026-05-14T09:00:00,15.239
2026-05-14T10:00:00,16.576
2026-05-14T11:00:00,15.172
2026-05-14T12:00:00,18.745
2026-05-14T13:00:00,19.051
2026-05-14T14:00:00,22.403
2026-05-14T15:00:00,24.530
2026-05-14T16:00:00,23.956
2026-05-14T17:00:00,28.848
2026-05-14T18:00:00,30.132
2026-05-14T19:00:00,31.187
2026-05-14T20:00:00,30.263
2026-05-14T21:00:00,27.832
2026-05-14T22:00:00,28.821
2026-05-14T23:00:00,28.592
2026-05-15T00:00:00,25.962
2026-05-15T01:00:00,24.553
2026-05-15T02:00:00,22.342
2026-05-15T03:00:00,18.133
2026-05-15T04:00:00,19.209
2026-05-15T05:00:00,17.017
2026-05-15T06:00:00,13.885
2026-05-15T07:00:00,15.089
2026-05-15T08:00:00,14.081
2026-05-15T09:00:00,13.747
2026-05-15T10:00:00,14.673
2026-05-15T11:00:00,17.649
2026-05-15T12:00:00,18.619
2026-05-15T13:00:00,21.702
2026-05-15T14:00:00,23.551
2026-05-15T15:00:00,26.684
2026-05-15T16:00:00,28.451
2026-05-15T17:00:00,28.693
2026-05-15T18:00:00,30.636
2026-05-15T19:00:00,31.878
2026-05-15T20:00:00,32.418
2026-05-15T21:00:00,33.841
2026-05-15T22:00:00,29.768
2026-05-15T23:00:00,29.663
2026-05-16T00:00:00,27.849
2026-05-16T01:00:00,20.922
2026-05-16T02:00:00,21.718
2026-05-16T03:00:00,20.878
2026-05-16T04:00:00,18.094
2026-05-16T05:00:00,16.280
2026-05-16T06:00:00,14.108
2026-05-16T07:00:00,15.296
2026-05-16T08:00:00,15.633
2026-05-16T09:00:00,15.282
2026-05-16T10:00:00,15.639
2026-05-16T11:00:00,18.560
2026-05-16T12:00:00,20.087
2026-05-16T13:00:00,20.992
2026-05-16T14:00:00,19.977
2026-05-16T15:00:00,24.486
2026-05-16T16:00:00,27.621
2026-05-16T17:00:00,26.552
2026-05-16T18:00:00,27.460
2026-05-16T19:00:00,29.579
2026-05-16T20:00:00,31.908
2026-05-16T21:00:00,30.839
2026-05-16T22:00:00,30.239
2026-05-16T23:00:00,27.513
2026-05-17T00:00:00,28.087
2026-05-17T01:00:00,26.019
2026-05-17T02:00:00,20.397
2026-05-17T03:00:00,19.398
2026-05-17T04:00:00,17.101
2026-05-17T05:00:00,17.775
2026-05-17T06:00:00,15.324
2026-05-17T07:00:00,13.866
2026-05-17T08:00:00,13.878
2026-05-17T09:00:00,14.648
2026-05-17T10:00:00,16.518
2026-05-17T11:00:00,17.092
2026-05-17T12:00:00,18.392
2026-05-17T13:00:00,18.170
2026-05-17T14:00:00,20.991
2026-05-17T15:00:00,24.408
2026-05-17T16:00:00,27.155
2026-05-17T17:00:00,28.242
2026-05-17T18:00:00,29.777
2026-05-17T19:00:00,31.853
2026-05-17T20:00:00,28.658
2026-05-17T21:00:00,31.702
2026-05-17T22:00:00,31.683
2026-05-17T23:00:00,28.895
2026-05-18T00:00:00,29.815
2026-05-18T01:00:00,26.398
2026-05-18T02:00:00,22.600
2026-05-18T03:00:00,20.123
2026-05-18T04:00:00,17.982
2026-05-18T05:00:00,16.950
2026-05-18T06:00:00,17.032
2026-05-18T07:00:00,15.823
2026-05-18T08:00:00,14.141
2026-05-18T09:00:00,14.469
2026-05-18T10:00:00,16.457
2026-05-18T11:00:00,16.255
2026-05-18T12:00:00,18.527
2026-05-18T13:00:00,20.412
2026-05-18T14:00:00,24.042
2026-05-18T15:00:00,25.903
2026-05-18T16:00:00,28.363
2026-05-18T17:00:00,27.704
2026-05-18T18:00:00,28.145
2026-05-18T19:00:00,31.760
2026-05-18T20:00:00,31.991
2026-05-18T21:00:00,33.181
2026-05-18T22:00:00,29.966
2026-05-18T23:00:00,28.669
2026-05-19T00:00:00,26.976
2026-05-19T01:00:00,25.311
2026-05-19T02:00:00,24.591
2026-05-19T03:00:00,19.781
2026-05-19T04:00:00,17.723
2026-05-19T05:00:00,16.868
2026-05-19T06:00:00,13.979
2026-05-19T07:00:00,15.503
2026-05-19T08:00:00,15.080
2026-05-19T09:00:00,15.039
2026-05-19T10:00:00,14.866
2026-05-19T11:00:00,17.671
2026-05-19T12:00:00,19.648
2026-05-19T13:00:00,18.684
2026-05-19T14:00:00,22.519
2026-05-19T15:00:00,26.000
2026-05-19T16:00:00,27.516
2026-05-19T17:00:00,27.644
2026-05-19T18:00:00,30.252
2026-05-19T19:00:00,28.490
2026-05-19T20:00:00,33.109
2026-05-19T21:00:00,32.241
2026-05-19T22:00:00,29.013
2026-05-19T23:00:00,28.059
2026-05-20T00:00:00,25.549
2026-05-20T01:00:00,24.072
2026-05-20T02:00:00,23.870
2026-05-20T03:00:00,21.381
2026-05-20T04:00:00,16.062
2026-05-20T05:00:00,17.035
2026-05-20T06:00:00,16.135
2026-05-20T07:00:00,14.866
2026-05-20T08:00:00,15.143
2026-05-20T09:00:00,16.595
2026-05-20T10:00:00,16.178
2026-05-20T11:00:00,18.417
2026-05-20T12:00:00,19.831
2026-05-20T13:00:00,20.859
2026-05-20T14:00:00,21.212
2026-05-20T15:00:00,22.773
2026-05-20T16:00:00,25.909
2026-05-20T17:00:00,29.321
2026-05-20T18:00:00,31.367
2026-05-20T19:00:00,30.740
2026-05-20T20:00:00,30.517
2026-05-20T21:00:00,31.482
2026-05-20T22:00:00,27.048
2026-05-20T23:00:00,27.170
2026-05-21T00:00:00,25.178
2026-05-21T01:00:00,24.176
2026-05-21T02:00:00,22.971
2026-05-21T03:00:00,20.349
2026-05-21T04:00:00,18.129
2026-05-21T05:00:00,15.919
2026-05-21T06:00:00,13.972
2026-05-21T07:00:00,14.021
2026-05-21T08:00:00,13.882
2026-05-21T09:00:00,15.183
2026-05-21T10:00:00,15.229
2026-05-21T11:00:00,17.278
2026-05-21T12:00:00,19.418
2026-05-21T13:00:00,20.573
2026-05-21T14:00:00,22.158
2026-05-21T15:00:00,24.687
2026-05-21T16:00:00,26.008
2026-05-21T17:00:00,29.114
2026-05-21T18:00:00,31.396
2026-05-21T19:00:00,27.413
2026-05-21T20:00:00,28.378
2026-05-21T21:00:00,30.423
2026-05-21T22:00:00,27.926
2026-05-21T23:00:00,29.021
2026-05-22T00:00:00,26.021
2026-05-22T01:00:00,25.013
2026-05-22T02:00:00,21.324
2026-05-22T03:00:00,18.597
2026-05-22T04:00:00,17.243
2026-05-22T05:00:00,16.511
2026-05-22T06:00:00,16.008
2026-05-22T07:00:00,14.670
2026-05-22T08:00:00,13.620
2026-05-22T09:00:00,15.878
2026-05-22T10:00:00,13.559
2026-05-22T11:00:00,16.347
2026-05-22T12:00:00,20.960
2026-05-22T13:00:00,18.416
2026-05-22T14:00:00,22.566
2026-05-22T15:00:00,23.699
2026-05-22T16:00:00,26.663
2026-05-22T17:00:00,30.086
2026-05-22T18:00:00,27.926
2026-05-22T19:00:00,29.356
2026-05-22T20:00:00,31.193
2026-05-22T21:00:00,31.828
2026-05-22T22:00:00,30.065
2026-05-22T23:00:00,26.864
2026-05-23T00:00:00,27.985
2026-05-23T01:00:00,25.217
2026-05-23T02:00:00,20.179
2026-05-23T03:00:00,18.240
2026-05-23T04:00:00,18.758
2026-05-23T05:00:00,16.842
2026-05-23T06:00:00,14.913
2026-05-23T07:00:00,14.689
2026-05-23T08:00:00,14.290
2026-05-23T09:00:00,14.369
2026-05-23T10:00:00,17.433
2026-05-23T11:00:00,15.879
2026-05-23T12:00:00,19.730
2026-05-23T13:00:00,20.400
2026-05-23T14:00:00,23.061
2026-05-23T15:00:00,24.117
2026-05-23T16:00:00,28.008
2026-05-23T17:00:00,27.853
2026-05-23T18:00:00,28.472
2026-05-23T19:00:00,31.212
2026-05-23T20:00:00,29.004
2026-05-23T21:00:00,31.068
2026-05-23T22:00:00,32.306
2026-05-23T23:00:00,30.759
2026-05-24T00:00:00,26.965
2026-05-24T01:00:00,25.720
2026-05-24T02:00:00,22.282
2026-05-24T03:00:00,20.825
2026-05-24T04:00:00,17.739
2026-05-24T05:00:00,15.688
2026-05-24T06:00:00,16.598
2026-05-24T07:00:00,16.245
2026-05-24T08:00:00,15.422
2026-05-24T09:00:00,15.222
2026-05-24T10:00:00,14.491
2026-05-24T11:00:00,17.345
2026-05-24T12:00:00,17.617
2026-05-24T13:00:00,21.337
2026-05-24T14:00:00,22.905
2026-05-24T15:00:00,25.445
2026-05-24T16:00:00,24.509
2026-05-24T17:00:00,26.412
2026-05-24T18:00:00,30.886
2026-05-24T19:00:00,29.953
2026-05-24T20:00:00,31.389
2026-05-24T21:00:00,30.640
2026-05-24T22:00:00,27.823
2026-05-24T23:00:00,30.055
2026-05-25T00:00:00,25.301
2026-05-25T01:00:00,26.744
2026-05-25T02:00:00,23.346
2026-05-25T03:00:00,20.327
2026-05-25T04:00:00,20.517
2026-05-25T05:00:00,17.157
2026-05-25T06:00:00,14.580
2026-05-25T07:00:00,14.886
2026-05-25T08:00:00,15.135
2026-05-25T09:00:00,15.045
2026-05-25T10:00:00,16.753
2026-05-25T11:00:00,18.528
2026-05-25T12:00:00,18.176
2026-05-25T13:00:00,20.862
2026-05-25T14:00:00,22.497
2026-05-25T15:00:00,22.180
2026-05-25T16:00:00,24.967
2026-05-25T17:00:00,29.272
2026-05-25T18:00:00,28.789
2026-05-25T19:00:00,30.795
2026-05-25T20:00:00,30.069
2026-05-25T21:00:00,26.986
2026-05-25T22:00:00,30.561
2026-05-25T23:00:00,28.013
2026-05-26T00:00:00,29.191
2026-05-26T01:00:00,22.561
2026-05-26T02:00:00,21.035
2026-05-26T03:00:00,22.044
2026-05-26T04:00:00,19.805
2026-05-26T05:00:00,16.849
2026-05-26T06:00:00,14.174
2026-05-26T07:00:00,15.432
2026-05-26T08:00:00,14.836
2026-05-26T09:00:00,15.234
2026-05-26T10:00:00,16.352
2026-05-26T11:00:00,17.896
2026-05-26T12:00:00,18.930
2026-05-26T13:00:00,21.311
2026-05-26T14:00:00,21.599
2026-05-26T15:00:00,23.630
2026-05-26T16:00:00,28.394
2026-05-26T17:00:00,30.433
2026-05-26T18:00:00,29.111
2026-05-26T19:00:00,28.098
2026-05-26T20:00:00,29.888
2026-05-26T21:00:00,31.979
2026-05-26T22:00:00,31.392
2026-05-26T23:00:00,30.182
2026-05-27T00:00:00,25.425
2026-05-27T01:00:00,23.992
2026-05-27T02:00:00,21.952
2026-05-27T03:00:00,19.830
2026-05-27T04:00:00,18.289
2026-05-27T05:00:00,15.630
2026-05-27T06:00:00,15.409
2026-05-27T07:00:00,14.848
2026-05-27T08:00:00,15.196
2026-05-27T09:00:00,15.417
2026-05-27T10:00:00,14.543
2026-05-27T11:00:00,17.897
2026-05-27T12:00:00,16.223
2026-05-27T13:00:00,19.328
2026-05-27T14:00:00,21.047
2026-05-27T15:00:00,28.029
2026-05-27T16:00:00,28.024
2026-05-27T17:00:00,27.175
2026-05-27T18:00:00,29.055
2026-05-27T19:00:00,28.759
2026-05-27T20:00:00,27.323
2026-05-27T21:00:00,32.168
2026-05-27T22:00:00,30.825
2026-05-27T23:00:00,26.913
2026-05-28T00:00:00,25.535
2026-05-28T01:00:00,26.986
2026-05-28T02:00:00,21.716
2026-05-28T03:00:00,20.402
2026-05-28T04:00:00,20.272
2026-05-28T05:00:00,17.610
2026-05-28T06:00:00,16.495
2026-05-28T07:00:00,14.178
2026-05-28T08:00:00,14.186
2026-05-28T09:00:00,15.420
2026-05-28T10:00:00,16.732
2026-05-28T11:00:00,15.585
2026-05-28T12:00:00,16.497
2026-05-28T13:00:00,21.212
2026-05-28T14:00:00,22.094
2026-05-28T15:00:00,25.519
2026-05-28T16:00:00,28.306
2026-05-28T17:00:00,27.499
2026-05-28T18:00:00,30.384
2026-05-28T19:00:00,29.379
2026-05-28T20:00:00,32.643
2026-05-28T21:00:00,26.314
2026-05-28T22:00:00,30.078
2026-05-28T23:00:00,28.611
2026-05-29T00:00:00,25.713
2026-05-29T01:00:00,25.803
2026-05-29T02:00:00,21.759
2026-05-29T03:00:00,19.778
2026-05-29T04:00:00,20.111
2026-05-29T05:00:00,16.776
2026-05-29T06:00:00,16.123
2026-05-29T07:00:00,16.726
2026-05-29T08:00:00,14.910
2026-05-29T09:00:00,16.690
2026-05-29T10:00:00,15.014
2026-05-29T11:00:00,18.128
2026-05-29T12:00:00,18.847
2026-05-29T13:00:00,18.239
2026-05-29T14:00:00,26.273
2026-05-29T15:00:00,24.200
2026-05-29T16:00:00,28.267
2026-05-29T17:00:00,28.949
2026-05-29T18:00:00,30.086
2026-05-29T19:00:00,28.608
2026-05-29T20:00:00,31.192
2026-05-29T21:00:00,27.209
2026-05-29T22:00:00,28.933
2026-05-29T23:00:00,28.961
2026-05-30T00:00:00,29.068
2026-05-30T01:00:00,24.771
2026-05-30T02:00:00,23.420
2026-05-30T03:00:00,18.856
2026-05-30T04:00:00,20.159
2026-05-30T05:00:00,15.190
2026-05-30T06:00:00,14.855
2026-05-30T07:00:00,15.159
2026-05-30T08:00:00,14.342
2026-05-30T09:00:00,15.879
2026-05-30T10:00:00,16.646
2026-05-30T11:00:00,16.441
2026-05-30T12:00:00,18.238
2026-05-30T13:00:00,22.054
2026-05-30T14:00:00,22.580
2026-05-30T15:00:00,25.281
2026-05-30T16:00:00,24.821
2026-05-30T17:00:00,29.637
2026-05-30T18:00:00,30.428
2026-05-30T19:00:00,28.716
2026-05-30T20:00:00,31.892
2026-05-30T21:00:00,31.036
2026-05-30T22:00:00,29.452
2026-05-30T23:00:00,26.904
2026-05-31T00:00:00,28.955
2026-05-31T01:00:00,24.387
2026-05-31T02:00:00,22.320
2026-05-31T03:00:00,21.517
2026-05-31T04:00:00,19.166
2026-05-31T05:00:00,18.669
2026-05-31T06:00:00,16.485
2026-05-31T07:00:00,15.077
2026-05-31T08:00:00,13.554
2026-05-31T09:00:00,14.365
2026-05-31T10:00:00,16.908
2026-05-31T11:00:00,16.693
2026-05-31T12:00:00,16.611
2026-05-31T13:00:00,21.187
2026-05-31T14:00:00,20.567
2026-05-31T15:00:00,26.311
2026-05-31T16:00:00,25.388
2026-05-31T17:00:00,29.825
2026-05-31T18:00:00,29.695
2026-05-31T19:00:00,29.858
2026-05-31T20:00:00,26.691
2026-05-31T21:00:00,31.820
2026-05-31T22:00:00,30.662
2026-05-31T23:00:00,27.673
2026-06-01T00:00:00,27.565
2026-06-01T01:00:00,24.969
2026-06-01T02:00:00,23.185
2026-06-01T03:00:00,21.640
2026-06-01T04:00:00,18.062
2026-06-01T05:00:00,17.400
2026-06-01T06:00:00,14.525
2026-06-01T07:00:00,15.404
2026-06-01T08:00:00,13.789
2026-06-01T09:00:00,15.475
2026-06-01T10:00:00,15.039
2026-06-01T11:00:00,16.605
2026-06-01T12:00:00,17.606
2026-06-01T13:00:00,20.799
2026-06-01T14:00:00,22.433
2026-06-01T15:00:00,23.530
2026-06-01T16:00:00,25.309
2026-06-01T17:00:00,28.658
2026-06-01T18:00:00,29.991
2026-06-01T19:00:00,33.186
2026-06-01T20:00:00,32.621
2026-06-01T21:00:00,31.713
2026-06-01T22:00:00,27.431
2026-06-01T23:00:00,26.894
2026-06-02T00:00:00,26.935
2026-06-02T01:00:00,23.369
2026-06-02T02:00:00,23.321
2026-06-02T03:00:00,18.815
2026-06-02T04:00:00,18.399
2026-06-02T05:00:00,18.234
2026-06-02T06:00:00,16.768
2026-06-02T07:00:00,15.510
2026-06-02T08:00:00,15.581
2026-06-02T09:00:00,14.196
2026-06-02T10:00:00,15.537
2026-06-02T11:00:00,16.745
2026-06-02T12:00:00,18.356
2026-06-02T13:00:00,22.295
2026-06-02T14:00:00,22.739
2026-06-02T15:00:00,24.046
2026-06-02T16:00:00,27.334
2026-06-02T17:00:00,27.769
2026-06-02T18:00:00,28.926
2026-06-02T19:00:00,33.462
2026-06-02T20:00:00,31.439
2026-06-02T21:00:00,30.059
2026-06-02T22:00:00,32.307
2026-06-02T23:00:00,29.423
2026-06-03T00:00:00,28.539
2026-06-03T01:00:00,24.434
2026-06-03T02:00:00,21.533
2026-06-03T03:00:00,20.048
2026-06-03T04:00:00,19.383
2026-06-03T05:00:00,16.773
2026-06-03T06:00:00,14.391
2026-06-03T07:00:00,13.680
2026-06-03T08:00:00,14.114
2026-06-03T09:00:00,15.718
2026-06-03T10:00:00,18.096
2026-06-03T11:00:00,16.263
2026-06-03T12:00:00,17.527
2026-06-03T13:00:00,19.951
2026-06-03T14:00:00,21.129
2026-06-03T15:00:00,24.461
2026-06-03T16:00:00,25.498
2026-06-03T17:00:00,28.030
2026-06-03T18:00:00,28.495
2026-06-03T19:00:00,31.835
2026-06-03T20:00:00,32.774
2026-06-03T21:00:00,30.315
2026-06-03T22:00:00,30.742
2026-06-03T23:00:00,28.733
2026-06-04T00:00:00,27.880
2026-06-04T01:00:00,26.327
2026-06-04T02:00:00,23.429
2026-06-04T03:00:00,18.515
2026-06-04T04:00:00,17.548
2026-06-04T05:00:00,17.104
2026-06-04T06:00:00,15.346
2026-06-04T07:00:00,15.233
2026-06-04T08:00:00,13.532
2026-06-04T09:00:00,14.747
2026-06-04T10:00:00,16.108
2026-06-04T11:00:00,17.102
2026-06-04T12:00:00,20.019
2026-06-04T13:00:00,21.243
2026-06-04T14:00:00,24.347
2026-06-04T15:00:00,23.440
2026-06-04T16:00:00,26.288
2026-06-04T17:00:00,28.583
2026-06-04T18:00:00,28.806
2026-06-04T19:00:00,31.644
2026-06-04T20:00:00,32.784
2026-06-04T21:00:00,28.459
2026-06-04T22:00:00,29.551
2026-06-04T23:00:00,30.110
2026-06-05T00:00:00,24.834
2026-06-05T01:00:00,23.249
2026-06-05T02:00:00,22.877
2026-06-05T03:00:00,22.006
2026-06-05T04:00:00,19.311
2026-06-05T05:00:00,15.801
2026-06-05T06:00:00,15.821
2026-06-05T07:00:00,15.534
2026-06-05T08:00:00,15.558
2026-06-05T09:00:00,14.430
2026-06-05T10:00:00,16.152
2026-06-05T11:00:00,18.343
2026-06-05T12:00:00,19.366
2026-06-05T13:00:00,24.121
2026-06-05T14:00:00,23.335
2026-06-05T15:00:00,24.974
2026-06-05T16:00:00,25.969
2026-06-05T17:00:00,26.221
2026-06-05T18:00:00,27.740
2026-06-05T19:00:00,25.619
2026-06-05T20:00:00,29.844
2026-06-05T21:00:00,30.582
2026-06-05T22:00:00,29.531
2026-06-05T23:00:00,29.777
2026-06-06T00:00:00,24.234
2026-06-06T01:00:00,26.324
2026-06-06T02:00:00,24.472
2026-06-06T03:00:00,19.260
2026-06-06T04:00:00,18.605
2026-06-06T05:00:00,16.542
2026-06-06T06:00:00,16.294
2026-06-06T07:00:00,15.097
2026-06-06T08:00:00,14.510
2026-06-06T09:00:00,16.118
2026-06-06T10:00:00,15.908
2026-06-06T11:00:00,16.670
2026-06-06T12:00:00,20.384
2026-06-06T13:00:00,22.205
2026-06-06T14:00:00,20.890
2026-06-06T15:00:00,25.700
2026-06-06T16:00:00,25.202
2026-06-06T17:00:00,28.024
2026-06-06T18:00:00,29.824
2026-06-06T19:00:00,29.817
2026-06-06T20:00:00,31.200
2026-06-06T21:00:00,32.972
2026-06-06T22:00:00,30.939
2026-06-06T23:00:00,27.993
2026-06-07T00:00:00,25.351
2026-06-07T01:00:00,21.798
2026-06-07T02:00:00,23.112
2026-06-07T03:00:00,20.629
2026-06-07T04:00:00,19.381
2026-06-07T05:00:00,18.464
2026-06-07T06:00:00,15.562
2026-06-07T07:00:00,14.847
2026-06-07T08:00:00,14.567
2026-06-07T09:00:00,14.482
2026-06-07T10:00:00,15.215
2026-06-07T11:00:00,15.321
2026-06-07T12:00:00,17.605
2026-06-07T13:00:00,20.122
2026-06-07T14:00:00,21.881
2026-06-07T15:00:00,22.315
2026-06-07T16:00:00,29.888
2026-06-07T17:00:00,26.886
2026-06-07T18:00:00,30.978
2026-06-07T19:00:00,28.409
2026-06-07T20:00:00,31.979
2026-06-07T21:00:00,32.459
2026-06-07T22:00:00,26.707
2026-06-07T23:00:00,27.901
2026-06-08T00:00:00,24.082
2026-06-08T01:00:00,25.669
2026-06-08T02:00:00,22.208
2026-06-08T03:00:00,21.680
2026-06-08T04:00:00,19.399
2026-06-08T05:00:00,16.020
2026-06-08T06:00:00,15.331
2026-06-08T07:00:00,15.161
2026-06-08T08:00:00,14.783
2026-06-08T09:00:00,12.842
2026-06-08T10:00:00,15.251
2026-06-08T11:00:00,16.853
2026-06-08T12:00:00,18.523
2026-06-08T13:00:00,20.254
2026-06-08T14:00:00,22.716
2026-06-08T15:00:00,23.942
2026-06-08T16:00:00,27.433
2026-06-08T17:00:00,29.059
2026-06-08T18:00:00,28.419
2026-06-08T19:00:00,29.697
2026-06-08T20:00:00,33.616
2026-06-08T21:00:00,30.674
2026-06-08T22:00:00,28.955
2026-06-08T23:00:00,27.210
2026-06-09T00:00:00,27.799
2026-06-09T01:00:00,24.937
2026-06-09T02:00:00,21.506
2026-06-09T03:00:00,19.722
2026-06-09T04:00:00,17.746
2026-06-09T05:00:00,16.868
2026-06-09T06:00:00,16.469
2026-06-09T07:00:00,16.450
2026-06-09T08:00:00,14.949
2026-06-09T09:00:00,14.402
2026-06-09T10:00:00,15.635
2026-06-09T11:00:00,17.448
2026-06-09T12:00:00,17.197
2026-06-09T13:00:00,20.174
2026-06-09T14:00:00,22.627
2026-06-09T15:00:00,22.555
2026-06-09T16:00:00,26.516
2026-06-09T17:00:00,27.652
2026-06-09T18:00:00,29.207
2026-06-09T19:00:00,30.877
2026-06-09T20:00:00,31.706
2026-06-09T21:00:00,32.180
2026-06-09T22:00:00,30.767
2026-06-09T23:00:00,29.110
2026-06-10T00:00:00,27.275
2026-06-10T01:00:00,27.325
2026-06-10T02:00:00,22.914
2026-06-10T03:00:00,20.323
2026-06-10T04:00:00,18.968
2026-06-10T05:00:00,19.103
2026-06-10T06:00:00,13.456
2026-06-10T07:00:00,15.259
2026-06-10T08:00:00,14.308
2026-06-10T09:00:00,13.526
2026-06-10T10:00:00,15.017
2026-06-10T11:00:00,16.980
2026-06-10T12:00:00,17.608
2026-06-10T13:00:00,17.688
2026-06-10T14:00:00,23.216
2026-06-10T15:00:00,25.097
2026-06-10T16:00:00,27.407
2026-06-10T17:00:00,29.144
2026-06-10T18:00:00,31.288
2026-06-10T19:00:00,33.569
2026-06-10T20:00:00,28.270
2026-06-10T21:00:00,30.292
2026-06-10T22:00:00,29.444
2026-06-10T23:00:00,27.251
2026-06-11T00:00:00,26.238
2026-06-11T01:00:00,26.081
2026-06-11T02:00:00,22.912
2026-06-11T03:00:00,19.752
2026-06-11T04:00:00,17.614
2026-06-11T05:00:00,17.423
2026-06-11T06:00:00,15.045
2026-06-11T07:00:00,15.936
2026-06-11T08:00:00,14.110
2026-06-11T09:00:00,16.094
2026-06-11T10:00:00,16.017
2026-06-11T11:00:00,17.222
2026-06-11T12:00:00,17.130
2026-06-11T13:00:00,21.216
2026-06-11T14:00:00,22.229
2026-06-11T15:00:00,22.825
2026-06-11T16:00:00,27.627
2026-06-11T17:00:00,24.903
2026-06-11T18:00:00,31.071
2026-06-11T19:00:00,30.556
2026-06-11T20:00:00,29.201
2026-06-11T21:00:00,27.057
2026-06-11T22:00:00,29.697
2026-06-11T23:00:00,32.694
2026-06-12T00:00:00,27.265
2026-06-12T01:00:00,24.706
2026-06-12T02:00:00,22.747
2026-06-12T03:00:00,23.032
2026-06-12T04:00:00,20.351
2026-06-12T05:00:00,16.490
2026-06-12T06:00:00,15.873
2026-06-12T07:00:00,14.328
2026-06-12T08:00:00,13.809
2026-06-12T09:00:00,14.128
2026-06-12T10:00:00,15.974
2026-06-12T11:00:00,16.078
2026-06-12T12:00:00,20.329
2026-06-12T13:00:00,19.050
2026-06-12T14:00:00,22.733
2026-06-12T15:00:00,23.759
2026-06-12T16:00:00,27.495
2026-06-12T17:00:00,28.143
2026-06-12T18:00:00,30.383
2026-06-12T19:00:00,30.770
2026-06-12T20:00:00,33.497
2026-06-12T21:00:00,29.269
2026-06-12T22:00:00,30.186
2026-06-12T23:00:00,28.062
2026-06-13T00:00:00,27.848
2026-06-13T01:00:00,24.534
2026-06-13T02:00:00,21.180
2026-06-13T03:00:00,19.263
2026-06-13T04:00:00,18.757
2026-06-13T05:00:00,16.822
2026-06-13T06:00:00,16.212
2026-06-13T07:00:00,14.238
2026-06-13T08:00:00,15.319
2026-06-13T09:00:00,15.573
2026-06-13T10:00:00,17.671
2026-06-13T11:00:00,18.105
2026-06-13T12:00:00,17.686
2026-06-13T13:00:00,21.419
2026-06-13T14:00:00,24.002
2026-06-13T15:00:00,24.434
2026-06-13T16:00:00,24.957
2026-06-13T17:00:00,28.613
2026-06-13T18:00:00,33.353
2026-06-13T19:00:00,33.042
2026-06-13T20:00:00,32.695
2026-06-13T21:00:00,30.029
2026-06-13T22:00:00,28.786
2026-06-13T23:00:00,26.450
2026-06-14T00:00:00,27.841
2026-06-14T01:00:00,23.633
2026-06-14T02:00:00,22.128
2026-06-14T03:00:00,22.425
2026-06-14T04:00:00,18.214
2026-06-14T05:00:00,16.857
2026-06-14T06:00:00,15.247
2026-06-14T07:00:00,15.370
2026-06-14T08:00:00,15.088
2026-06-14T09:00:00,16.085
2026-06-14T10:00:00,18.202
2026-06-14T11:00:00,17.638
2026-06-14T12:00:00,19.173
2026-06-14T13:00:00,22.257
2026-06-14T14:00:00,23.647
2026-06-14T15:00:00,23.433
2026-06-14T16:00:00,24.490
2026-06-14T17:00:00,31.344
2026-06-14T18:00:00,27.884
2026-06-14T19:00:00,29.417
2026-06-14T20:00:00,29.355
2026-06-14T21:00:00,30.047
2026-06-14T22:00:00,29.664
2026-06-14T23:00:00,29.837
2026-06-15T00:00:00,25.497
2026-06-15T01:00:00,24.037
2026-06-15T02:00:00,23.536
2026-06-15T03:00:00,19.671
2026-06-15T04:00:00,19.343
2026-06-15T05:00:00,16.650
2026-06-15T06:00:00,15.661
2026-06-15T07:00:00,15.839
2026-06-15T08:00:00,13.829
2026-06-15T09:00:00,15.621
2026-06-15T10:00:00,14.917
2026-06-15T11:00:00,16.573
2026-06-15T12:00:00,17.180
2026-06-15T13:00:00,21.816
2026-06-15T14:00:00,24.620
2026-06-15T15:00:00,22.596
2026-06-15T16:00:00,26.505
2026-06-15T17:00:00,29.750
2026-06-15T18:00:00,29.029
2026-06-15T19:00:00,33.757
2026-06-15T20:00:00,30.803
2026-06-15T21:00:00,29.763
2026-06-15T22:00:00,30.285
2026-06-15T23:00:00,27.937
2026-06-16T00:00:00,31.830
2026-06-16T01:00:00,22.481
2026-06-16T02:00:00,23.729
2026-06-16T03:00:00,20.406
2026-06-16T04:00:00,18.707
2026-06-16T05:00:00,16.291
2026-06-16T06:00:00,15.073
2026-06-16T07:00:00,14.652
2026-06-16T08:00:00,13.946
2026-06-16T09:00:00,16.480
2026-06-16T10:00:00,15.206
2026-06-16T11:00:00,16.372
2026-06-16T12:00:00,19.999
2026-06-16T13:00:00,19.496
2026-06-16T14:00:00,22.219
2026-06-16T15:00:00,23.145
2026-06-16T16:00:00,30.034
2026-06-16T17:00:00,29.078
2026-06-16T18:00:00,29.240
2026-06-16T19:00:00,28.929
2026-06-16T20:00:00,28.330
2026-06-16T21:00:00,27.665
2026-06-16T22:00:00,31.799
2026-06-16T23:00:00,30.464
2026-06-17T00:00:00,25.418
2026-06-17T01:00:00,24.126
2026-06-17T02:00:00,21.547
2026-06-17T03:00:00,20.752
2026-06-17T04:00:00,19.036
2026-06-17T05:00:00,17.725
2026-06-17T06:00:00,14.714
2026-06-17T07:00:00,16.238
2026-06-17T08:00:00,14.267
2026-06-17T09:00:00,15.041
2026-06-17T10:00:00,14.353
2026-06-17T11:00:00,18.071
2026-06-17T12:00:00,20.765
2026-06-17T13:00:00,20.122
2026-06-17T14:00:00,23.841
2026-06-17T15:00:00,24.427
2026-06-17T16:00:00,26.375
2026-06-17T17:00:00,30.217
2026-06-17T18:00:00,25.663
2026-06-17T19:00:00,31.899
2026-06-17T20:00:00,29.595
2026-06-17T21:00:00,28.963
2026-06-17T22:00:00,27.817
2026-06-17T23:00:00,27.259
2026-06-18T00:00:00,27.044
2026-06-18T01:00:00,24.433
2026-06-18T02:00:00,24.240
2026-06-18T03:00:00,21.405
2026-06-18T04:00:00,19.881
2026-06-18T05:00:00,17.988
2026-06-18T06:00:00,13.585
2026-06-18T07:00:00,14.209
2026-06-18T08:00:00,13.533
2026-06-18T09:00:00,14.929
2026-06-18T10:00:00,16.553
2026-06-18T11:00:00,18.098
2026-06-18T12:00:00,18.965
2026-06-18T13:00:00,19.026
2026-06-18T14:00:00,21.466
2026-06-18T15:00:00,26.966
2026-06-18T16:00:00,24.988
2026-06-18T17:00:00,26.340
2026-06-18T18:00:00,29.865
2026-06-18T19:00:00,28.454
2026-06-18T20:00:00,33.916
2026-06-18T21:00:00,27.349
2026-06-18T22:00:00,32.335
2026-06-18T23:00:00,27.903
2026-06-19T00:00:00,26.661
2026-06-19T01:00:00,24.320
2026-06-19T02:00:00,22.256
2026-06-19T03:00:00,19.420
2026-06-19T04:00:00,21.096
2026-06-19T05:00:00,16.993
2026-06-19T06:00:00,15.198
2026-06-19T07:00:00,14.734
2026-06-19T08:00:00,15.260
2026-06-19T09:00:00,15.388
2026-06-19T10:00:00,15.586
2026-06-19T11:00:00,15.373
2026-06-19T12:00:00,16.958
2026-06-19T13:00:00,19.822
2026-06-19T14:00:00,20.404
2026-06-19T15:00:00,24.857
2026-06-19T16:00:00,27.988
2026-06-19T17:00:00,27.303
2026-06-19T18:00:00,30.308
2026-06-19T19:00:00,30.554
2026-06-19T20:00:00,31.281
2026-06-19T21:00:00,28.879
2026-06-19T22:00:00,32.492
2026-06-19T23:00:00,27.964
2026-06-20T00:00:00,27.008
2026-06-20T01:00:00,23.500
2026-06-20T02:00:00,24.195
2026-06-20T03:00:00,20.849
2026-06-20T04:00:00,20.999
2026-06-20T05:00:00,16.373
2026-06-20T06:00:00,15.185
2026-06-20T07:00:00,14.406
2026-06-20T08:00:00,14.558
2026-06-20T09:00:00,13.534
2026-06-20T10:00:00,12.334
2026-06-20T11:00:00,17.610
2026-06-20T12:00:00,18.594
2026-06-20T13:00:00,21.664
2026-06-20T14:00:00,23.702
2026-06-20T15:00:00,23.312
2026-06-20T16:00:00,27.006
2026-06-20T17:00:00,30.999
2026-06-20T18:00:00,32.145
2026-06-20T19:00:00,31.128
2026-06-20T20:00:00,30.154
2026-06-20T21:00:00,29.946
2026-06-20T22:00:00,28.972
2026-06-20T23:00:00,29.580
2026-06-21T00:00:00,25.979
2026-06-21T01:00:00,24.305
2026-06-21T02:00:00,20.567
2026-06-21T03:00:00,20.414
2026-06-21T04:00:00,18.860
2026-06-21T05:00:00,15.726
2026-06-21T06:00:00,15.752
2026-06-21T07:00:00,14.327
2026-06-21T08:00:00,14.213
2026-06-21T09:00:00,13.937
2026-06-21T10:00:00,15.865
2026-06-21T11:00:00,18.901
2026-06-21T12:00:00,17.480
2026-06-21T13:00:00,19.145
2026-06-21T14:00:00,23.430
2026-06-21T15:00:00,22.309
2026-06-21T16:00:00,26.593
2026-06-21T17:00:00,29.710
2026-06-21T18:00:00,27.207
2026-06-21T19:00:00,29.851
2026-06-21T20:00:00,31.915
2026-06-21T21:00:00,31.287
2026-06-21T22:00:00,31.843
2026-06-21T23:00:00,25.048
2026-06-22T00:00:00,26.369
2026-06-22T01:00:00,26.151
2026-06-22T02:00:00,23.497
2026-06-22T03:00:00,20.805
2026-06-22T04:00:00,18.320
2026-06-22T05:00:00,18.155
2026-06-22T06:00:00,15.265
2026-06-22T07:00:00,14.195
2026-06-22T08:00:00,15.617
2026-06-22T09:00:00,15.428
2026-06-22T10:00:00,14.212
2026-06-22T11:00:00,16.994
2026-06-22T12:00:00,19.968
2026-06-22T13:00:00,19.971
2026-06-22T14:00:00,23.982
2026-06-22T15:00:00,24.728
2026-06-22T16:00:00,29.674
2026-06-22T17:00:00,27.613
2026-06-22T18:00:00,26.996
2026-06-22T19:00:00,30.202
2026-06-22T20:00:00,30.134
2026-06-22T21:00:00,29.989
2026-06-22T22:00:00,31.461
2026-06-22T23:00:00,29.828
2026-06-23T00:00:00,27.740
2026-06-23T01:00:00,26.020
2026-06-23T02:00:00,24.473
2026-06-23T03:00:00,21.961
2026-06-23T04:00:00,19.404
2026-06-23T05:00:00,14.646
2026-06-23T06:00:00,14.241
2026-06-23T07:00:00,16.201
2026-06-23T08:00:00,14.086
2026-06-23T09:00:00,15.281
2026-06-23T10:00:00,16.786
2026-06-23T11:00:00,15.823
2026-06-23T12:00:00,17.222
2026-06-23T13:00:00,21.521
2026-06-23T14:00:00,20.943
2026-06-23T15:00:00,22.484
2026-06-23T16:00:00,27.545
2026-06-23T17:00:00,28.007
2026-06-23T18:00:00,28.234
2026-06-23T19:00:00,28.067
2026-06-23T20:00:00,31.285
2026-06-23T21:00:00,30.333
2026-06-23T22:00:00,28.171
2026-06-23T23:00:00,26.729
2026-06-24T00:00:00,25.646
2026-06-24T01:00:00,23.912
2026-06-24T02:00:00,20.105
2026-06-24T03:00:00,20.003
2026-06-24T04:00:00,18.856
2026-06-24T05:00:00,18.713
2026-06-24T06:00:00,15.784
2026-06-24T07:00:00,16.040
2026-06-24T08:00:00,14.723
2026-06-24T09:00:00,15.698
2026-06-24T10:00:00,15.531
2026-06-24T11:00:00,18.121
2026-06-24T12:00:00,18.688
2026-06-24T13:00:00,20.341
2026-06-24T14:00:00,20.365
2026-06-24T15:00:00,25.749
2026-06-24T16:00:00,25.725
2026-06-24T17:00:00,27.120
2026-06-24T18:00:00,29.472
2026-06-24T19:00:00,28.313
2026-06-24T20:00:00,31.154
2026-06-24T21:00:00,27.962
2026-06-24T22:00:00,27.458
2026-06-24T23:00:00,27.799
2026-06-25T00:00:00,26.332
2026-06-25T01:00:00,21.403
2026-06-25T02:00:00,22.988
2026-06-25T03:00:00,19.978
2026-06-25T04:00:00,18.110
2026-06-25T05:00:00,17.432
2026-06-25T06:00:00,16.711
2026-06-25T07:00:00,13.677
2026-06-25T08:00:00,14.287
2026-06-25T09:00:00,15.196
2026-06-25T10:00:00,15.040
2026-06-25T11:00:00,17.789
2026-06-25T12:00:00,18.304
2026-06-25T13:00:00,21.654
2026-06-25T14:00:00,22.020
2026-06-25T15:00:00,26.420
2026-06-25T16:00:00,24.579
2026-06-25T17:00:00,29.354
2026-06-25T18:00:00,26.221
2026-06-25T19:00:00,31.072
2026-06-25T20:00:00,29.332
2026-06-25T21:00:00,30.318
2026-06-25T22:00:00,31.590
2026-06-25T23:00:00,27.900
2026-06-26T00:00:00,27.686
2026-06-26T01:00:00,26.903
2026-06-26T02:00:00,22.474
2026-06-26T03:00:00,20.276
2026-06-26T04:00:00,16.286
2026-06-26T05:00:00,17.409
2026-06-26T06:00:00,15.204
2026-06-26T07:00:00,15.106
2026-06-26T08:00:00,15.182
2026-06-26T09:00:00,15.275
2026-06-26T10:00:00,16.400
2026-06-26T11:00:00,16.909
2026-06-26T12:00:00,18.048
2026-06-26T13:00:00,20.702
2026-06-26T14:00:00,23.128
2026-06-26T15:00:00,24.996
2026-06-26T16:00:00,26.322
2026-06-26T17:00:00,27.471
2026-06-26T18:00:00,30.969
2026-06-26T19:00:00,29.091
2026-06-26T20:00:00,27.524
2026-06-26T21:00:00,28.503
2026-06-26T22:00:00,32.839
2026-06-26T23:00:00,29.408
2026-06-27T00:00:00,24.431
2026-06-27T01:00:00,23.252
2026-06-27T02:00:00,21.391
2026-06-27T03:00:00,23.809
2026-06-27T04:00:00,20.805
2026-06-27T05:00:00,17.256
2026-06-27T06:00:00,15.290
2026-06-27T07:00:00,16.852
2026-06-27T08:00:00,14.697
2026-06-27T09:00:00,12.253
2026-06-27T10:00:00,16.625
2026-06-27T11:00:00,19.086
2026-06-27T12:00:00,17.643
2026-06-27T13:00:00,21.179
2026-06-27T14:00:00,22.069
2026-06-27T15:00:00,23.953
2026-06-27T16:00:00,26.307
2026-06-27T17:00:00,31.402
2026-06-27T18:00:00,30.222
2026-06-27T19:00:00,30.310
2026-06-27T20:00:00,28.766
2026-06-27T21:00:00,33.903
2026-06-27T22:00:00,33.006
2026-06-27T23:00:00,28.728
2026-06-28T00:00:00,25.930
2026-06-28T01:00:00,23.349
2026-06-28T02:00:00,24.039
2026-06-28T03:00:00,21.152
2026-06-28T04:00:00,18.634
2026-06-28T05:00:00,15.730
2026-06-28T06:00:00,16.146
2026-06-28T07:00:00,15.232
2026-06-28T08:00:00,15.140
2026-06-28T09:00:00,15.892
2026-06-28T10:00:00,16.264
2026-06-28T11:00:00,16.837
2026-06-28T12:00:00,17.977
2026-06-28T13:00:00,19.724
2026-06-28T14:00:00,24.223
2026-06-28T15:00:00,25.090
2026-06-28T16:00:00,27.865
2026-06-28T17:00:00,30.286
2026-06-28T18:00:00,30.678
2026-06-28T19:00:00,27.348
2026-06-28T20:00:00,32.241
2026-06-28T21:00:00,31.246
2026-06-28T22:00:00,29.699
2026-06-28T23:00:00,30.924
2026-06-29T00:00:00,27.506
2026-06-29T01:00:00,22.679
2026-06-29T02:00:00,21.891
2026-06-29T03:00:00,20.914
2026-06-29T04:00:00,18.132
2026-06-29T05:00:00,17.799
2026-06-29T06:00:00,14.450
2026-06-29T07:00:00,13.505
2026-06-29T08:00:00,13.560
2026-06-29T09:00:00,16.205
2026-06-29T10:00:00,17.296
2026-06-29T11:00:00,15.903
2026-06-29T12:00:00,16.745
2026-06-29T13:00:00,18.796
2026-06-29T14:00:00,24.364
2026-06-29T15:00:00,23.212
2026-06-29T16:00:00,26.347
2026-06-29T17:00:00,30.321
2026-06-29T18:00:00,30.959
2026-06-29T19:00:00,28.876
2026-06-29T20:00:00,30.282
2026-06-29T21:00:00,33.099
2026-06-29T22:00:00,27.504
2026-06-29T23:00:00,26.220
2026-06-30T00:00:00,27.722
2026-06-30T01:00:00,24.573
2026-06-30T02:00:00,20.992
2026-06-30T03:00:00,18.684
2026-06-30T04:00:00,18.078
2026-06-30T05:00:00,17.400
2026-06-30T06:00:00,17.010
2026-06-30T07:00:00,15.531
2026-06-30T08:00:00,15.220
2026-06-30T09:00:00,15.678
2026-06-30T10:00:00,15.366
2026-06-30T11:00:00,19.344
2026-06-30T12:00:00,18.089
2026-06-30T13:00:00,19.922
2026-06-30T14:00:00,23.722
2026-06-30T15:00:00,22.829
2026-06-30T16:00:00,25.324
2026-06-30T17:00:00,28.683
2026-06-30T18:00:00,28.753
2026-06-30T19:00:00,31.759
2026-06-30T20:00:00,31.449
2026-06-30T21:00:00,29.443
2026-06-30T22:00:00,26.957
2026-06-30T23:00:00,27.290
2026-07-01T00:00:00,23.908
2026-07-01T01:00:00,21.702
2026-07-01T02:00:00,22.291
2026-07-01T03:00:00,18.970
2026-07-01T04:00:00,16.678
2026-07-01T05:00:00,17.046
2026-07-01T06:00:00,14.959
2026-07-01T07:00:00,13.949
2026-07-01T08:00:00,13.528
2026-07-01T09:00:00,14.140
2026-07-01T10:00:00,15.952
2026-07-01T11:00:00,15.418
2026-07-01T12:00:00,15.156
2026-07-01T13:00:00,19.286
2026-07-01T14:00:00,22.424
2026-07-01T15:00:00,21.485
2026-07-01T16:00:00,27.797
2026-07-01T17:00:00,26.177
2026-07-01T18:00:00,31.159
2026-07-01T19:00:00,28.296
2026-07-01T20:00:00,29.284
2026-07-01T21:00:00,27.473
2026-07-01T22:00:00,26.936
2026-07-01T23:00:00,24.589
2026-07-02T00:00:00,25.806
2026-07-02T01:00:00,19.869
2026-07-02T02:00:00,23.461
2026-07-02T03:00:00,17.265
2026-07-02T04:00:00,17.998
2026-07-02T05:00:00,16.705
2026-07-02T06:00:00,13.733
2026-07-02T07:00:00,13.447
2026-07-02T08:00:00,14.163
2026-07-02T09:00:00,15.377
2026-07-02T10:00:00,16.118
2026-07-02T11:00:00,16.037
2026-07-02T12:00:00,17.838
2026-07-02T13:00:00,19.383
2026-07-02T14:00:00,21.624
2026-07-02T15:00:00,25.177
2026-07-02T16:00:00,24.865
2026-07-02T17:00:00,23.068
2026-07-02T18:00:00,28.541
2026-07-02T19:00:00,28.741
2026-07-02T20:00:00,27.767
2026-07-02T21:00:00,26.914
2026-07-02T22:00:00,26.428
2026-07-02T23:00:00,27.364
2026-07-03T00:00:00,24.082
2026-07-03T01:00:00,23.008
2026-07-03T02:00:00,20.433
2026-07-03T03:00:00,19.616
2026-07-03T04:00:00,16.698
2026-07-03T05:00:00,16.240
2026-07-03T06:00:00,13.886
2026-07-03T07:00:00,12.776
2026-07-03T08:00:00,14.531
2026-07-03T09:00:00,14.620
2026-07-03T10:00:00,13.673
2026-07-03T11:00:00,15.068
2026-07-03T12:00:00,18.838
2026-07-03T13:00:00,18.743
2026-07-03T14:00:00,22.050
2026-07-03T15:00:00,23.300
2026-07-03T16:00:00,23.570
2026-07-03T17:00:00,26.568
2026-07-03T18:00:00,26.451
2026-07-03T19:00:00,29.602
2026-07-03T20:00:00,29.185
2026-07-03T21:00:00,28.427
2026-07-03T22:00:00,26.335
2026-07-03T23:00:00,25.045
2026-07-04T00:00:00,24.617
2026-07-04T01:00:00,24.373
2026-07-04T02:00:00,23.866
2026-07-04T03:00:00,21.599
2026-07-04T04:00:00,16.863
2026-07-04T05:00:00,16.981
2026-07-04T06:00:00,14.118
2026-07-04T07:00:00,14.538
2026-07-04T08:00:00,13.779
2026-07-04T09:00:00,14.605
2026-07-04T10:00:00,14.132
2026-07-04T11:00:00,16.378
2026-07-04T12:00:00,17.084
2026-07-04T13:00:00,19.383
2026-07-04T14:00:00,19.859
2026-07-04T15:00:00,24.162
2026-07-04T16:00:00,25.839
2026-07-04T17:00:00,24.962
2026-07-04T18:00:00,25.983
2026-07-04T19:00:00,30.547
2026-07-04T20:00:00,29.051
2026-07-04T21:00:00,29.667
2026-07-04T22:00:00,26.858
2026-07-04T23:00:00,27.743
2026-07-05T00:00:00,23.731
2026-07-05T01:00:00,24.615
2026-07-05T02:00:00,21.994
2026-07-05T03:00:00,18.664
2026-07-05T04:00:00,18.244
2026-07-05T05:00:00,15.650
2026-07-05T06:00:00,14.425
2026-07-05T07:00:00,14.082
2026-07-05T08:00:00,13.488
2026-07-05T09:00:00,14.091
2026-07-05T10:00:00,14.593
2026-07-05T11:00:00,16.150
2026-07-05T12:00:00,18.768
2026-07-05T13:00:00,17.809
2026-07-05T14:00:00,19.702
2026-07-05T15:00:00,23.708
2026-07-05T16:00:00,26.416
2026-07-05T17:00:00,23.942
2026-07-05T18:00:00,26.609
2026-07-05T19:00:00,30.660
2026-07-05T20:00:00,27.906
2026-07-05T21:00:00,26.848
2026-07-05T22:00:00,27.369
2026-07-05T23:00:00,22.661
2026-07-06T00:00:00,22.652
2026-07-06T01:00:00,22.658
2026-07-06T02:00:00,19.322
2026-07-06T03:00:00,17.896
2026-07-06T04:00:00,17.573
2026-07-06T05:00:00,16.778
2026-07-06T06:00:00,14.103
2026-07-06T07:00:00,14.191
2026-07-06T08:00:00,14.721
2026-07-06T09:00:00,13.358
2026-07-06T10:00:00,15.025
2026-07-06T11:00:00,15.596
2026-07-06T12:00:00,16.402
2026-07-06T13:00:00,19.003
2026-07-06T14:00:00,21.679
2026-07-06T15:00:00,22.018
2026-07-06T16:00:00,26.721
2026-07-06T17:00:00,24.181
2026-07-06T18:00:00,22.385
2026-07-06T19:00:00,27.047
2026-07-06T20:00:00,30.496
2026-07-06T21:00:00,25.779
2026-07-06T22:00:00,27.774
2026-07-06T23:00:00,24.066
2026-07-07T00:00:00,23.394
2026-07-07T01:00:00,23.714
2026-07-07T02:00:00,22.278
2026-07-07T03:00:00,17.730
2026-07-07T04:00:00,16.765
2026-07-07T05:00:00,16.773
2026-07-07T06:00:00,14.787
2026-07-07T07:00:00,14.717
2026-07-07T08:00:00,13.947
2026-07-07T09:00:00,14.114
2026-07-07T10:00:00,15.617
2026-07-07T11:00:00,16.830
2026-07-07T12:00:00,16.962
2026-07-07T13:00:00,21.186
2026-07-07T14:00:00,20.470
2026-07-07T15:00:00,24.698
2026-07-07T16:00:00,25.678
2026-07-07T17:00:00,27.210
2026-07-07T18:00:00,28.650
2026-07-07T19:00:00,29.650
2026-07-07T20:00:00,26.667
2026-07-07T21:00:00,30.122
2026-07-07T22:00:00,26.498
2026-07-07T23:00:00,29.669
2026-07-08T00:00:00,26.463
2026-07-08T01:00:00,22.288
2026-07-08T02:00:00,20.400
2026-07-08T03:00:00,16.081
2026-07-08T04:00:00,17.653
2026-07-08T05:00:00,14.978
2026-07-08T06:00:00,16.107
2026-07-08T07:00:00,13.492
2026-07-08T08:00:00,14.088
2026-07-08T09:00:00,11.543
2026-07-08T10:00:00,15.684
2026-07-08T11:00:00,17.270
2026-07-08T12:00:00,17.256
2026-07-08T13:00:00,19.312
2026-07-08T14:00:00,21.932
2026-07-08T15:00:00,22.071
2026-07-08T16:00:00,22.103
2026-07-08T17:00:00,26.560
2026-07-08T18:00:00,26.193
2026-07-08T19:00:00,27.261
2026-07-08T20:00:00,27.849
2026-07-08T21:00:00,27.358
2026-07-08T22:00:00,27.995
2026-07-08T23:00:00,27.429
2026-07-09T00:00:00,24.933
2026-07-09T01:00:00,21.968
2026-07-09T02:00:00,21.806
2026-07-09T03:00:00,20.141
2026-07-09T04:00:00,15.919
2026-07-09T05:00:00,15.809
2026-07-09T06:00:00,13.312
2026-07-09T07:00:00,14.004
2026-07-09T08:00:00,13.208
2026-07-09T09:00:00,13.883
2026-07-09T10:00:00,15.149
2026-07-09T11:00:00,16.745
2026-07-09T12:00:00,17.480
2026-07-09T13:00:00,19.500
2026-07-09T14:00:00,22.382
2026-07-09T15:00:00,23.185
2026-07-09T16:00:00,26.328
2026-07-09T17:00:00,25.021
2026-07-09T18:00:00,26.285
2026-07-09T19:00:00,29.044
2026-07-09T20:00:00,30.665
2026-07-09T21:00:00,29.838
2026-07-09T22:00:00,26.746
2026-07-09T23:00:00,28.462
2026-07-10T00:00:00,24.273
2026-07-10T01:00:00,25.064
2026-07-10T02:00:00,20.990
2026-07-10T03:00:00,19.892
2026-07-10T04:00:00,17.758
2026-07-10T05:00:00,14.522
2026-07-10T06:00:00,16.578
2026-07-10T07:00:00,15.078
2026-07-10T08:00:00,13.942
2026-07-10T09:00:00,13.846
2026-07-10T10:00:00,16.417
2026-07-10T11:00:00,15.699
2026-07-10T12:00:00,18.436
2026-07-10T13:00:00,18.464
2026-07-10T14:00:00,21.675
2026-07-10T15:00:00,21.261
2026-07-10T16:00:00,23.300
2026-07-10T17:00:00,26.351
2026-07-10T18:00:00,26.103
2026-07-10T19:00:00,30.201
2026-07-10T20:00:00,27.910
2026-07-10T21:00:00,26.493
2026-07-10T22:00:00,28.026
2026-07-10T23:00:00,25.268
2026-07-11T00:00:00,25.939
2026-07-11T01:00:00,21.575
2026-07-11T02:00:00,20.377
2026-07-11T03:00:00,18.881
2026-07-11T04:00:00,17.228
2026-07-11T05:00:00,16.304
2026-07-11T06:00:00,13.561
2026-07-11T07:00:00,13.902
2026-07-11T08:00:00,11.890
2026-07-11T09:00:00,13.890
2026-07-11T10:00:00,14.182
2026-07-11T11:00:00,15.285
2026-07-11T12:00:00,16.787
2026-07-11T13:00:00,19.542
2026-07-11T14:00:00,20.751
2026-07-11T15:00:00,23.998
2026-07-11T16:00:00,24.085
2026-07-11T17:00:00,24.681
2026-07-11T18:00:00,26.260
2026-07-11T19:00:00,26.781
2026-07-11T20:00:00,25.233
2026-07-11T21:00:00,31.846
2026-07-11T22:00:00,26.727
2026-07-11T23:00:00,23.209
2026-07-12T00:00:00,24.611
2026-07-12T01:00:00,24.517
2026-07-12T02:00:00,22.368
2026-07-12T03:00:00,19.588
2026-07-12T04:00:00,16.560
2026-07-12T05:00:00,16.585
2026-07-12T06:00:00,14.194
2026-07-12T07:00:00,13.970
2026-07-12T08:00:00,13.873
2026-07-12T09:00:00,13.606
2026-07-12T10:00:00,15.239
2026-07-12T11:00:00,16.073
2026-07-12T12:00:00,17.931
2026-07-12T13:00:00,18.067
2026-07-12T14:00:00,21.564
2026-07-12T15:00:00,23.069
2026-07-12T16:00:00,25.166
2026-07-12T17:00:00,27.690
2026-07-12T18:00:00,26.858
2026-07-12T19:00:00,29.536
2026-07-12T20:00:00,26.806
2026-07-12T21:00:00,28.557
2026-07-12T22:00:00,26.700
2026-07-12T23:00:00,25.709
2026-07-13T00:00:00,23.948
2026-07-13T01:00:00,22.032
2026-07-13T02:00:00,19.817
2026-07-13T03:00:00,19.932
2026-07-13T04:00:00,17.377
2026-07-13T05:00:00,14.246
2026-07-13T06:00:00,14.362
2026-07-13T07:00:00,13.156
2026-07-13T08:00:00,12.764
2026-07-13T09:00:00,15.201
2026-07-13T10:00:00,14.074
2026-07-13T11:00:00,14.465
2026-07-13T12:00:00,18.438
2026-07-13T13:00:00,20.110
2026-07-13T14:00:00,22.449
2026-07-13T15:00:00,23.284
2026-07-13T16:00:00,21.794
2026-07-13T17:00:00,27.558
2026-07-13T18:00:00,29.687
2026-07-13T19:00:00,30.361
2026-07-13T20:00:00,27.591
2026-07-13T21:00:00,26.982
2026-07-13T22:00:00,27.754
2026-07-13T23:00:00,28.767
2026-07-14T00:00:00,24.128
2026-07-14T01:00:00,22.717
2026-07-14T02:00:00,23.975
2026-07-14T03:00:00,19.302
2026-07-14T04:00:00,18.911
2026-07-14T05:00:00,14.937
2026-07-14T06:00:00,13.973
2026-07-14T07:00:00,14.813
2026-07-14T08:00:00,12.475
2026-07-14T09:00:00,15.342
2026-07-14T10:00:00,14.584
2026-07-14T11:00:00,15.486
2026-07-14T12:00:00,17.551
2026-07-14T13:00:00,19.428
2026-07-14T14:00:00,19.231
2026-07-14T15:00:00,24.406
2026-07-14T16:00:00,23.318
2026-07-14T17:00:00,27.425
2026-07-14T18:00:00,28.741
2026-07-14T19:00:00,28.674
2026-07-14T20:00:00,29.039
2026-07-14T21:00:00,27.395
2026-07-14T22:00:00,25.959
2026-07-14T23:00:00,24.428
2026-07-15T00:00:00,27.069
2026-07-15T01:00:00,21.053
2026-07-15T02:00:00,20.373
2026-07-15T03:00:00,18.417
2026-07-15T04:00:00,17.958
2026-07-15T05:00:00,15.269
2026-07-15T06:00:00,13.967
2026-07-15T07:00:00,13.930
2026-07-15T08:00:00,14.333
2026-07-15T09:00:00,13.175
2026-07-15T10:00:00,13.235
2026-07-15T11:00:00,16.645
2026-07-15T12:00:00,19.512
2026-07-15T13:00:00,19.447
2026-07-15T14:00:00,21.007
2026-07-15T15:00:00,22.960
2026-07-15T16:00:00,22.570
2026-07-15T17:00:00,27.882
2026-07-15T18:00:00,30.142
2026-07-15T19:00:00,29.563
2026-07-15T20:00:00,28.183
2026-07-15T21:00:00,28.366
2026-07-15T22:00:00,28.034
2026-07-15T23:00:00,25.214
2026-07-16T00:00:00,24.989
2026-07-16T01:00:00,24.024
2026-07-16T02:00:00,20.927
2026-07-16T03:00:00,18.232
2026-07-16T04:00:00,17.765
2026-07-16T05:00:00,17.431
2026-07-16T06:00:00,14.903
2026-07-16T07:00:00,14.669
2026-07-16T08:00:00,14.918
2026-07-16T09:00:00,13.923
2026-07-16T10:00:00,14.148
2026-07-16T11:00:00,16.941
2026-07-16T12:00:00,19.665
2026-07-16T13:00:00,18.230
2026-07-16T14:00:00,20.650
2026-07-16T15:00:00,22.600
2026-07-16T16:00:00,24.361
2026-07-16T17:00:00,26.353
2026-07-16T18:00:00,29.906
2026-07-16T19:00:00,27.662
2026-07-16T20:00:00,30.109
2026-07-16T21:00:00,31.836
2026-07-16T22:00:00,29.313
2026-07-16T23:00:00,25.897
2026-07-17T00:00:00,26.838
2026-07-17T01:00:00,24.381
2026-07-17T02:00:00,19.342
2026-07-17T03:00:00,20.422
2026-07-17T04:00:00,17.439
2026-07-17T05:00:00,16.734
2026-07-17T06:00:00,16.266
2026-07-17T07:00:00,14.386
2026-07-17T08:00:00,13.348
2026-07-17T09:00:00,12.690
2026-07-17T10:00:00,13.718
2026-07-17T11:00:00,16.394
2026-07-17T12:00:00,17.486
2026-07-17T13:00:00,18.485
2026-07-17T14:00:00,21.793
2026-07-17T15:00:00,23.341
2026-07-17T16:00:00,27.470
2026-07-17T17:00:00,26.756
2026-07-17T18:00:00,28.662
2026-07-17T19:00:00,29.897
2026-07-17T20:00:00,29.533
2026-07-17T21:00:00,30.901
2026-07-17T22:00:00,29.626
2026-07-17T23:00:00,27.505
2026-07-18T00:00:00,24.409
2026-07-18T01:00:00,24.528
2026-07-18T02:00:00,19.505
2026-07-18T03:00:00,19.330
2026-07-18T04:00:00,17.745
2026-07-18T05:00:00,17.864
2026-07-18T06:00:00,15.645
2026-07-18T07:00:00,14.636
2026-07-18T08:00:00,13.608
2026-07-18T09:00:00,12.900
2026-07-18T10:00:00,14.915
2026-07-18T11:00:00,16.604
2026-07-18T12:00:00,17.042
2026-07-18T13:00:00,20.179
2026-07-18T14:00:00,20.960
2026-07-18T15:00:00,24.482
2026-07-18T16:00:00,26.490
2026-07-18T17:00:00,29.485
2026-07-18T18:00:00,25.745
2026-07-18T19:00:00,27.161
2026-07-18T20:00:00,29.213
2026-07-18T21:00:00,27.793
2026-07-18T22:00:00,27.469
2026-07-18T23:00:00,27.796
2026-07-19T00:00:00,23.851
2026-07-19T01:00:00,22.683
2026-07-19T02:00:00,20.024
2026-07-19T03:00:00,18.772
2026-07-19T04:00:00,17.294
2026-07-19T05:00:00,15.491
2026-07-19T06:00:00,17.235
2026-07-19T07:00:00,14.291
2026-07-19T08:00:00,13.214
2026-07-19T09:00:00,13.726
2026-07-19T10:00:00,14.595
2026-07-19T11:00:00,16.719
2026-07-19T12:00:00,17.225
2026-07-19T13:00:00,20.345
2026-07-19T14:00:00,20.647
2026-07-19T15:00:00,23.530
2026-07-19T16:00:00,26.496
2026-07-19T17:00:00,26.028
2026-07-19T18:00:00,27.705
2026-07-19T19:00:00,25.760
2026-07-19T20:00:00,30.907
2026-07-19T21:00:00,25.710
2026-07-19T22:00:00,28.486
2026-07-19T23:00:00,26.223
2026-07-20T00:00:00,25.475
2026-07-20T01:00:00,24.390
2026-07-20T02:00:00,19.602
2026-07-20T03:00:00,18.671
2026-07-20T04:00:00,18.155
2026-07-20T05:00:00,15.126
2026-07-20T06:00:00,16.222
2026-07-20T07:00:00,11.947
2026-07-20T08:00:00,14.436
2026-07-20T09:00:00,13.176
2026-07-20T10:00:00,13.661
2026-07-20T11:00:00,14.819
2026-07-20T12:00:00,18.805
2026-07-20T13:00:00,19.178
2026-07-20T14:00:00,22.028
2026-07-20T15:00:00,23.479
2026-07-20T16:00:00,24.804
2026-07-20T17:00:00,26.775
2026-07-20T18:00:00,28.323
2026-07-20T19:00:00,28.178
2026-07-20T20:00:00,28.771
2026-07-20T21:00:00,28.596
2026-07-20T22:00:00,27.610
2026-07-20T23:00:00,27.424
2026-01-01T00:00:00,19.052
2026-01-01T01:00:00,17.751
2026-01-01T02:00:00,16.037
2026-01-01T03:00:00,14.012
2026-01-01T04:00:00,11.927
2026-01-01T05:00:00,11.033
2026-01-01T06:00:00,10.571
2026-01-01T07:00:00,10.241
2026-01-01T08:00:00,10.606
2026-01-01T09:00:00,9.486
2026-01-01T10:00:00,10.019
2026-01-01T11:00:00,11.816
2026-01-01T12:00:00,12.715
2026-01-01T13:00:00,14.723
2026-01-01T14:00:00,15.254
2026-01-01T15:00:00,17.603
2026-01-01T16:00:00,16.483
2026-01-01T17:00:00,19.319
2026-01-01T18:00:00,21.774
2026-01-01T19:00:00,22.176
2026-01-01T20:00:00,20.781
2026-01-01T21:00:00,22.204
2026-01-01T22:00:00,20.473
2026-01-01T23:00:00,21.214
2026-01-02T00:00:00,18.336
2026-01-02T01:00:00,17.658
2026-01-02T02:00:00,14.828
2026-01-02T03:00:00,12.986
2026-01-02T04:00:00,13.363
2026-01-02T05:00:00,13.020
2026-01-02T06:00:00,10.155
2026-01-02T07:00:00,10.466
2026-01-02T08:00:00,9.430
2026-01-02T09:00:00,10.950
2026-01-02T10:00:00,10.668
2026-01-02T11:00:00,10.932
2026-01-02T12:00:00,13.215
2026-01-02T13:00:00,14.182
2026-01-02T14:00:00,15.651
2026-01-02T15:00:00,17.409
2026-01-02T16:00:00,16.699
2026-01-02T17:00:00,18.113
2026-01-02T18:00:00,21.088
2026-01-02T19:00:00,17.343
2026-01-02T20:00:00,20.511
2026-01-02T21:00:00,22.754
2026-01-02T22:00:00,20.947
2026-01-02T23:00:00,20.493
2026-01-03T00:00:00,18.729
2026-01-03T01:00:00,15.924
2026-01-03T02:00:00,14.468
2026-01-03T03:00:00,13.228
2026-01-03T04:00:00,12.806
2026-01-03T05:00:00,11.988
2026-01-03T06:00:00,10.277
2026-01-03T07:00:00,10.334
2026-01-03T08:00:00,10.480
2026-01-03T09:00:00,9.446
2026-01-03T10:00:00,11.073
2026-01-03T11:00:00,10.539
2026-01-03T12:00:00,13.186
2026-01-03T13:00:00,14.124
2026-01-03T14:00:00,13.838
2026-01-03T15:00:00,16.287
2026-01-03T16:00:00,17.753
2026-01-03T17:00:00,20.604
2026-01-03T18:00:00,20.386
2026-01-03T19:00:00,19.089
2026-01-03T20:00:00,23.690
2026-01-03T21:00:00,17.831
2026-01-03T22:00:00,18.292
2026-01-03T23:00:00,18.276
2026-01-04T00:00:00,19.752
2026-01-04T01:00:00,14.905
2026-01-04T02:00:00,13.940
2026-01-04T03:00:00,13.830
2026-01-04T04:00:00,11.937
2026-01-04T05:00:00,11.559
2026-01-04T06:00:00,10.518
2026-01-04T07:00:00,10.479
2026-01-04T08:00:00,9.494
2026-01-04T09:00:00,10.594
2026-01-04T10:00:00,9.869
2026-01-04T11:00:00,12.970
2026-01-04T12:00:00,12.974
2026-01-04T13:00:00,14.423
2026-01-04T14:00:00,14.393
2026-01-04T15:00:00,18.141
2026-01-04T16:00:00,20.605
2026-01-04T17:00:00,18.318
2026-01-04T18:00:00,19.838
2026-01-04T19:00:00,21.404
2026-01-04T20:00:00,20.326
2026-01-04T21:00:00,19.178
2026-01-04T22:00:00,20.683
2026-01-04T23:00:00,18.597
2026-01-05T00:00:00,17.831
2026-01-05T01:00:00,18.030
2026-01-05T02:00:00,14.406
2026-01-05T03:00:00,13.638
2026-01-05T04:00:00,12.337
2026-01-05T05:00:00,12.227
2026-01-05T06:00:00,10.256
2026-01-05T07:00:00,10.786
2026-01-05T08:00:00,9.723
2026-01-05T09:00:00,10.997
2026-01-05T10:00:00,11.131
2026-01-05T11:00:00,12.519
2026-01-05T12:00:00,12.993
2026-01-05T13:00:00,14.874
2026-01-05T14:00:00,15.190
2026-01-05T15:00:00,16.469
2026-01-05T16:00:00,18.583
2026-01-05T17:00:00,17.447
2026-01-05T18:00:00,20.797
2026-01-05T19:00:00,20.264
2026-01-05T20:00:00,18.902
2026-01-05T21:00:00,23.586
2026-01-05T22:00:00,20.330
2026-01-05T23:00:00,19.998
2026-01-06T00:00:00,19.108
2026-01-06T01:00:00,17.397
2026-01-06T02:00:00,15.889
2026-01-06T03:00:00,13.184
2026-01-06T04:00:00,10.841
2026-01-06T05:00:00,11.349
2026-01-06T06:00:00,10.538
2026-01-06T07:00:00,10.242
2026-01-06T08:00:00,9.813
2026-01-06T09:00:00,9.565
2026-01-06T10:00:00,8.985
2026-01-06T11:00:00,12.204
2026-01-06T12:00:00,13.524
2026-01-06T13:00:00,14.423
2026-01-06T14:00:00,15.851
2026-01-06T15:00:00,16.401
2026-01-06T16:00:00,20.023
2026-01-06T17:00:00,18.604
2026-01-06T18:00:00,20.781
2026-01-06T19:00:00,18.401
2026-01-06T20:00:00,20.023
2026-01-06T21:00:00,20.284
2026-01-06T22:00:00,17.896
2026-01-06T23:00:00,18.245
2026-01-07T00:00:00,18.022
2026-01-07T01:00:00,15.096
2026-01-07T02:00:00,16.432
2026-01-07T03:00:00,14.294
2026-01-07T04:00:00,13.097
2026-01-07T05:00:00,11.321
2026-01-07T06:00:00,10.500
2026-01-07T07:00:00,10.174
2026-01-07T08:00:00,10.277
2026-01-07T09:00:00,10.008
2026-01-07T10:00:00,10.428
2026-01-07T11:00:00,11.541
2026-01-07T12:00:00,11.225
2026-01-07T13:00:00,14.524
2026-01-07T14:00:00,14.298
2026-01-07T15:00:00,16.835
2026-01-07T16:00:00,17.289
2026-01-07T17:00:00,18.841
2026-01-07T18:00:00,21.257
2026-01-07T19:00:00,19.208
2026-01-07T20:00:00,19.065
2026-01-07T21:00:00,19.577
2026-01-07T22:00:00,21.838
2026-01-07T23:00:00,18.004
2026-01-08T00:00:00,17.291
2026-01-08T01:00:00,15.577
2026-01-08T02:00:00,16.529
2026-01-08T03:00:00,13.250
2026-01-08T04:00:00,11.354
2026-01-08T05:00:00,10.494
2026-01-08T06:00:00,10.179
2026-01-08T07:00:00,11.179
2026-01-08T08:00:00,10.193
2026-01-08T09:00:00,10.365
2026-01-08T10:00:00,9.859
2026-01-08T11:00:00,10.555
2026-01-08T12:00:00,12.309
2026-01-08T13:00:00,14.431
2026-01-08T14:00:00,15.653
2026-01-08T15:00:00,17.343
2026-01-08T16:00:00,18.813
2026-01-08T17:00:00,18.961
2026-01-08T18:00:00,21.387
2026-01-08T19:00:00,19.788
2026-01-08T20:00:00,19.932
2026-01-08T21:00:00,19.839
2026-01-08T22:00:00,20.660
2026-01-08T23:00:00,19.565
2026-01-09T00:00:00,17.692
2026-01-09T01:00:00,17.580
2026-01-09T02:00:00,16.656
2026-01-09T03:00:00,13.302
2026-01-09T04:00:00,12.035
2026-01-09T05:00:00,11.642
2026-01-09T06:00:00,10.954
2026-01-09T07:00:00,11.204
2026-01-09T08:00:00,9.861
2026-01-09T09:00:00,10.181
2026-01-09T10:00:00,11.019
2026-01-09T11:00:00,12.402
2026-01-09T12:00:00,13.987
2026-01-09T13:00:00,14.307
2026-01-09T14:00:00,15.688
2026-01-09T15:00:00,17.057
2026-01-09T16:00:00,17.941
2026-01-09T17:00:00,18.029
2026-01-09T18:00:00,20.430
2026-01-09T19:00:00,20.219
2026-01-09T20:00:00,21.721
2026-01-09T21:00:00,21.041
2026-01-09T22:00:00,20.309
2026-01-09T23:00:00,18.537
2026-01-10T00:00:00,14.306
2026-01-10T01:00:00,16.642
2026-01-10T02:00:00,14.566
2026-01-10T03:00:00,14.522
2026-01-10T04:00:00,11.837
2026-01-10T05:00:00,11.311
2026-01-10T06:00:00,11.785
2026-01-10T07:00:00,10.019
2026-01-10T08:00:00,9.787
2026-01-10T09:00:00,10.491
2026-01-10T10:00:00,10.662
2026-01-10T11:00:00,12.022
2026-01-10T12:00:00,12.755
2026-01-10T13:00:00,15.712
2026-01-10T14:00:00,14.630
2026-01-10T15:00:00,15.318
2026-01-10T16:00:00,18.879
2026-01-10T17:00:00,19.380
2026-01-10T18:00:00,21.706
2026-01-10T19:00:00,18.895
2026-01-10T20:00:00,19.773
2026-01-10T21:00:00,19.316
2026-01-10T22:00:00,20.028
2026-01-10T23:00:00,19.860
2026-01-11T00:00:00,17.449
2026-01-11T01:00:00,16.096
2026-01-11T02:00:00,14.118
2026-01-11T03:00:00,13.527
2026-01-11T04:00:00,11.058
2026-01-11T05:00:00,10.947
2026-01-11T06:00:00,9.978
2026-01-11T07:00:00,9.928
2026-01-11T08:00:00,10.360
2026-01-11T09:00:00,10.678
2026-01-11T10:00:00,12.000
2026-01-11T11:00:00,11.483
2026-01-11T12:00:00,12.994
2026-01-11T13:00:00,14.255
2026-01-11T14:00:00,14.480
2026-01-11T15:00:00,15.976
2026-01-11T16:00:00,16.859
2026-01-11T17:00:00,19.502
2026-01-11T18:00:00,18.769
2026-01-11T19:00:00,21.782
2026-01-11T20:00:00,18.725
2026-01-11T21:00:00,19.622
2026-01-11T22:00:00,20.676
2026-01-11T23:00:00,19.185
2026-01-12T00:00:00,17.611
2026-01-12T01:00:00,17.909
2026-01-12T02:00:00,16.426
2026-01-12T03:00:00,12.506
2026-01-12T04:00:00,12.521
2026-01-12T05:00:00,10.721
2026-01-12T06:00:00,10.818
2026-01-12T07:00:00,10.752
2026-01-12T08:00:00,10.396
2026-01-12T09:00:00,10.333
2026-01-12T10:00:00,10.538
2026-01-12T11:00:00,10.409
2026-01-12T12:00:00,11.994
2026-01-12T13:00:00,12.617
2026-01-12T14:00:00,15.812
2026-01-12T15:00:00,17.136
2026-01-12T16:00:00,17.445
2026-01-12T17:00:00,18.466
2026-01-12T18:00:00,20.372
2026-01-12T19:00:00,18.741
2026-01-12T20:00:00,21.087
2026-01-12T21:00:00,19.428
2026-01-12T22:00:00,20.004
2026-01-12T23:00:00,18.987
2026-01-13T00:00:00,17.298
2026-01-13T01:00:00,16.689
2026-01-13T02:00:00,16.804
2026-01-13T03:00:00,14.083
2026-01-13T04:00:00,12.275
2026-01-13T05:00:00,12.365
2026-01-13T06:00:00,10.096
2026-01-13T07:00:00,10.289
2026-01-13T08:00:00,10.918
2026-01-13T09:00:00,10.258
2026-01-13T10:00:00,10.931
2026-01-13T11:00:00,11.444
2026-01-13T12:00:00,12.889
2026-01-13T13:00:00,14.257
2026-01-13T14:00:00,16.007
2026-01-13T15:00:00,16.373
2026-01-13T16:00:00,18.048
2026-01-13T17:00:00,18.822
2026-01-13T18:00:00,20.600
2026-01-13T19:00:00,21.817
2026-01-13T20:00:00,20.270
2026-01-13T21:00:00,18.901
2026-01-13T22:00:00,20.813
2026-01-13T23:00:00,19.168
2026-01-14T00:00:00,19.397
2026-01-14T01:00:00,16.425
2026-01-14T02:00:00,15.055
2026-01-14T03:00:00,15.071
2026-01-14T04:00:00,12.897
2026-01-14T05:00:00,10.832
2026-01-14T06:00:00,11.211
2026-01-14T07:00:00,10.145
2026-01-14T08:00:00,9.447
2026-01-14T09:00:00,10.801
2026-01-14T10:00:00,9.518
2026-01-14T11:00:00,11.598
2026-01-14T12:00:00,12.708
2026-01-14T13:00:00,13.303
2026-01-14T14:00:00,13.567
2026-01-14T15:00:00,16.262
2026-01-14T16:00:00,16.662
2026-01-14T17:00:00,19.038
2026-01-14T18:00:00,20.999
2026-01-14T19:00:00,21.054
2026-01-14T20:00:00,20.648
2026-01-14T21:00:00,19.764
2026-01-14T22:00:00,18.379
2026-01-14T23:00:00,20.497
2026-01-15T00:00:00,19.228
2026-01-15T01:00:00,16.526
2026-01-15T02:00:00,14.481
2026-01-15T03:00:00,15.074
2026-01-15T04:00:00,14.603
2026-01-15T05:00:00,12.007
2026-01-15T06:00:00,9.758
2026-01-15T07:00:00,9.777
2026-01-15T08:00:00,9.820
2026-01-15T09:00:00,9.966
2026-01-15T10:00:00,10.669
2026-01-15T11:00:00,11.422
2026-01-15T12:00:00,11.775
2026-01-15T13:00:00,14.376
2026-01-15T14:00:00,14.916
2026-01-15T15:00:00,16.326
2026-01-15T16:00:00,18.435
2026-01-15T17:00:00,19.330
2026-01-15T18:00:00,19.776
2026-01-15T19:00:00,20.058
2026-01-15T20:00:00,20.528
2026-01-15T21:00:00,21.067
2026-01-15T22:00:00,20.292
2026-01-15T23:00:00,19.568
2026-01-16T00:00:00,19.226
2026-01-16T01:00:00,15.346
2026-01-16T02:00:00,14.795
2026-01-16T03:00:00,14.368
2026-01-16T04:00:00,10.982
2026-01-16T05:00:00,10.866
2026-01-16T06:00:00,10.229
2026-01-16T07:00:00,10.155
2026-01-16T08:00:00,9.393
2026-01-16T09:00:00,10.343
2026-01-16T10:00:00,10.389
2026-01-16T11:00:00,11.262
2026-01-16T12:00:00,11.890
2026-01-16T13:00:00,12.822
2026-01-16T14:00:00,12.139
2026-01-16T15:00:00,16.939
2026-01-16T16:00:00,19.724
2026-01-16T17:00:00,18.745
2026-01-16T18:00:00,19.884
2026-01-16T19:00:00,18.784
2026-01-16T20:00:00,19.705
2026-01-16T21:00:00,21.570
2026-01-16T22:00:00,18.452
2026-01-16T23:00:00,17.589
2026-01-17T00:00:00,16.057
2026-01-17T01:00:00,18.032
2026-01-17T02:00:00,16.497
2026-01-17T03:00:00,13.982
2026-01-17T04:00:00,13.703
2026-01-17T05:00:00,11.073
2026-01-17T06:00:00,10.777
2026-01-17T07:00:00,9.223
2026-01-17T08:00:00,9.885
2026-01-17T09:00:00,11.999
2026-01-17T10:00:00,11.094
2026-01-17T11:00:00,11.034
2026-01-17T12:00:00,12.193
2026-01-17T13:00:00,14.377
2026-01-17T14:00:00,16.442
2026-01-17T15:00:00,16.995
2026-01-17T16:00:00,17.203
2026-01-17T17:00:00,18.220
2026-01-17T18:00:00,20.689
2026-01-17T19:00:00,21.133
2026-01-17T20:00:00,20.012
2026-01-17T21:00:00,21.356
2026-01-17T22:00:00,17.212
2026-01-17T23:00:00,20.352
2026-01-18T00:00:00,17.415
2026-01-18T01:00:00,16.621
2026-01-18T02:00:00,15.115
2026-01-18T03:00:00,14.440
2026-01-18T04:00:00,12.005
2026-01-18T05:00:00,11.965
2026-01-18T06:00:00,9.696
2026-01-18T07:00:00,9.866
2026-01-18T08:00:00,10.030
2026-01-18T09:00:00,10.191
2026-01-18T10:00:00,10.680
2026-01-18T11:00:00,11.766
2026-01-18T12:00:00,12.986
2026-01-18T13:00:00,14.905
2026-01-18T14:00:00,15.198
2026-01-18T15:00:00,14.239
2026-01-18T16:00:00,19.081
2026-01-18T17:00:00,18.984
2026-01-18T18:00:00,20.051
2026-01-18T19:00:00,19.280
2026-01-18T20:00:00,22.740
2026-01-18T21:00:00,20.859
2026-01-18T22:00:00,22.263
2026-01-18T23:00:00,19.505
2026-01-19T00:00:00,18.062
2026-01-19T01:00:00,15.257
2026-01-19T02:00:00,16.412
2026-01-19T03:00:00,12.739
2026-01-19T04:00:00,12.867
2026-01-19T05:00:00,11.829
2026-01-19T06:00:00,11.473
2026-01-19T07:00:00,10.549
2026-01-19T08:00:00,9.832
2026-01-19T09:00:00,10.613
2026-01-19T10:00:00,9.937
2026-01-19T11:00:00,11.357
2026-01-19T12:00:00,13.219
2026-01-19T13:00:00,12.817
2026-01-19T14:00:00,15.555
2026-01-19T15:00:00,15.674
2026-01-19T16:00:00,18.403
2026-01-19T17:00:00,18.534
2026-01-19T18:00:00,20.751
2026-01-19T19:00:00,19.216
2026-01-19T20:00:00,20.790
2026-01-19T21:00:00,19.480
2026-01-19T22:00:00,17.413
2026-01-19T23:00:00,18.210
2026-01-20T00:00:00,17.306
2026-01-20T01:00:00,17.067
2026-01-20T02:00:00,15.045
2026-01-20T03:00:00,14.956
2026-01-20T04:00:00,12.015
2026-01-20T05:00:00,11.356
2026-01-20T06:00:00,9.346
2026-01-20T07:00:00,9.917
2026-01-20T08:00:00,9.624
2026-01-20T09:00:00,8.928
2026-01-20T10:00:00,9.515
2026-01-20T11:00:00,10.965
2026-01-20T12:00:00,12.655
2026-01-20T13:00:00,15.170
2026-01-20T14:00:00,15.347
2026-01-20T15:00:00,17.510
2026-01-20T16:00:00,18.037
2026-01-20T17:00:00,18.720
2026-01-20T18:00:00,17.262
2026-01-20T19:00:00,20.421
2026-01-20T20:00:00,20.243
2026-01-20T21:00:00,20.903
2026-01-20T22:00:00,19.531
2026-01-20T23:00:00,18.935
2026-01-21T00:00:00,18.419
2026-01-21T01:00:00,17.083
2026-01-21T02:00:00,14.507
2026-01-21T03:00:00,12.981
2026-01-21T04:00:00,11.970
2026-01-21T05:00:00,11.918
2026-01-21T06:00:00,10.735
2026-01-21T07:00:00,10.395
2026-01-21T08:00:00,9.877
2026-01-21T09:00:00,9.433
2026-01-21T10:00:00,10.672
2026-01-21T11:00:00,10.151
2026-01-21T12:00:00,10.951
2026-01-21T13:00:00,15.003
2026-01-21T14:00:00,15.534
2026-01-21T15:00:00,16.861
2026-01-21T16:00:00,19.684
2026-01-21T17:00:00,19.977
2026-01-21T18:00:00,20.769
2026-01-21T19:00:00,19.615
2026-01-21T20:00:00,21.391
2026-01-21T21:00:00,19.901
2026-01-21T22:00:00,22.403
2026-01-21T23:00:00,18.899
2026-01-22T00:00:00,19.501
2026-01-22T01:00:00,16.851
2026-01-22T02:00:00,16.642
2026-01-22T03:00:00,13.400
2026-01-22T04:00:00,13.119
2026-01-22T05:00:00,11.057
2026-01-22T06:00:00,11.034
2026-01-22T07:00:00,10.842
2026-01-22T08:00:00,10.009
2026-01-22T09:00:00,10.247
2026-01-22T10:00:00,10.181
2026-01-22T11:00:00,11.369
2026-01-22T12:00:00,13.816
2026-01-22T13:00:00,15.486
2026-01-22T14:00:00,16.761
2026-01-22T15:00:00,16.616
2026-01-22T16:00:00,18.164
2026-01-22T17:00:00,19.013
2026-01-22T18:00:00,20.535
2026-01-22T19:00:00,20.154
2026-01-22T20:00:00,20.432
2026-01-22T21:00:00,20.980
2026-01-22T22:00:00,19.096
2026-01-22T23:00:00,22.227
2026-01-23T00:00:00,16.935
2026-01-23T01:00:00,18.935
2026-01-23T02:00:00,14.286
2026-01-23T03:00:00,13.902
2026-01-23T04:00:00,12.898
2026-01-23T05:00:00,10.706
2026-01-23T06:00:00,10.422
2026-01-23T07:00:00,9.524
2026-01-23T08:00:00,9.775
2026-01-23T09:00:00,10.269
2026-01-23T10:00:00,9.755
2026-01-23T11:00:00,11.020
2026-01-23T12:00:00,13.803
2026-01-23T13:00:00,13.524
2026-01-23T14:00:00,14.997
2026-01-23T15:00:00,16.705
2026-01-23T16:00:00,17.691
2026-01-23T17:00:00,19.602
2026-01-23T18:00:00,21.728
2026-01-23T19:00:00,21.430
2026-01-23T20:00:00,20.342
2026-01-23T21:00:00,20.372
2026-01-23T22:00:00,20.442
2026-01-23T23:00:00,17.734
2026-01-24T00:00:00,18.222
2026-01-24T01:00:00,17.054
2026-01-24T02:00:00,15.108
2026-01-24T03:00:00,12.857
2026-01-24T04:00:00,11.701
2026-01-24T05:00:00,10.080
2026-01-24T06:00:00,10.856
2026-01-24T07:00:00,10.246
2026-01-24T08:00:00,9.634
2026-01-24T09:00:00,10.126
2026-01-24T10:00:00,11.441
2026-01-24T11:00:00,11.712
2026-01-24T12:00:00,12.483
2026-01-24T13:00:00,13.753
2026-01-24T14:00:00,14.089
2026-01-24T15:00:00,16.271
2026-01-24T16:00:00,18.635
2026-01-24T17:00:00,18.217
2026-01-24T18:00:00,18.817
2026-01-24T19:00:00,20.164
2026-01-24T20:00:00,22.669
2026-01-24T21:00:00,19.685
2026-01-24T22:00:00,17.480
2026-01-24T23:00:00,18.863
2026-01-25T00:00:00,17.801
2026-01-25T01:00:00,17.056
2026-01-25T02:00:00,15.266
2026-01-25T03:00:00,14.790
2026-01-25T04:00:00,14.082
2026-01-25T05:00:00,12.030
2026-01-25T06:00:00,10.626
2026-01-25T07:00:00,10.595
2026-01-25T08:00:00,10.052
2026-01-25T09:00:00,10.068
2026-01-25T10:00:00,10.257
2026-01-25T11:00:00,11.720
2026-01-25T12:00:00,13.154
2026-01-25T13:00:00,14.508
2026-01-25T14:00:00,13.183
2026-01-25T15:00:00,15.902
2026-01-25T16:00:00,17.114
2026-01-25T17:00:00,18.369
2026-01-25T18:00:00,19.377
2026-01-25T19:00:00,19.379
2026-01-25T20:00:00,21.590
2026-01-25T21:00:00,21.230
2026-01-25T22:00:00,21.715
2026-01-25T23:00:00,19.463
2026-01-26T00:00:00,18.183
2026-01-26T01:00:00,16.769
2026-01-26T02:00:00,14.109
2026-01-26T03:00:00,13.689
2026-01-26T04:00:00,11.874
2026-01-26T05:00:00,11.765
2026-01-26T06:00:00,10.627
2026-01-26T07:00:00,9.846
2026-01-26T08:00:00,9.369
2026-01-26T09:00:00,9.396
2026-01-26T10:00:00,11.828
2026-01-26T11:00:00,10.887
2026-01-26T12:00:00,12.156
2026-01-26T13:00:00,15.287
2026-01-26T14:00:00,16.336
2026-01-26T15:00:00,17.598
2026-01-26T16:00:00,16.476
2026-01-26T17:00:00,18.549
2026-01-26T18:00:00,19.595
2026-01-26T19:00:00,21.121
2026-01-26T20:00:00,21.269
2026-01-26T21:00:00,23.129
2026-01-26T22:00:00,17.441
2026-01-26T23:00:00,20.487
2026-01-27T00:00:00,16.490
2026-01-27T01:00:00,17.976
2026-01-27T02:00:00,17.997
2026-01-27T03:00:00,13.515
2026-01-27T04:00:00,12.140
2026-01-27T05:00:00,11.266
2026-01-27T06:00:00,10.895
2026-01-27T07:00:00,11.111
2026-01-27T08:00:00,9.828
2026-01-27T09:00:00,10.285
2026-01-27T10:00:00,9.601
2026-01-27T11:00:00,11.555
2026-01-27T12:00:00,13.558
2026-01-27T13:00:00,13.885
2026-01-27T14:00:00,15.122
2026-01-27T15:00:00,16.786
2026-01-27T16:00:00,17.794
2026-01-27T17:00:00,21.073
2026-01-27T18:00:00,19.136
2026-01-27T19:00:00,18.012
2026-01-27T20:00:00,21.180
2026-01-27T21:00:00,20.661
2026-01-27T22:00:00,18.386
2026-01-27T23:00:00,20.748
2026-01-28T00:00:00,20.419
2026-01-28T01:00:00,17.535
2026-01-28T02:00:00,15.154
2026-01-28T03:00:00,16.046
2026-01-28T04:00:00,12.975
2026-01-28T05:00:00,11.193
2026-01-28T06:00:00,10.080
2026-01-28T07:00:00,10.407
2026-01-28T08:00:00,9.769
2026-01-28T09:00:00,9.340
2026-01-28T10:00:00,10.529
2026-01-28T11:00:00,11.286
2026-01-28T12:00:00,11.353
2026-01-28T13:00:00,14.403
2026-01-28T14:00:00,15.836
2026-01-28T15:00:00,15.572
2026-01-28T16:00:00,17.378
2026-01-28T17:00:00,18.973
2026-01-28T18:00:00,19.234
2026-01-28T19:00:00,20.926
2026-01-28T20:00:00,20.598
2026-01-28T21:00:00,22.425
2026-01-28T22:00:00,19.027
2026-01-28T23:00:00,19.919
2026-01-29T00:00:00,16.051
2026-01-29T01:00:00,16.293
2026-01-29T02:00:00,14.524
2026-01-29T03:00:00,12.737
2026-01-29T04:00:00,13.063
2026-01-29T05:00:00,10.910
2026-01-29T06:00:00,10.483
2026-01-29T07:00:00,9.832
2026-01-29T08:00:00,10.047
2026-01-29T09:00:00,9.951
2026-01-29T10:00:00,10.617
2026-01-29T11:00:00,12.185
2026-01-29T12:00:00,12.286
2026-01-29T13:00:00,13.933
2026-01-29T14:00:00,14.712
2026-01-29T15:00:00,18.015
2026-01-29T16:00:00,18.806
2026-01-29T17:00:00,20.496
2026-01-29T18:00:00,19.653
2026-01-29T19:00:00,22.017
2026-01-29T20:00:00,21.902
2026-01-29T21:00:00,20.706
2026-01-29T22:00:00,21.633
2026-01-29T23:00:00,20.573
2026-01-30T00:00:00,18.380
2026-01-30T01:00:00,16.652
2026-01-30T02:00:00,14.146
2026-01-30T03:00:00,13.953
2026-01-30T04:00:00,12.297
2026-01-30T05:00:00,11.385
2026-01-30T06:00:00,9.550
2026-01-30T07:00:00,10.013
2026-01-30T08:00:00,9.953
2026-01-30T09:00:00,8.770
2026-01-30T10:00:00,11.231
2026-01-30T11:00:00,12.070
2026-01-30T12:00:00,12.764
2026-01-30T13:00:00,14.040
2026-01-30T14:00:00,14.554
2026-01-30T15:00:00,14.979
2026-01-30T16:00:00,17.202
2026-01-30T17:00:00,19.942
2026-01-30T18:00:00,19.509
2026-01-30T19:00:00,21.638
2026-01-30T20:00:00,20.167
2026-01-30T21:00:00,21.662
2026-01-30T22:00:00,21.743
2026-01-30T23:00:00,20.571
2026-01-31T00:00:00,15.805
2026-01-31T01:00:00,17.316
2026-01-31T02:00:00,16.124
2026-01-31T03:00:00,12.381
2026-01-31T04:00:00,14.287
2026-01-31T05:00:00,11.734
2026-01-31T06:00:00,10.463
2026-01-31T07:00:00,10.473
2026-01-31T08:00:00,10.507
2026-01-31T09:00:00,10.282
2026-01-31T10:00:00,11.284
2026-01-31T11:00:00,12.132
2026-01-31T12:00:00,11.472
2026-01-31T13:00:00,14.484
2026-01-31T14:00:00,14.318
2026-01-31T15:00:00,16.268
2026-01-31T16:00:00,17.598
2026-01-31T17:00:00,19.753
2026-01-31T18:00:00,20.019
2026-01-31T19:00:00,20.467
2026-01-31T20:00:00,20.224
2026-01-31T21:00:00,17.791
2026-01-31T22:00:00,19.766
2026-01-31T23:00:00,19.846
2026-02-01T00:00:00,21.297
2026-02-01T01:00:00,21.403
2026-02-01T02:00:00,18.042
2026-02-01T03:00:00,16.804
2026-02-01T04:00:00,15.413
2026-02-01T05:00:00,13.576
2026-02-01T06:00:00,12.382
2026-02-01T07:00:00,11.733
2026-02-01T08:00:00,12.113
2026-02-01T09:00:00,11.388
2026-02-01T10:00:00,12.346
2026-02-01T11:00:00,13.833
2026-02-01T12:00:00,14.275
2026-02-01T13:00:00,17.234
2026-02-01T14:00:00,18.500
2026-02-01T15:00:00,20.860
2026-02-01T16:00:00,19.759
2026-02-01T17:00:00,22.114
2026-02-01T18:00:00,24.768
2026-02-01T19:00:00,27.105
2026-02-01T20:00:00,25.566
2026-02-01T21:00:00,23.856
2026-02-01T22:00:00,22.002
2026-02-01T23:00:00,21.862
2026-02-02T00:00:00,20.473
2026-02-02T01:00:00,19.705
2026-02-02T02:00:00,16.845
2026-02-02T03:00:00,15.800
2026-02-02T04:00:00,14.860
2026-02-02T05:00:00,13.571
2026-02-02T06:00:00,12.469
2026-02-02T07:00:00,11.332
2026-02-02T08:00:00,10.840
2026-02-02T09:00:00,11.738
2026-02-02T10:00:00,13.551
2026-02-02T11:00:00,13.210
2026-02-02T12:00:00,13.430
2026-02-02T13:00:00,15.469
2026-02-02T14:00:00,17.457
2026-02-02T15:00:00,20.388
2026-02-02T16:00:00,19.422
2026-02-02T17:00:00,23.735
2026-02-02T18:00:00,22.885
2026-02-02T19:00:00,23.428
2026-02-02T20:00:00,23.812
2026-02-02T21:00:00,24.222
2026-02-02T22:00:00,21.722
2026-02-02T23:00:00,20.324
2026-02-03T00:00:00,22.710
2026-02-03T01:00:00,19.744
2026-02-03T02:00:00,19.191
2026-02-03T03:00:00,15.700
2026-02-03T04:00:00,15.110
2026-02-03T05:00:00,12.711
2026-02-03T06:00:00,11.865
2026-02-03T07:00:00,11.590
2026-02-03T08:00:00,10.267
2026-02-03T09:00:00,12.774
2026-02-03T10:00:00,12.800
2026-02-03T11:00:00,12.218
2026-02-03T12:00:00,15.372
2026-02-03T13:00:00,17.851
2026-02-03T14:00:00,16.324
2026-02-03T15:00:00,18.221
2026-02-03T16:00:00,21.796
2026-02-03T17:00:00,23.838
2026-02-03T18:00:00,22.585
2026-02-03T19:00:00,21.280
2026-02-03T20:00:00,20.765
2026-02-03T21:00:00,23.821
2026-02-03T22:00:00,25.685
2026-02-03T23:00:00,24.229
2026-02-04T00:00:00,20.845
2026-02-04T01:00:00,19.789
2026-02-04T02:00:00,18.879
2026-02-04T03:00:00,15.769
2026-02-04T04:00:00,15.149
2026-02-04T05:00:00,14.034
2026-02-04T06:00:00,11.889
2026-02-04T07:00:00,12.305
2026-02-04T08:00:00,11.813
2026-02-04T09:00:00,11.534
2026-02-04T10:00:00,12.186
2026-02-04T11:00:00,14.260
2026-02-04T12:00:00,14.881
2026-02-04T13:00:00,16.077
2026-02-04T14:00:00,19.883
2026-02-04T15:00:00,18.814
2026-02-04T16:00:00,22.303
2026-02-04T17:00:00,21.312
2026-02-04T18:00:00,24.872
2026-02-04T19:00:00,27.026
2026-02-04T20:00:00,23.671
2026-02-04T21:00:00,22.390
2026-02-04T22:00:00,23.919
2026-02-04T23:00:00,23.685
2026-02-05T00:00:00,21.857
2026-02-05T01:00:00,18.337
2026-02-05T02:00:00,20.209
2026-02-05T03:00:00,16.289
2026-02-05T04:00:00,15.198
2026-02-05T05:00:00,12.001
2026-02-05T06:00:00,12.141
2026-02-05T07:00:00,12.232
2026-02-05T08:00:00,11.464
2026-02-05T09:00:00,13.590
2026-02-05T10:00:00,13.142
2026-02-05T11:00:00,13.633
2026-02-05T12:00:00,15.117
2026-02-05T13:00:00,13.694
2026-02-05T14:00:00,16.960
2026-02-05T15:00:00,18.955
2026-02-05T16:00:00,20.212
2026-02-05T17:00:00,22.010
2026-02-05T18:00:00,23.771
2026-02-05T19:00:00,26.472
2026-02-05T20:00:00,23.833
2026-02-05T21:00:00,23.331
2026-02-05T22:00:00,22.932
2026-02-05T23:00:00,22.765
2026-02-06T00:00:00,20.171
2026-02-06T01:00:00,19.509
2026-02-06T02:00:00,19.114
2026-02-06T03:00:00,16.890
2026-02-06T04:00:00,14.577
2026-02-06T05:00:00,13.152
2026-02-06T06:00:00,11.604
2026-02-06T07:00:00,12.761
2026-02-06T08:00:00,11.774
2026-02-06T09:00:00,11.036
2026-02-06T10:00:00,11.329
2026-02-06T11:00:00,13.892
2026-02-06T12:00:00,16.302
2026-02-06T13:00:00,15.468
2026-02-06T14:00:00,16.818
2026-02-06T15:00:00,17.541
2026-02-06T16:00:00,21.467
2026-02-06T17:00:00,21.742
2026-02-06T18:00:00,22.872
2026-02-06T19:00:00,25.478
2026-02-06T20:00:00,26.253
2026-02-06T21:00:00,23.225
2026-02-06T22:00:00,22.055
2026-02-06T23:00:00,23.365
2026-02-07T00:00:00,20.390
2026-02-07T01:00:00,20.169
2026-02-07T02:00:00,18.418
2026-02-07T03:00:00,16.912
2026-02-07T04:00:00,15.665
2026-02-07T05:00:00,12.971
2026-02-07T06:00:00,13.222
2026-02-07T07:00:00,11.325
2026-02-07T08:00:00,12.731
2026-02-07T09:00:00,12.008
2026-02-07T10:00:00,13.370
2026-02-07T11:00:00,11.432
2026-02-07T12:00:00,15.286
2026-02-07T13:00:00,15.557
2026-02-07T14:00:00,18.193
2026-02-07T15:00:00,20.909
2026-02-07T16:00:00,22.484
2026-02-07T17:00:00,22.948
2026-02-07T18:00:00,23.046
2026-02-07T19:00:00,24.768
2026-02-07T20:00:00,22.693
2026-02-07T21:00:00,25.375
2026-02-07T22:00:00,21.610
2026-02-07T23:00:00,21.747
2026-02-08T00:00:00,22.229
2026-02-08T01:00:00,17.973
2026-02-08T02:00:00,18.941
2026-02-08T03:00:00,15.286
2026-02-08T04:00:00,15.270
2026-02-08T05:00:00,13.615
2026-02-08T06:00:00,12.800
2026-02-08T07:00:00,11.907
2026-02-08T08:00:00,11.070
2026-02-08T09:00:00,12.421
2026-02-08T10:00:00,13.693
2026-02-08T11:00:00,13.368
2026-02-08T12:00:00,14.777
2026-02-08T13:00:00,15.818
2026-02-08T14:00:00,18.292
2026-02-08T15:00:00,21.125
2026-02-08T16:00:00,21.504
2026-02-08T17:00:00,19.194
2026-02-08T18:00:00,23.165
2026-02-08T19:00:00,22.634
2026-02-08T20:00:00,24.374
2026-02-08T21:00:00,22.035
2026-02-08T22:00:00,25.831
2026-02-08T23:00:00,22.279
2026-02-09T00:00:00,21.171
2026-02-09T01:00:00,21.720
2026-02-09T02:00:00,17.394
2026-02-09T03:00:00,17.384
2026-02-09T04:00:00,14.195
2026-02-09T05:00:00,13.219
2026-02-09T06:00:00,12.630
2026-02-09T07:00:00,12.363
2026-02-09T08:00:00,10.678
2026-02-09T09:00:00,11.949
2026-02-09T10:00:00,13.221
2026-02-09T11:00:00,13.876
2026-02-09T12:00:00,16.303
2026-02-09T13:00:00,15.966
2026-02-09T14:00:00,17.639
2026-02-09T15:00:00,19.329
2026-02-09T16:00:00,22.186
2026-02-09T17:00:00,23.997
2026-02-09T18:00:00,24.369
2026-02-09T19:00:00,25.619
2026-02-09T20:00:00,23.877
2026-02-09T21:00:00,24.185
2026-02-09T22:00:00,24.350
2026-02-09T23:00:00,23.875
2026-02-10T00:00:00,22.796
2026-02-10T01:00:00,20.782
2026-02-10T02:00:00,18.273
2026-02-10T03:00:00,18.333
2026-02-10T04:00:00,16.763
2026-02-10T05:00:00,12.479
2026-02-10T06:00:00,11.823
2026-02-10T07:00:00,12.088
2026-02-10T08:00:00,11.276
2026-02-10T09:00:00,12.874
2026-02-10T10:00:00,12.488
2026-02-10T11:00:00,12.374
2026-02-10T12:00:00,13.925
2026-02-10T13:00:00,16.523
2026-02-10T14:00:00,17.730
2026-02-10T15:00:00,20.388
2026-02-10T16:00:00,22.992
2026-02-10T17:00:00,24.889
2026-02-10T18:00:00,23.087
2026-02-10T19:00:00,22.481
2026-02-10T20:00:00,24.175
2026-02-10T21:00:00,25.241
2026-02-10T22:00:00,21.809
2026-02-10T23:00:00,21.552
2026-02-11T00:00:00,19.314
2026-02-11T01:00:00,18.682
2026-02-11T02:00:00,18.424
2026-02-11T03:00:00,16.866
2026-02-11T04:00:00,14.773
2026-02-11T05:00:00,13.887
2026-02-11T06:00:00,13.138
2026-02-11T07:00:00,11.696
2026-02-11T08:00:00,12.464
2026-02-11T09:00:00,11.324
2026-02-11T10:00:00,13.530
2026-02-11T11:00:00,14.955
2026-02-11T12:00:00,13.554
2026-02-11T13:00:00,17.092
2026-02-11T14:00:00,17.958
2026-02-11T15:00:00,20.299
2026-02-11T16:00:00,20.509
2026-02-11T17:00:00,23.504
2026-02-11T18:00:00,24.605
2026-02-11T19:00:00,24.847
2026-02-11T20:00:00,24.712
2026-02-11T21:00:00,24.156
2026-02-11T22:00:00,22.414
2026-02-11T23:00:00,19.191
2026-02-12T00:00:00,19.475
2026-02-12T01:00:00,19.716
2026-02-12T02:00:00,18.431
2026-02-12T03:00:00,16.154
2026-02-12T04:00:00,14.579
2026-02-12T05:00:00,13.672
2026-02-12T06:00:00,12.658
2026-02-12T07:00:00,11.515
2026-02-12T08:00:00,12.973
2026-02-12T09:00:00,11.980
2026-02-12T10:00:00,12.412
2026-02-12T11:00:00,13.049
2026-02-12T12:00:00,13.895
2026-02-12T13:00:00,17.098
2026-02-12T14:00:00,18.728
2026-02-12T15:00:00,20.084
2026-02-12T16:00:00,18.823
2026-02-12T17:00:00,24.594
2026-02-12T18:00:00,23.451
2026-02-12T19:00:00,22.140
2026-02-12T20:00:00,26.625
2026-02-12T21:00:00,23.102
2026-02-12T22:00:00,24.525
2026-02-12T23:00:00,22.676
2026-02-13T00:00:00,21.794
2026-02-13T01:00:00,18.214
2026-02-13T02:00:00,17.078
2026-02-13T03:00:00,19.154
2026-02-13T04:00:00,15.241
2026-02-13T05:00:00,11.761
2026-02-13T06:00:00,12.322
2026-02-13T07:00:00,12.473
2026-02-13T08:00:00,12.618
2026-02-13T09:00:00,11.276
2026-02-13T10:00:00,11.663
2026-02-13T11:00:00,13.231
2026-02-13T12:00:00,15.488
2026-02-13T13:00:00,15.451
2026-02-13T14:00:00,18.143
2026-02-13T15:00:00,18.587
2026-02-13T16:00:00,22.910
2026-02-13T17:00:00,22.392
2026-02-13T18:00:00,23.204
2026-02-13T19:00:00,23.059
2026-02-13T20:00:00,22.974
2026-02-13T21:00:00,26.937
2026-02-13T22:00:00,23.417
2026-02-13T23:00:00,20.270
2026-02-14T00:00:00,20.179
2026-02-14T01:00:00,20.095
2026-02-14T02:00:00,16.682
2026-02-14T03:00:00,17.609
2026-02-14T04:00:00,14.634
2026-02-14T05:00:00,13.370
2026-02-14T06:00:00,13.763
2026-02-14T07:00:00,11.092
2026-02-14T08:00:00,11.566
2026-02-14T09:00:00,12.979
2026-02-14T10:00:00,12.635
2026-02-14T11:00:00,12.884
2026-02-14T12:00:00,15.407
2026-02-14T13:00:00,16.967
2026-02-14T14:00:00,16.249
2026-02-14T15:00:00,21.482
2026-02-14T16:00:00,22.761
2026-02-14T17:00:00,21.877
2026-02-14T18:00:00,23.077
2026-02-14T19:00:00,24.375
2026-02-14T20:00:00,24.551
2026-02-14T21:00:00,23.626
2026-02-14T22:00:00,23.379
2026-02-14T23:00:00,20.624
2026-02-15T00:00:00,20.141
2026-02-15T01:00:00,20.289
2026-02-15T02:00:00,19.498
2026-02-15T03:00:00,15.786
2026-02-15T04:00:00,13.085
2026-02-15T05:00:00,15.705
2026-02-15T06:00:00,12.779
2026-02-15T07:00:00,11.231
2026-02-15T08:00:00,11.514
2026-02-15T09:00:00,12.287
2026-02-15T10:00:00,13.633
2026-02-15T11:00:00,13.129
2026-02-15T12:00:00,13.678
2026-02-15T13:00:00,15.560
2026-02-15T14:00:00,17.280
2026-02-15T15:00:00,18.563
2026-02-15T16:00:00,20.987
2026-02-15T17:00:00,19.372
2026-02-15T18:00:00,23.069
2026-02-15T19:00:00,21.301
2026-02-15T20:00:00,26.447
2026-02-15T21:00:00,20.057
2026-02-15T22:00:00,27.067
2026-02-15T23:00:00,22.794
2026-02-16T00:00:00,23.564
2026-02-16T01:00:00,18.171
2026-02-16T02:00:00,17.349
2026-02-16T03:00:00,18.071
2026-02-16T04:00:00,13.721
2026-02-16T05:00:00,14.204
2026-02-16T06:00:00,12.350
2026-02-16T07:00:00,13.785
2026-02-16T08:00:00,11.968
2026-02-16T09:00:00,10.688
2026-02-16T10:00:00,12.901
2026-02-16T11:00:00,13.680
2026-02-16T12:00:00,14.061
2026-02-16T13:00:00,17.409
2026-02-16T14:00:00,17.669
2026-02-16T15:00:00,19.698
2026-02-16T16:00:00,22.835
2026-02-16T17:00:00,20.393
2026-02-16T18:00:00,22.276
2026-02-16T19:00:00,23.087
2026-02-16T20:00:00,24.465
2026-02-16T21:00:00,24.986
2026-02-16T22:00:00,24.433
2026-02-16T23:00:00,23.388
2026-02-17T00:00:00,21.159
2026-02-17T01:00:00,20.721
2026-02-17T02:00:00,18.700
2026-02-17T03:00:00,16.452
2026-02-17T04:00:00,14.874
2026-02-17T05:00:00,11.808
2026-02-17T06:00:00,12.603
2026-02-17T07:00:00,11.445
2026-02-17T08:00:00,11.917
2026-02-17T09:00:00,12.715
2026-02-17T10:00:00,13.771
2026-02-17T11:00:00,12.972
2026-02-17T12:00:00,11.834
2026-02-17T13:00:00,16.118
2026-02-17T14:00:00,18.133
2026-02-17T15:00:00,19.448
2026-02-17T16:00:00,19.672
2026-02-17T17:00:00,21.225
2026-02-17T18:00:00,21.678
2026-02-17T19:00:00,24.532
2026-02-17T20:00:00,25.136
2026-02-17T21:00:00,24.868
2026-02-17T22:00:00,23.139
2026-02-17T23:00:00,23.035
2026-02-18T00:00:00,20.038
2026-02-18T01:00:00,20.333
2026-02-18T02:00:00,17.418
2026-02-18T03:00:00,16.718
2026-02-18T04:00:00,14.854
2026-02-18T05:00:00,14.059
2026-02-18T06:00:00,13.212
2026-02-18T07:00:00,12.119
2026-02-18T08:00:00,11.150
2026-02-18T09:00:00,11.046
2026-02-18T10:00:00,12.711
2026-02-18T11:00:00,13.638
2026-02-18T12:00:00,15.750
2026-02-18T13:00:00,17.702
2026-02-18T14:00:00,16.846
2026-02-18T15:00:00,18.815
2026-02-18T16:00:00,20.549
2026-02-18T17:00:00,22.704
2026-02-18T18:00:00,25.458
2026-02-18T19:00:00,25.341
2026-02-18T20:00:00,23.824
2026-02-18T21:00:00,23.654
2026-02-18T22:00:00,24.300
2026-02-18T23:00:00,24.192
2026-02-19T00:00:00,20.435
2026-02-19T01:00:00,18.376
2026-02-19T02:00:00,20.068
2026-02-19T03:00:00,17.382
2026-02-19T04:00:00,16.052
2026-02-19T05:00:00,13.486
2026-02-19T06:00:00,12.071
2026-02-19T07:00:00,10.894
2026-02-19T08:00:00,11.214
2026-02-19T09:00:00,11.568
2026-02-19T10:00:00,12.204
2026-02-19T11:00:00,13.298
2026-02-19T12:00:00,15.620
2026-02-19T13:00:00,16.631
2026-02-19T14:00:00,19.129
2026-02-19T15:00:00,19.256
2026-02-19T16:00:00,20.671
2026-02-19T17:00:00,21.474
2026-02-19T18:00:00,22.378
2026-02-19T19:00:00,26.662
2026-02-19T20:00:00,24.229
2026-02-19T21:00:00,22.976
2026-02-19T22:00:00,23.198
2026-02-19T23:00:00,21.623
2026-02-20T00:00:00,22.275
2026-02-20T01:00:00,21.884
2026-02-20T02:00:00,17.680
2026-02-20T03:00:00,15.857
2026-02-20T04:00:00,14.168
2026-02-20T05:00:00,12.719
2026-02-20T06:00:00,12.000
2026-02-20T07:00:00,11.632
2026-02-20T08:00:00,11.739
2026-02-20T09:00:00,12.222
2026-02-20T10:00:00,11.604
2026-02-20T11:00:00,14.637
2026-02-20T12:00:00,14.729
2026-02-20T13:00:00,17.487
2026-02-20T14:00:00,17.366
2026-02-20T15:00:00,19.728
2026-02-20T16:00:00,20.162
2026-02-20T17:00:00,23.323
2026-02-20T18:00:00,25.184
2026-02-20T19:00:00,22.165
2026-02-20T20:00:00,23.241
2026-02-20T21:00:00,22.606
2026-02-20T22:00:00,22.164
2026-02-20T23:00:00,21.452
2026-02-21T00:00:00,24.227
2026-02-21T01:00:00,17.183
2026-02-21T02:00:00,19.289
2026-02-21T03:00:00,15.307
2026-02-21T04:00:00,13.665
2026-02-21T05:00:00,14.037
2026-02-21T06:00:00,13.532
2026-02-21T07:00:00,10.728
2026-02-21T08:00:00,11.615
2026-02-21T09:00:00,12.453
2026-02-21T10:00:00,13.544
2026-02-21T11:00:00,14.704
2026-02-21T12:00:00,16.650
2026-02-21T13:00:00,15.031
2026-02-21T14:00:00,17.918
2026-02-21T15:00:00,19.639
2026-02-21T16:00:00,21.871
2026-02-21T17:00:00,22.941
2026-02-21T18:00:00,22.682
2026-02-21T19:00:00,24.447
2026-02-21T20:00:00,23.217
2026-02-21T21:00:00,23.731
2026-02-21T22:00:00,25.203
2026-02-21T23:00:00,22.053
2026-02-22T00:00:00,20.352
2026-02-22T01:00:00,19.575
2026-02-22T02:00:00,18.466
2026-02-22T03:00:00,16.400
2026-02-22T04:00:00,15.414
2026-02-22T05:00:00,13.365
2026-02-22T06:00:00,10.615
2026-02-22T07:00:00,12.248
2026-02-22T08:00:00,12.851
2026-02-22T09:00:00,11.996
2026-02-22T10:00:00,11.590
2026-02-22T11:00:00,14.898
2026-02-22T12:00:00,12.414
2026-02-22T13:00:00,17.285
2026-02-22T14:00:00,17.904
2026-02-22T15:00:00,17.714
2026-02-22T16:00:00,23.140
2026-02-22T17:00:00,23.601
2026-02-22T18:00:00,23.276
2026-02-22T19:00:00,24.619
2026-02-22T20:00:00,23.319
2026-02-22T21:00:00,25.127
2026-02-22T22:00:00,24.259
2026-02-22T23:00:00,21.488
2026-02-23T00:00:00,22.004
2026-02-23T01:00:00,19.453
2026-02-23T02:00:00,16.205
2026-02-23T03:00:00,17.080
2026-02-23T04:00:00,15.873
2026-02-23T05:00:00,14.149
2026-02-23T06:00:00,13.191
2026-02-23T07:00:00,13.396
2026-02-23T08:00:00,11.919
2026-02-23T09:00:00,11.907
2026-02-23T10:00:00,13.488
2026-02-23T11:00:00,13.548
2026-02-23T12:00:00,15.106
2026-02-23T13:00:00,17.581
2026-02-23T14:00:00,17.795
2026-02-23T15:00:00,21.198
2026-02-23T16:00:00,22.779
2026-02-23T17:00:00,24.394
2026-02-23T18:00:00,22.821
2026-02-23T19:00:00,24.688
2026-02-23T20:00:00,25.457
2026-02-23T21:00:00,24.226
2026-02-23T22:00:00,24.113
2026-02-23T23:00:00,23.097
2026-02-24T00:00:00,19.443
2026-02-24T01:00:00,20.561
2026-02-24T02:00:00,16.400
2026-02-24T03:00:00,15.533
2026-02-24T04:00:00,15.281
2026-02-24T05:00:00,13.750
2026-02-24T06:00:00,12.004
2026-02-24T07:00:00,11.763
2026-02-24T08:00:00,11.389
2026-02-24T09:00:00,11.298
2026-02-24T10:00:00,13.112
2026-02-24T11:00:00,13.241
2026-02-24T12:00:00,14.147
2026-02-24T13:00:00,15.197
2026-02-24T14:00:00,18.429
2026-02-24T15:00:00,19.763
2026-02-24T16:00:00,20.883
2026-02-24T17:00:00,20.741
2026-02-24T18:00:00,23.493
2026-02-24T19:00:00,23.845
2026-02-24T20:00:00,25.177
2026-02-24T21:00:00,22.139
2026-02-24T22:00:00,25.647
2026-02-24T23:00:00,21.610
2026-02-25T00:00:00,20.407
2026-02-25T01:00:00,19.389
2026-02-25T02:00:00,17.399
2026-02-25T03:00:00,15.331
2026-02-25T04:00:00,14.890
2026-02-25T05:00:00,13.312
2026-02-25T06:00:00,13.830
2026-02-25T07:00:00,12.322
2026-02-25T08:00:00,11.953
2026-02-25T09:00:00,12.135
2026-02-25T10:00:00,12.572
2026-02-25T11:00:00,14.284
2026-02-25T12:00:00,13.541
2026-02-25T13:00:00,15.840
2026-02-25T14:00:00,19.654
2026-02-25T15:00:00,21.898
2026-02-25T16:00:00,22.643
2026-02-25T17:00:00,23.379
2026-02-25T18:00:00,23.571
2026-02-25T19:00:00,25.043
2026-02-25T20:00:00,23.922
2026-02-25T21:00:00,23.184
2026-02-25T22:00:00,22.856
2026-02-25T23:00:00,23.721
2026-02-26T00:00:00,22.385
2026-02-26T01:00:00,19.925
2026-02-26T02:00:00,17.072
2026-02-26T03:00:00,16.181
2026-02-26T04:00:00,15.176
2026-02-26T05:00:00,13.433
2026-02-26T06:00:00,11.320
2026-02-26T07:00:00,10.759
2026-02-26T08:00:00,11.366
2026-02-26T09:00:00,11.287
2026-02-26T10:00:00,11.568
2026-02-26T11:00:00,14.097
2026-02-26T12:00:00,14.441
2026-02-26T13:00:00,14.476
2026-02-26T14:00:00,17.626
2026-02-26T15:00:00,17.850
2026-02-26T16:00:00,21.196
2026-02-26T17:00:00,22.538
2026-02-26T18:00:00,23.342
2026-02-26T19:00:00,23.901
2026-02-26T20:00:00,24.339
2026-02-26T21:00:00,24.769
2026-02-26T22:00:00,21.623
2026-02-26T23:00:00,21.493
2026-02-27T00:00:00,19.881
2026-02-27T01:00:00,20.284
2026-02-27T02:00:00,17.981
2026-02-27T03:00:00,16.424
2026-02-27T04:00:00,13.420
2026-02-27T05:00:00,13.320
2026-02-27T06:00:00,12.245
2026-02-27T07:00:00,10.956
2026-02-27T08:00:00,11.912
2026-02-27T09:00:00,11.819
2026-02-27T10:00:00,13.202
2026-02-27T11:00:00,14.077
2026-02-27T12:00:00,13.987
2026-02-27T13:00:00,15.874
2026-02-27T14:00:00,18.305
2026-02-27T15:00:00,20.999
2026-02-27T16:00:00,19.915
2026-02-27T17:00:00,23.059
2026-02-27T18:00:00,25.238
2026-02-27T19:00:00,25.783
2026-02-27T20:00:00,23.294
2026-02-27T21:00:00,24.049
2026-02-27T22:00:00,22.694
2026-02-27T23:00:00,22.954
2026-02-28T00:00:00,20.900
2026-02-28T01:00:00,18.768
2026-02-28T02:00:00,17.709
2026-02-28T03:00:00,16.981
2026-02-28T04:00:00,15.684
2026-02-28T05:00:00,12.437
2026-02-28T06:00:00,12.394
2026-02-28T07:00:00,12.730
2026-02-28T08:00:00,11.895
2026-02-28T09:00:00,10.864
2026-02-28T10:00:00,12.214
2026-02-28T11:00:00,11.461
2026-02-28T12:00:00,14.092
2026-02-28T13:00:00,15.093
2026-02-28T14:00:00,19.037
2026-02-28T15:00:00,19.886
2026-02-28T16:00:00,22.243
2026-02-28T17:00:00,23.709
2026-02-28T18:00:00,22.401
2026-02-28T19:00:00,24.336
2026-02-28T20:00:00,27.294
2026-02-28T21:00:00,24.285
2026-02-28T22:00:00,24.366
2026-02-28T23:00:00,20.861
2026-03-01T00:00:00,17.803
2026-03-01T01:00:00,17.150
2026-03-01T02:00:00,16.662
2026-03-01T03:00:00,15.070
2026-03-01T04:00:00,15.043
2026-03-01T05:00:00,13.196
2026-03-01T06:00:00,11.580
2026-03-01T07:00:00,9.856
2026-03-01T08:00:00,9.957
2026-03-01T09:00:00,10.255
2026-03-01T10:00:00,11.282
2026-03-01T11:00:00,10.834
2026-03-01T12:00:00,13.736
2026-03-01T13:00:00,13.797
2026-03-01T14:00:00,14.135
2026-03-01T15:00:00,17.011
2026-03-01T16:00:00,17.923
2026-03-01T17:00:00,19.974
2026-03-01T18:00:00,20.513
2026-03-01T19:00:00,23.305
2026-03-01T20:00:00,21.326
2026-03-01T21:00:00,20.913
2026-03-01T22:00:00,19.929
2026-03-01T23:00:00,21.266
2026-03-02T00:00:00,20.152
2026-03-02T01:00:00,16.492
2026-03-02T02:00:00,15.505
2026-03-02T03:00:00,14.914
2026-03-02T04:00:00,12.856
2026-03-02T05:00:00,12.539
2026-03-02T06:00:00,10.660
2026-03-02T07:00:00,10.151
2026-03-02T08:00:00,10.231
2026-03-02T09:00:00,10.309
2026-03-02T10:00:00,10.743
2026-03-02T11:00:00,12.055
2026-03-02T12:00:00,12.986
2026-03-02T13:00:00,14.751
2026-03-02T14:00:00,14.575
2026-03-02T15:00:00,18.106
2026-03-02T16:00:00,19.791
2026-03-02T17:00:00,19.392
2026-03-02T18:00:00,19.394
2026-03-02T19:00:00,19.674
2026-03-02T20:00:00,21.209
2026-03-02T21:00:00,20.737
2026-03-02T22:00:00,20.765
2026-03-02T23:00:00,20.701
2026-03-03T00:00:00,19.901
2026-03-03T01:00:00,18.019
2026-03-03T02:00:00,14.469
2026-03-03T03:00:00,15.415
2026-03-03T04:00:00,13.655
2026-03-03T05:00:00,12.438
2026-03-03T06:00:00,11.614
2026-03-03T07:00:00,10.234
2026-03-03T08:00:00,10.371
2026-03-03T09:00:00,10.872
2026-03-03T10:00:00,10.305
2026-03-03T11:00:00,10.303
2026-03-03T12:00:00,13.344
2026-03-03T13:00:00,13.735
2026-03-03T14:00:00,18.731
2026-03-03T15:00:00,16.165
2026-03-03T16:00:00,17.417
2026-03-03T17:00:00,19.591
2026-03-03T18:00:00,20.578
2026-03-03T19:00:00,21.665
2026-03-03T20:00:00,21.421
2026-03-03T21:00:00,21.187
2026-03-03T22:00:00,20.868
2026-03-03T23:00:00,18.916
2026-03-04T00:00:00,16.560
2026-03-04T01:00:00,17.680
2026-03-04T02:00:00,16.253
2026-03-04T03:00:00,15.269
2026-03-04T04:00:00,13.564
2026-03-04T05:00:00,12.411
2026-03-04T06:00:00,11.763
2026-03-04T07:00:00,11.295
2026-03-04T08:00:00,10.939
2026-03-04T09:00:00,10.488
2026-03-04T10:00:00,10.662
2026-03-04T11:00:00,12.443
2026-03-04T12:00:00,12.938
2026-03-04T13:00:00,14.969
2026-03-04T14:00:00,16.169
2026-03-04T15:00:00,16.845
2026-03-04T16:00:00,19.275
2026-03-04T17:00:00,21.296
2026-03-04T18:00:00,18.280
2026-03-04T19:00:00,23.617
2026-03-04T20:00:00,22.260
2026-03-04T21:00:00,21.632
2026-03-04T22:00:00,22.034
2026-03-04T23:00:00,18.852
2026-03-05T00:00:00,19.019
2026-03-05T01:00:00,16.164
2026-03-05T02:00:00,14.093
2026-03-05T03:00:00,14.891
2026-03-05T04:00:00,13.185
2026-03-05T05:00:00,13.050
2026-03-05T06:00:00,10.589
2026-03-05T07:00:00,9.638
2026-03-05T08:00:00,10.403
2026-03-05T09:00:00,9.938
2026-03-05T10:00:00,11.826
2026-03-05T11:00:00,12.214
2026-03-05T12:00:00,13.720
2026-03-05T13:00:00,14.602
2026-03-05T14:00:00,17.397
2026-03-05T15:00:00,16.953
2026-03-05T16:00:00,18.673
2026-03-05T17:00:00,18.803
2026-03-05T18:00:00,22.480
2026-03-05T19:00:00,19.638
2026-03-05T20:00:00,21.799
2026-03-05T21:00:00,22.709
2026-03-05T22:00:00,21.079
2026-03-05T23:00:00,19.279
2026-03-06T00:00:00,19.023
2026-03-06T01:00:00,17.981
2026-03-06T02:00:00,15.293
2026-03-06T03:00:00,14.918
2026-03-06T04:00:00,13.313
2026-03-06T05:00:00,11.807
2026-03-06T06:00:00,11.340
2026-03-06T07:00:00,11.254
2026-03-06T08:00:00,10.436
2026-03-06T09:00:00,11.393
2026-03-06T10:00:00,11.930
2026-03-06T11:00:00,12.285
2026-03-06T12:00:00,13.172
2026-03-06T13:00:00,13.580
2026-03-06T14:00:00,16.158
2026-03-06T15:00:00,16.820
2026-03-06T16:00:00,18.026
2026-03-06T17:00:00,19.477
2026-03-06T18:00:00,21.582
2026-03-06T19:00:00,22.412
2026-03-06T20:00:00,23.236
2026-03-06T21:00:00,19.707
2026-03-06T22:00:00,22.449
2026-03-06T23:00:00,20.197
2026-03-07T00:00:00,18.845
2026-03-07T01:00:00,18.405
2026-03-07T02:00:00,16.116
2026-03-07T03:00:00,14.801
2026-03-07T04:00:00,12.715
2026-03-07T05:00:00,11.427
2026-03-07T06:00:00,10.921
2026-03-07T07:00:00,11.862
2026-03-07T08:00:00,9.882
2026-03-07T09:00:00,9.485
2026-03-07T10:00:00,11.525
2026-03-07T11:00:00,12.064
2026-03-07T12:00:00,13.808
2026-03-07T13:00:00,14.401
2026-03-07T14:00:00,16.986
2026-03-07T15:00:00,17.989
2026-03-07T16:00:00,18.784
2026-03-07T17:00:00,21.310
2026-03-07T18:00:00,22.766
2026-03-07T19:00:00,22.498
2026-03-07T20:00:00,22.238
2026-03-07T21:00:00,23.129
2026-03-07T22:00:00,21.044
2026-03-07T23:00:00,21.145
2026-03-08T00:00:00,18.635
2026-03-08T01:00:00,16.635
2026-03-08T02:00:00,15.156
2026-03-08T03:00:00,13.359
2026-03-08T04:00:00,14.105
2026-03-08T05:00:00,11.667
2026-03-08T06:00:00,11.314
2026-03-08T07:00:00,10.770
2026-03-08T08:00:00,10.976
2026-03-08T09:00:00,11.412
2026-03-08T10:00:00,11.329
2026-03-08T11:00:00,12.693
2026-03-08T12:00:00,12.592
2026-03-08T13:00:00,15.103
2026-03-08T14:00:00,15.242
2026-03-08T15:00:00,16.301
2026-03-08T16:00:00,18.725
2026-03-08T17:00:00,20.631
2026-03-08T18:00:00,20.288
2026-03-08T19:00:00,21.946
2026-03-08T20:00:00,21.093
2026-03-08T21:00:00,21.472
2026-03-08T22:00:00,21.579
2026-03-08T23:00:00,18.940
2026-03-09T00:00:00,19.165
2026-03-09T01:00:00,16.783
2026-03-09T02:00:00,15.421
2026-03-09T03:00:00,13.534
2026-03-09T04:00:00,12.651
2026-03-09T05:00:00,13.036
2026-03-09T06:00:00,11.064
2026-03-09T07:00:00,9.948
2026-03-09T08:00:00,10.938
2026-03-09T09:00:00,10.682
2026-03-09T10:00:00,10.048
2026-03-09T11:00:00,12.376
2026-03-09T12:00:00,13.211
2026-03-09T13:00:00,12.756
2026-03-09T14:00:00,14.793
2026-03-09T15:00:00,16.141
2026-03-09T16:00:00,19.706
2026-03-09T17:00:00,18.839
2026-03-09T18:00:00,21.135
2026-03-09T19:00:00,19.890
2026-03-09T20:00:00,21.273
2026-03-09T21:00:00,22.269
2026-03-09T22:00:00,21.002
2026-03-09T23:00:00,19.948
2026-03-10T00:00:00,17.836
2026-03-10T01:00:00,18.075
2026-03-10T02:00:00,17.436
2026-03-10T03:00:00,16.491
2026-03-10T04:00:00,13.449
2026-03-10T05:00:00,12.505
2026-03-10T06:00:00,11.805
2026-03-10T07:00:00,10.224
2026-03-10T08:00:00,10.767
2026-03-10T09:00:00,10.564
2026-03-10T10:00:00,10.334
2026-03-10T11:00:00,10.680
2026-03-10T12:00:00,12.154
2026-03-10T13:00:00,14.482
2026-03-10T14:00:00,16.602
2026-03-10T15:00:00,19.288
2026-03-10T16:00:00,19.835
2026-03-10T17:00:00,20.199
2026-03-10T18:00:00,20.495
2026-03-10T19:00:00,22.812
2026-03-10T20:00:00,21.387
2026-03-10T21:00:00,22.242
2026-03-10T22:00:00,19.181
2026-03-10T23:00:00,20.344
2026-03-11T00:00:00,17.626
2026-03-11T01:00:00,16.706
2026-03-11T02:00:00,14.612
2026-03-11T03:00:00,15.091
2026-03-11T04:00:00,11.711
2026-03-11T05:00:00,12.505
2026-03-11T06:00:00,11.288
2026-03-11T07:00:00,10.155
2026-03-11T08:00:00,10.342
2026-03-11T09:00:00,11.807
2026-03-11T10:00:00,11.949
2026-03-11T11:00:00,12.131
2026-03-11T12:00:00,13.517
2026-03-11T13:00:00,13.174
2026-03-11T14:00:00,14.060
2026-03-11T15:00:00,16.259
2026-03-11T16:00:00,20.936
2026-03-11T17:00:00,18.872
2026-03-11T18:00:00,21.668
2026-03-11T19:00:00,21.335
2026-03-11T20:00:00,22.034
2026-03-11T21:00:00,22.471
2026-03-11T22:00:00,19.475
2026-03-11T23:00:00,20.814
2026-03-12T00:00:00,18.391
2026-03-12T01:00:00,17.730
2026-03-12T02:00:00,15.413
2026-03-12T03:00:00,14.102
2026-03-12T04:00:00,11.954
2026-03-12T05:00:00,11.083
2026-03-12T06:00:00,11.248
2026-03-12T07:00:00,11.251
2026-03-12T08:00:00,10.924
2026-03-12T09:00:00,9.934
2026-03-12T10:00:00,11.015
2026-03-12T11:00:00,12.431
2026-03-12T12:00:00,13.163
2026-03-12T13:00:00,15.592
2026-03-12T14:00:00,15.909
2026-03-12T15:00:00,18.659
2026-03-12T16:00:00,20.219
2026-03-12T17:00:00,20.334
2026-03-12T18:00:00,21.954
2026-03-12T19:00:00,20.729
2026-03-12T20:00:00,21.608
2026-03-12T21:00:00,21.224
2026-03-12T22:00:00,20.866
2026-03-12T23:00:00,21.332
2026-03-13T00:00:00,18.727
2026-03-13T01:00:00,18.347
2026-03-13T02:00:00,14.952
2026-03-13T03:00:00,14.622
2026-03-13T04:00:00,13.350
2026-03-13T05:00:00,10.758
2026-03-13T06:00:00,10.958
2026-03-13T07:00:00,10.387
2026-03-13T08:00:00,9.820
2026-03-13T09:00:00,10.562
2026-03-13T10:00:00,11.962
2026-03-13T11:00:00,12.190
2026-03-13T12:00:00,12.665
2026-03-13T13:00:00,14.339
2026-03-13T14:00:00,16.201
2026-03-13T15:00:00,16.954
2026-03-13T16:00:00,18.711
2026-03-13T17:00:00,19.795
2026-03-13T18:00:00,23.401
2026-03-13T19:00:00,21.921
2026-03-13T20:00:00,23.050
2026-03-13T21:00:00,23.813
2026-03-13T22:00:00,22.144
2026-03-13T23:00:00,20.064
2026-03-14T00:00:00,17.891
2026-03-14T01:00:00,16.013
2026-03-14T02:00:00,14.022
2026-03-14T03:00:00,16.048
2026-03-14T04:00:00,13.269
2026-03-14T05:00:00,11.493
2026-03-14T06:00:00,11.187
2026-03-14T07:00:00,11.032
2026-03-14T08:00:00,10.855
2026-03-14T09:00:00,11.669
2026-03-14T10:00:00,11.699
2026-03-14T11:00:00,11.540
2026-03-14T12:00:00,13.380
2026-03-14T13:00:00,14.344
2026-03-14T14:00:00,17.380
2026-03-14T15:00:00,17.190
2026-03-14T16:00:00,18.622
2026-03-14T17:00:00,20.187
2026-03-14T18:00:00,19.907
2026-03-14T19:00:00,21.655
2026-03-14T20:00:00,21.887
2026-03-14T21:00:00,23.047
2026-03-14T22:00:00,19.527
2026-03-14T23:00:00,20.238
2026-03-15T00:00:00,18.416
2026-03-15T01:00:00,18.191
2026-03-15T02:00:00,15.198
2026-03-15T03:00:00,14.441
2026-03-15T04:00:00,13.410
2026-03-15T05:00:00,11.523
2026-03-15T06:00:00,10.853
2026-03-15T07:00:00,10.544
2026-03-15T08:00:00,10.224
2026-03-15T09:00:00,11.811
2026-03-15T10:00:00,11.195
2026-03-15T11:00:00,12.078
2026-03-15T12:00:00,14.589
2026-03-15T13:00:00,13.175
2026-03-15T14:00:00,14.588
2026-03-15T15:00:00,17.789
2026-03-15T16:00:00,18.364
2026-03-15T17:00:00,21.081
2026-03-15T18:00:00,21.769
2026-03-15T19:00:00,21.103
2026-03-15T20:00:00,21.291
2026-03-15T21:00:00,21.162
2026-03-15T22:00:00,19.888
2026-03-15T23:00:00,18.634
2026-03-16T00:00:00,18.262
2026-03-16T01:00:00,19.408
2026-03-16T02:00:00,16.183
2026-03-16T03:00:00,14.979
2026-03-16T04:00:00,13.145
2026-03-16T05:00:00,11.882
2026-03-16T06:00:00,12.076
2026-03-16T07:00:00,10.838
2026-03-16T08:00:00,10.355
2026-03-16T09:00:00,9.365
2026-03-16T10:00:00,11.239
2026-03-16T11:00:00,12.182
2026-03-16T12:00:00,14.981
2026-03-16T13:00:00,16.030
2026-03-16T14:00:00,16.658
2026-03-16T15:00:00,16.833
2026-03-16T16:00:00,22.523
2026-03-16T17:00:00,22.870
2026-03-16T18:00:00,19.819
2026-03-16T19:00:00,22.402
2026-03-16T20:00:00,23.666
2026-03-16T21:00:00,21.961
2026-03-16T22:00:00,19.585
2026-03-16T23:00:00,20.156
2026-03-17T00:00:00,20.026
2026-03-17T01:00:00,18.031
2026-03-17T02:00:00,15.693
2026-03-17T03:00:00,13.725
2026-03-17T04:00:00,13.330
2026-03-17T05:00:00,11.848
2026-03-17T06:00:00,11.210
2026-03-17T07:00:00,10.749
2026-03-17T08:00:00,9.816
2026-03-17T09:00:00,10.072
2026-03-17T10:00:00,10.476
2026-03-17T11:00:00,11.713
2026-03-17T12:00:00,13.462
2026-03-17T13:00:00,13.687
2026-03-17T14:00:00,16.417
2026-03-17T15:00:00,17.329
2026-03-17T16:00:00,19.453
2026-03-17T17:00:00,20.505
2026-03-17T18:00:00,20.586
2026-03-17T19:00:00,21.974
2026-03-17T20:00:00,20.250
2026-03-17T21:00:00,21.497
2026-03-17T22:00:00,21.157
2026-03-17T23:00:00,20.644
2026-03-18T00:00:00,17.857
2026-03-18T01:00:00,17.697
2026-03-18T02:00:00,16.516
2026-03-18T03:00:00,13.911
2026-03-18T04:00:00,13.758
2026-03-18T05:00:00,12.282
2026-03-18T06:00:00,9.715
2026-03-18T07:00:00,9.769
2026-03-18T08:00:00,10.087
2026-03-18T09:00:00,11.020
2026-03-18T10:00:00,9.857
2026-03-18T11:00:00,13.844
2026-03-18T12:00:00,12.697
2026-03-18T13:00:00,14.844
2026-03-18T14:00:00,15.884
2026-03-18T15:00:00,16.440
2026-03-18T16:00:00,18.743
2026-03-18T17:00:00,20.703
2026-03-18T18:00:00,21.494
2026-03-18T19:00:00,20.873
2026-03-18T20:00:00,19.376
2026-03-18T21:00:00,20.867
2026-03-18T22:00:00,21.102
2026-03-18T23:00:00,19.743
2026-03-19T00:00:00,19.430
2026-03-19T01:00:00,16.464
2026-03-19T02:00:00,15.843
2026-03-19T03:00:00,13.035
2026-03-19T04:00:00,11.238
2026-03-19T05:00:00,11.801
2026-03-19T06:00:00,11.747
2026-03-19T07:00:00,11.347
2026-03-19T08:00:00,11.335
2026-03-19T09:00:00,11.424
2026-03-19T10:00:00,11.084
2026-03-19T11:00:00,10.322
2026-03-19T12:00:00,13.625
2026-03-19T13:00:00,15.354
2026-03-19T14:00:00,14.623
2026-03-19T15:00:00,16.581
2026-03-19T16:00:00,20.531
2026-03-19T17:00:00,21.600
2026-03-19T18:00:00,22.602
2026-03-19T19:00:00,22.575
2026-03-19T20:00:00,21.687
2026-03-19T21:00:00,22.232
2026-03-19T22:00:00,22.219
2026-03-19T23:00:00,20.581
2026-03-20T00:00:00,17.813
2026-03-20T01:00:00,17.204
2026-03-20T02:00:00,16.078
2026-03-20T03:00:00,14.810
2026-03-20T04:00:00,13.749
2026-03-20T05:00:00,12.401
2026-03-20T06:00:00,10.699
2026-03-20T07:00:00,10.861
2026-03-20T08:00:00,10.215
2026-03-20T09:00:00,10.408
2026-03-20T10:00:00,10.699
2026-03-20T11:00:00,11.831
2026-03-20T12:00:00,13.535
2026-03-20T13:00:00,15.409
2026-03-20T14:00:00,16.907
2026-03-20T15:00:00,16.491
2026-03-20T16:00:00,20.317
2026-03-20T17:00:00,22.886
2026-03-20T18:00:00,21.362
2026-03-20T19:00:00,22.025
2026-03-20T20:00:00,20.822
2026-03-20T21:00:00,20.075
2026-03-20T22:00:00,22.488
2026-03-20T23:00:00,20.426
2026-03-21T00:00:00,17.960
2026-03-21T01:00:00,15.643
2026-03-21T02:00:00,13.049
2026-03-21T03:00:00,14.035
2026-03-21T04:00:00,11.904
2026-03-21T05:00:00,10.629
2026-03-21T06:00:00,10.488
2026-03-21T07:00:00,11.664
2026-03-21T08:00:00,10.238
2026-03-21T09:00:00,11.651
2026-03-21T10:00:00,12.315
2026-03-21T11:00:00,12.408
2026-03-21T12:00:00,13.228
2026-03-21T13:00:00,16.248
2026-03-21T14:00:00,15.123
2026-03-21T15:00:00,16.034
2026-03-21T16:00:00,18.198
2026-03-21T17:00:00,20.997
2026-03-21T18:00:00,19.896
2026-03-21T19:00:00,19.835
2026-03-21T20:00:00,22.109
2026-03-21T21:00:00,21.368
2026-03-21T22:00:00,20.332
2026-03-21T23:00:00,20.264
2026-03-22T00:00:00,20.877
2026-03-22T01:00:00,17.131
2026-03-22T02:00:00,15.906
2026-03-22T03:00:00,14.613
2026-03-22T04:00:00,12.589
2026-03-22T05:00:00,12.779
2026-03-22T06:00:00,11.415
2026-03-22T07:00:00,10.831
2026-03-22T08:00:00,10.267
2026-03-22T09:00:00,10.293
2026-03-22T10:00:00,8.969
2026-03-22T11:00:00,13.182
2026-03-22T12:00:00,13.752
2026-03-22T13:00:00,14.724
2026-03-22T14:00:00,16.098
2026-03-22T15:00:00,16.205
2026-03-22T16:00:00,17.308
2026-03-22T17:00:00,19.555
2026-03-22T18:00:00,20.255
2026-03-22T19:00:00,22.315
2026-03-22T20:00:00,22.466
2026-03-22T21:00:00,22.298
2026-03-22T22:00:00,20.555
2026-03-22T23:00:00,20.526
2026-03-23T00:00:00,20.377
2026-03-23T01:00:00,17.408
2026-03-23T02:00:00,16.220
2026-03-23T03:00:00,14.907
2026-03-23T04:00:00,13.115
2026-03-23T05:00:00,11.810
2026-03-23T06:00:00,12.997
2026-03-23T07:00:00,10.109
2026-03-23T08:00:00,10.092
2026-03-23T09:00:00,10.178
2026-03-23T10:00:00,11.198
2026-03-23T11:00:00,12.629
2026-03-23T12:00:00,12.410
2026-03-23T13:00:00,13.497
2026-03-23T14:00:00,15.227
2026-03-23T15:00:00,18.921
2026-03-23T16:00:00,18.797
2026-03-23T17:00:00,20.563
2026-03-23T18:00:00,21.234
2026-03-23T19:00:00,20.889
2026-03-23T20:00:00,22.021
2026-03-23T21:00:00,22.340
2026-03-23T22:00:00,20.822
2026-03-23T23:00:00,21.466
2026-03-24T00:00:00,18.562
2026-03-24T01:00:00,18.269
2026-03-24T02:00:00,16.305
2026-03-24T03:00:00,15.509
2026-03-24T04:00:00,15.480
2026-03-24T05:00:00,11.417
2026-03-24T06:00:00,10.780
2026-03-24T07:00:00,10.878
2026-03-24T08:00:00,10.579
2026-03-24T09:00:00,9.707
2026-03-24T10:00:00,10.681
2026-03-24T11:00:00,12.790
2026-03-24T12:00:00,13.246
2026-03-24T13:00:00,14.734
2026-03-24T14:00:00,15.068
2026-03-24T15:00:00,17.668
2026-03-24T16:00:00,21.495
2026-03-24T17:00:00,21.050
2026-03-24T18:00:00,21.590
2026-03-24T19:00:00,23.909
2026-03-24T20:00:00,21.722
2026-03-24T21:00:00,20.457
2026-03-24T22:00:00,20.777
2026-03-24T23:00:00,21.074
2026-03-25T00:00:00,21.185
2026-03-25T01:00:00,18.799
2026-03-25T02:00:00,17.011
2026-03-25T03:00:00,15.705
2026-03-25T04:00:00,12.050
2026-03-25T05:00:00,10.650
2026-03-25T06:00:00,11.352
2026-03-25T07:00:00,10.315
2026-03-25T08:00:00,11.110
2026-03-25T09:00:00,10.732
2026-03-25T10:00:00,11.195
2026-03-25T11:00:00,11.263
2026-03-25T12:00:00,12.380
2026-03-25T13:00:00,13.785
2026-03-25T14:00:00,16.185
2026-03-25T15:00:00,18.225
2026-03-25T16:00:00,18.166
2026-03-25T17:00:00,21.154
2026-03-25T18:00:00,19.952
2026-03-25T19:00:00,20.957
2026-03-25T20:00:00,21.619
2026-03-25T21:00:00,22.275
2026-03-25T22:00:00,20.392
2026-03-25T23:00:00,19.710
2026-03-26T00:00:00,18.564
2026-03-26T01:00:00,17.450
2026-03-26T02:00:00,15.893
2026-03-26T03:00:00,15.663
2026-03-26T04:00:00,12.895
2026-03-26T05:00:00,11.667
2026-03-26T06:00:00,10.412
2026-03-26T07:00:00,11.068
2026-03-26T08:00:00,10.151
2026-03-26T09:00:00,9.845
2026-03-26T10:00:00,10.296
2026-03-26T11:00:00,12.815
2026-03-26T12:00:00,12.237
2026-03-26T13:00:00,14.965
2026-03-26T14:00:00,15.510
2026-03-26T15:00:00,16.910
2026-03-26T16:00:00,20.329
2026-03-26T17:00:00,20.716
2026-03-26T18:00:00,22.120
2026-03-26T19:00:00,21.088
2026-03-26T20:00:00,22.274
2026-03-26T21:00:00,23.166
2026-03-26T22:00:00,22.149
2026-03-26T23:00:00,20.690
2026-03-27T00:00:00,19.249
2026-03-27T01:00:00,18.151
2026-03-27T02:00:00,16.116
2026-03-27T03:00:00,16.507
2026-03-27T04:00:00,12.796
2026-03-27T05:00:00,11.830
2026-03-27T06:00:00,11.790
2026-03-27T07:00:00,10.231
2026-03-27T08:00:00,11.550
2026-03-27T09:00:00,10.837
2026-03-27T10:00:00,11.278
2026-03-27T11:00:00,11.262
2026-03-27T12:00:00,12.268
2026-03-27T13:00:00,15.329
2026-03-27T14:00:00,15.802
2026-03-27T15:00:00,18.695
2026-03-27T16:00:00,19.530
2026-03-27T17:00:00,18.519
2026-03-27T18:00:00,21.003
2026-03-27T19:00:00,20.262
2026-03-27T20:00:00,21.449
2026-03-27T21:00:00,21.886
2026-03-27T22:00:00,17.034
2026-03-27T23:00:00,20.501
2026-03-28T00:00:00,19.189
2026-03-28T01:00:00,17.257
2026-03-28T02:00:00,16.270
2026-03-28T03:00:00,14.896
2026-03-28T04:00:00,11.866
2026-03-28T05:00:00,11.779
2026-03-28T06:00:00,11.170
2026-03-28T07:00:00,11.455
2026-03-28T08:00:00,9.318
2026-03-28T09:00:00,9.628
2026-03-28T10:00:00,10.757
2026-03-28T11:00:00,12.257
2026-03-28T12:00:00,13.796
2026-03-28T13:00:00,14.552
2026-03-28T14:00:00,15.220
2026-03-28T15:00:00,17.405
2026-03-28T16:00:00,19.949
2026-03-28T17:00:00,22.400
2026-03-28T18:00:00,18.598
2026-03-28T19:00:00,21.699
2026-03-28T20:00:00,22.638
2026-03-28T21:00:00,21.408
2026-03-28T22:00:00,20.541
2026-03-28T23:00:00,19.546
2026-03-29T00:00:00,17.926
2026-03-29T01:00:00,20.423
2026-03-29T02:00:00,14.645
2026-03-29T03:00:00,14.869
2026-03-29T04:00:00,13.588
2026-03-29T05:00:00,13.347
2026-03-29T06:00:00,10.785
2026-03-29T07:00:00,9.312
2026-03-29T08:00:00,9.552
2026-03-29T09:00:00,9.453
2026-03-29T10:00:00,11.290
2026-03-29T11:00:00,11.535
2026-03-29T12:00:00,12.751
2026-03-29T13:00:00,14.449
2026-03-29T14:00:00,14.423
2026-03-29T15:00:00,18.708
2026-03-29T16:00:00,21.683
2026-03-29T17:00:00,17.874
2026-03-29T18:00:00,20.437
2026-03-29T19:00:00,24.348
2026-03-29T20:00:00,22.225
2026-03-29T21:00:00,20.878
2026-03-29T22:00:00,20.187
2026-03-29T23:00:00,21.893
2026-03-30T00:00:00,19.584
2026-03-30T01:00:00,16.545
2026-03-30T02:00:00,16.015
2026-03-30T03:00:00,14.467
2026-03-30T04:00:00,13.150
2026-03-30T05:00:00,12.468
2026-03-30T06:00:00,11.194
2026-03-30T07:00:00,10.696
2026-03-30T08:00:00,9.926
2026-03-30T09:00:00,10.550
2026-03-30T10:00:00,11.246
2026-03-30T11:00:00,11.764
2026-03-30T12:00:00,14.610
2026-03-30T13:00:00,14.872
2026-03-30T14:00:00,15.432
2026-03-30T15:00:00,16.902
2026-03-30T16:00:00,19.576
2026-03-30T17:00:00,16.824
2026-03-30T18:00:00,19.695
2026-03-30T19:00:00,21.939
2026-03-30T20:00:00,22.935
2026-03-30T21:00:00,21.188
2026-03-30T22:00:00,18.721
2026-03-30T23:00:00,19.014
2026-03-31T00:00:00,18.003
2026-03-31T01:00:00,17.421
2026-03-31T02:00:00,15.748
2026-03-31T03:00:00,14.569
2026-03-31T04:00:00,13.809
2026-03-31T05:00:00,12.255
2026-03-31T06:00:00,10.838
2026-03-31T07:00:00,11.094
2026-03-31T08:00:00,11.145
2026-03-31T09:00:00,10.456
2026-03-31T10:00:00,10.914
2026-03-31T11:00:00,12.499
2026-03-31T12:00:00,13.923
2026-03-31T13:00:00,14.958
2026-03-31T14:00:00,16.558
2026-03-31T15:00:00,18.217
2026-03-31T16:00:00,18.456
2026-03-31T17:00:00,20.095
2026-03-31T18:00:00,21.989
2026-03-31T19:00:00,21.902
2026-03-31T20:00:00,20.571
2026-03-31T21:00:00,21.009
2026-03-31T22:00:00,20.393
2026-03-31T23:00:00,19.714
2026-04-01T00:00:00,16.959
2026-04-01T01:00:00,18.127
2026-04-01T02:00:00,16.517
2026-04-01T03:00:00,12.777
2026-04-01T04:00:00,13.303
2026-04-01T05:00:00,11.503
2026-04-01T06:00:00,11.116
2026-04-01T07:00:00,9.743
2026-04-01T08:00:00,10.355
2026-04-01T09:00:00,10.924
2026-04-01T10:00:00,11.415
2026-04-01T11:00:00,11.828
2026-04-01T12:00:00,15.185
2026-04-01T13:00:00,15.771
2026-04-01T14:00:00,15.434
2026-04-01T15:00:00,17.596
2026-04-01T16:00:00,17.304
2026-04-01T17:00:00,20.634
2026-04-01T18:00:00,20.933
2026-04-01T19:00:00,20.970
2026-04-01T20:00:00,21.469
2026-04-01T21:00:00,20.242
2026-04-01T22:00:00,21.266
2026-04-01T23:00:00,19.709
2026-04-02T00:00:00,21.598
2026-04-02T01:00:00,16.994
2026-04-02T02:00:00,17.374
2026-04-02T03:00:00,13.598
2026-04-02T04:00:00,14.622
2026-04-02T05:00:00,10.352
2026-04-02T06:00:00,10.971
2026-04-02T07:00:00,9.357
2026-04-02T08:00:00,10.784
2026-04-02T09:00:00,10.381
2026-04-02T10:00:00,10.992
2026-04-02T11:00:00,13.319
2026-04-02T12:00:00,12.528
2026-04-02T13:00:00,15.244
2026-04-02T14:00:00,16.555
2026-04-02T15:00:00,15.500
2026-04-02T16:00:00,20.435
2026-04-02T17:00:00,18.659
2026-04-02T18:00:00,21.434
2026-04-02T19:00:00,20.511
2026-04-02T20:00:00,22.705
2026-04-02T21:00:00,21.155
2026-04-02T22:00:00,21.471
2026-04-02T23:00:00,21.382
2026-04-03T00:00:00,19.559
2026-04-03T01:00:00,16.191
2026-04-03T02:00:00,16.089
2026-04-03T03:00:00,14.718
2026-04-03T04:00:00,13.529
2026-04-03T05:00:00,10.991
2026-04-03T06:00:00,10.998
2026-04-03T07:00:00,10.708
2026-04-03T08:00:00,11.021
2026-04-03T09:00:00,10.031
2026-04-03T10:00:00,10.340
2026-04-03T11:00:00,11.688
2026-04-03T12:00:00,13.480
2026-04-03T13:00:00,14.796
2026-04-03T14:00:00,16.116
2026-04-03T15:00:00,16.923
2026-04-03T16:00:00,19.966
2026-04-03T17:00:00,18.635
2026-04-03T18:00:00,20.976
2026-04-03T19:00:00,23.030
2026-04-03T20:00:00,23.837
2026-04-03T21:00:00,21.977
2026-04-03T22:00:00,21.800
2026-04-03T23:00:00,19.596
2026-04-04T00:00:00,20.275
2026-04-04T01:00:00,16.620
2026-04-04T02:00:00,15.579
2026-04-04T03:00:00,15.553
2026-04-04T04:00:00,13.979
2026-04-04T05:00:00,12.851
2026-04-04T06:00:00,11.401
2026-04-04T07:00:00,11.134
2026-04-04T08:00:00,10.944
2026-04-04T09:00:00,10.447
2026-04-04T10:00:00,12.078
2026-04-04T11:00:00,10.888
2026-04-04T12:00:00,12.747
2026-04-04T13:00:00,13.830
2026-04-04T14:00:00,15.555
2026-04-04T15:00:00,16.900
2026-04-04T16:00:00,17.841
2026-04-04T17:00:00,20.255
2026-04-04T18:00:00,21.063
2026-04-04T19:00:00,22.512
2026-04-04T20:00:00,21.104
2026-04-04T21:00:00,24.192
2026-04-04T22:00:00,22.593
2026-04-04T23:00:00,17.257
2026-04-05T00:00:00,18.395
2026-04-05T01:00:00,17.143
2026-04-05T02:00:00,16.737
2026-04-05T03:00:00,13.265
2026-04-05T04:00:00,11.900
2026-04-05T05:00:00,11.567
2026-04-05T06:00:00,11.289
2026-04-05T07:00:00,12.571
2026-04-05T08:00:00,10.301
2026-04-05T09:00:00,10.003
2026-04-05T10:00:00,10.528
2026-04-05T11:00:00,11.984
2026-04-05T12:00:00,13.056
2026-04-05T13:00:00,15.382
2026-04-05T14:00:00,16.410
2026-04-05T15:00:00,18.921
2026-04-05T16:00:00,20.118
2026-04-05T17:00:00,20.206
2026-04-05T18:00:00,20.456
2026-04-05T19:00:00,19.566
2026-04-05T20:00:00,22.888
2026-04-05T21:00:00,18.824
2026-04-05T22:00:00,19.461
2026-04-05T23:00:00,18.751
2026-04-06T00:00:00,19.555
2026-04-06T01:00:00,17.774
2026-04-06T02:00:00,14.657
2026-04-06T03:00:00,15.094
2026-04-06T04:00:00,12.539
2026-04-06T05:00:00,13.141
2026-04-06T06:00:00,10.982
2026-04-06T07:00:00,10.845
2026-04-06T08:00:00,10.255
2026-04-06T09:00:00,12.237
2026-04-06T10:00:00,11.403
2026-04-06T11:00:00,12.898
2026-04-06T12:00:00,13.168
2026-04-06T13:00:00,15.769
2026-04-06T14:00:00,14.667
2026-04-06T15:00:00,19.152
2026-04-06T16:00:00,19.374
2026-04-06T17:00:00,18.277
2026-04-06T18:00:00,22.280
2026-04-06T19:00:00,21.664
2026-04-06T20:00:00,21.333
2026-04-06T21:00:00,22.932
2026-04-06T22:00:00,18.715
2026-04-06T23:00:00,18.443
2026-04-07T00:00:00,19.484
2026-04-07T01:00:00,16.913
2026-04-07T02:00:00,16.045
2026-04-07T03:00:00,14.260
2026-04-07T04:00:00,13.886
2026-04-07T05:00:00,12.475
2026-04-07T06:00:00,11.670
2026-04-07T07:00:00,10.529
2026-04-07T08:00:00,10.975
2026-04-07T09:00:00,11.470
2026-04-07T10:00:00,12.016
2026-04-07T11:00:00,13.222
2026-04-07T12:00:00,12.569
2026-04-07T13:00:00,14.514
2026-04-07T14:00:00,15.980
2026-04-07T15:00:00,15.704
2026-04-07T16:00:00,18.860
2026-04-07T17:00:00,20.259
2026-04-07T18:00:00,22.219
2026-04-07T19:00:00,17.923
2026-04-07T20:00:00,22.622
2026-04-07T21:00:00,20.022
2026-04-07T22:00:00,20.441
2026-04-07T23:00:00,20.830
2026-04-08T00:00:00,19.896
2026-04-08T01:00:00,17.816
2026-04-08T02:00:00,15.521
2026-04-08T03:00:00,14.793
2026-04-08T04:00:00,14.245
2026-04-08T05:00:00,12.900
2026-04-08T06:00:00,10.698
2026-04-08T07:00:00,10.087
2026-04-08T08:00:00,10.671
2026-04-08T09:00:00,11.342
2026-04-08T10:00:00,12.058
2026-04-08T11:00:00,12.223
2026-04-08T12:00:00,13.787
2026-04-08T13:00:00,15.419
2026-04-08T14:00:00,16.931
2026-04-08T15:00:00,16.366
2026-04-08T16:00:00,19.072
2026-04-08T17:00:00,21.157
2026-04-08T18:00:00,21.460
2026-04-08T19:00:00,20.550
2026-04-08T20:00:00,20.181
2026-04-08T21:00:00,21.587
2026-04-08T22:00:00,20.178
2026-04-08T23:00:00,18.925
2026-04-09T00:00:00,18.801
2026-04-09T01:00:00,18.480
2026-04-09T02:00:00,15.447
2026-04-09T03:00:00,14.223
2026-04-09T04:00:00,13.558
2026-04-09T05:00:00,10.464
2026-04-09T06:00:00,10.677
2026-04-09T07:00:00,10.658
2026-04-09T08:00:00,10.364
2026-04-09T09:00:00,10.605
2026-04-09T10:00:00,10.018
2026-04-09T11:00:00,11.811
2026-04-09T12:00:00,12.360
2026-04-09T13:00:00,14.493
2026-04-09T14:00:00,15.821
2026-04-09T15:00:00,17.331
2026-04-09T16:00:00,18.230
2026-04-09T17:00:00,18.094
2026-04-09T18:00:00,20.220
2026-04-09T19:00:00,21.491
2026-04-09T20:00:00,22.652
2026-04-09T21:00:00,20.056
2026-04-09T22:00:00,23.209
2026-04-09T23:00:00,20.010
2026-04-10T00:00:00,19.718
2026-04-10T01:00:00,18.833
2026-04-10T02:00:00,15.537
2026-04-10T03:00:00,15.047
2026-04-10T04:00:00,13.176
2026-04-10T05:00:00,12.340
2026-04-10T06:00:00,11.305
2026-04-10T07:00:00,10.078
2026-04-10T08:00:00,9.389
2026-04-10T09:00:00,9.270
2026-04-10T10:00:00,12.179
2026-04-10T11:00:00,12.188
2026-04-10T12:00:00,14.047
2026-04-10T13:00:00,16.062
2026-04-10T14:00:00,16.690
2026-04-10T15:00:00,16.502
2026-04-10T16:00:00,19.181
2026-04-10T17:00:00,19.276
2026-04-10T18:00:00,19.523
2026-04-10T19:00:00,20.997
2026-04-10T20:00:00,20.856
2026-04-10T21:00:00,22.732
2026-04-10T22:00:00,21.479
2026-04-10T23:00:00,20.680
2026-04-11T00:00:00,19.618
2026-04-11T01:00:00,17.008
2026-04-11T02:00:00,16.328
2026-04-11T03:00:00,15.758
2026-04-11T04:00:00,13.131
2026-04-11T05:00:00,12.245
2026-04-11T06:00:00,11.831
2026-04-11T07:00:00,10.501
2026-04-11T08:00:00,11.408
2026-04-11T09:00:00,10.362
2026-04-11T10:00:00,12.664
2026-04-11T11:00:00,11.397
2026-04-11T12:00:00,15.682
2026-04-11T13:00:00,16.090
2026-04-11T14:00:00,15.560
2026-04-11T15:00:00,19.749
2026-04-11T16:00:00,19.364
2026-04-11T17:00:00,19.306
2026-04-11T18:00:00,22.783
2026-04-11T19:00:00,21.559
2026-04-11T20:00:00,22.743
2026-04-11T21:00:00,21.962
2026-04-11T22:00:00,21.807
2026-04-11T23:00:00,19.093
2026-04-12T00:00:00,18.099
2026-04-12T01:00:00,19.046
2026-04-12T02:00:00,17.851
2026-04-12T03:00:00,15.277
2026-04-12T04:00:00,15.456
2026-04-12T05:00:00,11.348
2026-04-12T06:00:00,11.625
2026-04-12T07:00:00,10.621
2026-04-12T08:00:00,11.230
2026-04-12T09:00:00,11.375
2026-04-12T10:00:00,11.250
2026-04-12T11:00:00,11.381
2026-04-12T12:00:00,13.447
2026-04-12T13:00:00,14.951
2026-04-12T14:00:00,17.362
2026-04-12T15:00:00,18.048
2026-04-12T16:00:00,18.702
2026-04-12T17:00:00,19.364
2026-04-12T18:00:00,18.441
2026-04-12T19:00:00,21.835
2026-04-12T20:00:00,25.422
2026-04-12T21:00:00,22.745
2026-04-12T22:00:00,19.866
2026-04-12T23:00:00,20.485
2026-04-13T00:00:00,19.788
2026-04-13T01:00:00,14.783
2026-04-13T02:00:00,14.870
2026-04-13T03:00:00,14.205
2026-04-13T04:00:00,12.119
2026-04-13T05:00:00,13.335
2026-04-13T06:00:00,11.643
2026-04-13T07:00:00,10.486
2026-04-13T08:00:00,9.998
2026-04-13T09:00:00,9.845
2026-04-13T10:00:00,11.194
2026-04-13T11:00:00,12.108
2026-04-13T12:00:00,13.684
2026-04-13T13:00:00,13.932
2026-04-13T14:00:00,16.100
2026-04-13T15:00:00,18.047
2026-04-13T16:00:00,19.841
2026-04-13T17:00:00,21.421
2026-04-13T18:00:00,21.112
2026-04-13T19:00:00,22.553
2026-04-13T20:00:00,23.026
2026-04-13T21:00:00,20.644
2026-04-13T22:00:00,20.630
2026-04-13T23:00:00,20.934
2026-04-14T00:00:00,18.784
2026-04-14T01:00:00,17.489
2026-04-14T02:00:00,17.013
2026-04-14T03:00:00,15.694
2026-04-14T04:00:00,12.985
2026-04-14T05:00:00,12.359
2026-04-14T06:00:00,11.285
2026-04-14T07:00:00,10.544
2026-04-14T08:00:00,9.786
2026-04-14T09:00:00,10.499
2026-04-14T10:00:00,11.722
2026-04-14T11:00:00,11.663
2026-04-14T12:00:00,14.639
2026-04-14T13:00:00,14.812
2026-04-14T14:00:00,16.575
2026-04-14T15:00:00,17.047
2026-04-14T16:00:00,18.981
2026-04-14T17:00:00,20.243
2026-04-14T18:00:00,21.265
2026-04-14T19:00:00,21.148
2026-04-14T20:00:00,21.582
2026-04-14T21:00:00,22.078
2026-04-14T22:00:00,19.027
2026-04-14T23:00:00,21.047
2026-04-15T00:00:00,16.276
2026-04-15T01:00:00,18.003
2026-04-15T02:00:00,16.803
2026-04-15T03:00:00,14.947
2026-04-15T04:00:00,13.947
2026-04-15T05:00:00,12.319
2026-04-15T06:00:00,10.826
2026-04-15T07:00:00,10.199
2026-04-15T08:00:00,10.458
2026-04-15T09:00:00,10.189
2026-04-15T10:00:00,10.759
2026-04-15T11:00:00,11.106
2026-04-15T12:00:00,13.573
2026-04-15T13:00:00,15.157
2026-04-15T14:00:00,16.220
2026-04-15T15:00:00,16.582
2026-04-15T16:00:00,20.005
2026-04-15T17:00:00,20.362
2026-04-15T18:00:00,19.494
2026-04-15T19:00:00,23.022
2026-04-15T20:00:00,21.546
2026-04-15T21:00:00,21.744
2026-04-15T22:00:00,21.864
2026-04-15T23:00:00,20.393
2026-04-16T00:00:00,20.379
2026-04-16T01:00:00,17.247
2026-04-16T02:00:00,16.584
2026-04-16T03:00:00,14.942
2026-04-16T04:00:00,12.992
2026-04-16T05:00:00,11.943
2026-04-16T06:00:00,11.762
2026-04-16T07:00:00,10.501
2026-04-16T08:00:00,10.430
2026-04-16T09:00:00,11.622
2026-04-16T10:00:00,11.837
2026-04-16T11:00:00,11.086
2026-04-16T12:00:00,13.571
2026-04-16T13:00:00,14.851
2026-04-16T14:00:00,14.963
2026-04-16T15:00:00,17.676
2026-04-16T16:00:00,20.985
2026-04-16T17:00:00,20.881
2026-04-16T18:00:00,21.071
2026-04-16T19:00:00,21.232
2026-04-16T20:00:00,24.343
2026-04-16T21:00:00,22.992
2026-04-16T22:00:00,20.237
2026-04-16T23:00:00,20.477
2026-04-17T00:00:00,19.103
2026-04-17T01:00:00,15.228
2026-04-17T02:00:00,15.948
2026-04-17T03:00:00,15.520
2026-04-17T04:00:00,13.080
2026-04-17T05:00:00,12.483
2026-04-17T06:00:00,10.604
2026-04-17T07:00:00,10.206
2026-04-17T08:00:00,10.717
2026-04-17T09:00:00,11.338
2026-04-17T10:00:00,11.357
2026-04-17T11:00:00,12.620
2026-04-17T12:00:00,12.959
2026-04-17T13:00:00,16.432
2026-04-17T14:00:00,15.806
2026-04-17T15:00:00,17.195
2026-04-17T16:00:00,17.910
2026-04-17T17:00:00,19.961
2026-04-17T18:00:00,21.674
2026-04-17T19:00:00,21.786
2026-04-17T20:00:00,20.720
2026-04-17T21:00:00,19.456
2026-04-17T22:00:00,18.680
2026-04-17T23:00:00,18.769
2026-04-18T00:00:00,17.541
2026-04-18T01:00:00,15.974
2026-04-18T02:00:00,13.104
2026-04-18T03:00:00,13.827
2026-04-18T04:00:00,13.872
2026-04-18T05:00:00,12.194
2026-04-18T06:00:00,11.905
2026-04-18T07:00:00,10.594
2026-04-18T08:00:00,10.273
2026-04-18T09:00:00,11.533
2026-04-18T10:00:00,11.208
2026-04-18T11:00:00,11.166
2026-04-18T12:00:00,14.362
2026-04-18T13:00:00,13.654
2026-04-18T14:00:00,16.693
2026-04-18T15:00:00,15.822
2026-04-18T16:00:00,21.564
2026-04-18T17:00:00,21.637
2026-04-18T18:00:00,20.179
2026-04-18T19:00:00,19.361
2026-04-18T20:00:00,22.737
2026-04-18T21:00:00,22.611
2026-04-18T22:00:00,21.800
2026-04-18T23:00:00,19.861
2026-04-19T00:00:00,20.553
2026-04-19T01:00:00,18.846
2026-04-19T02:00:00,15.340
2026-04-19T03:00:00,15.769
2026-04-19T04:00:00,13.375
2026-04-19T05:00:00,12.017
2026-04-19T06:00:00,11.200
2026-04-19T07:00:00,10.441
2026-04-19T08:00:00,9.955
2026-04-19T09:00:00,10.710
2026-04-19T10:00:00,11.851
2026-04-19T11:00:00,12.720
2026-04-19T12:00:00,14.563
2026-04-19T13:00:00,13.827
2026-04-19T14:00:00,13.558
2026-04-19T15:00:00,18.806
2026-04-19T16:00:00,19.058
2026-04-19T17:00:00,20.534
2026-04-19T18:00:00,22.012
2026-04-19T19:00:00,21.670
2026-04-19T20:00:00,21.275
2026-04-19T21:00:00,22.149
2026-04-19T22:00:00,20.636
2026-04-19T23:00:00,19.508
2026-04-20T00:00:00,19.359
2026-04-20T01:00:00,18.068
2026-04-20T02:00:00,16.627
2026-04-20T03:00:00,14.631
2026-04-20T04:00:00,11.913
2026-04-20T05:00:00,12.798
2026-04-20T06:00:00,10.649
2026-04-20T07:00:00,12.481
2026-04-20T08:00:00,10.750
2026-04-20T09:00:00,9.120
2026-04-20T10:00:00,10.218
2026-04-20T11:00:00,11.819
2026-04-20T12:00:00,12.122
2026-04-20T13:00:00,15.685
2026-04-20T14:00:00,16.053
2026-04-20T15:00:00,20.076
2026-04-20T16:00:00,18.648
2026-04-20T17:00:00,18.683
2026-04-20T18:00:00,19.057
2026-04-20T19:00:00,21.380
2026-04-20T20:00:00,22.364
2026-04-20T21:00:00,20.239
2026-04-20T22:00:00,19.566
2026-04-20T23:00:00,20.763
2026-04-21T00:00:00,18.745
2026-04-21T01:00:00,16.076
2026-04-21T02:00:00,16.541
2026-04-21T03:00:00,15.028
2026-04-21T04:00:00,13.532
2026-04-21T05:00:00,11.929
2026-04-21T06:00:00,10.018
2026-04-21T07:00:00,10.164
2026-04-21T08:00:00,10.105
2026-04-21T09:00:00,12.040
2026-04-21T10:00:00,12.455
2026-04-21T11:00:00,12.741
2026-04-21T12:00:00,13.379
2026-04-21T13:00:00,14.206
2026-04-21T14:00:00,16.236
2026-04-21T15:00:00,20.480
2026-04-21T16:00:00,20.217
2026-04-21T17:00:00,17.865
2026-04-21T18:00:00,22.524
2026-04-21T19:00:00,22.037
2026-04-21T20:00:00,24.329
2026-04-21T21:00:00,22.480
2026-04-21T22:00:00,18.030
2026-04-21T23:00:00,21.382
2026-04-22T00:00:00,20.739
2026-04-22T01:00:00,18.802
2026-04-22T02:00:00,17.167
2026-04-22T03:00:00,14.422
2026-04-22T04:00:00,13.682
2026-04-22T05:00:00,12.186
2026-04-22T06:00:00,11.004
2026-04-22T07:00:00,10.715
2026-04-22T08:00:00,10.160
2026-04-22T09:00:00,12.269
2026-04-22T10:00:00,9.995
2026-04-22T11:00:00,12.975
2026-04-22T12:00:00,12.638
2026-04-22T13:00:00,14.931
2026-04-22T14:00:00,15.268
2026-04-22T15:00:00,17.171
2026-04-22T16:00:00,19.217
2026-04-22T17:00:00,18.609
2026-04-22T18:00:00,23.346
2026-04-22T19:00:00,21.975
2026-04-22T20:00:00,22.428
2026-04-22T21:00:00,23.288
2026-04-22T22:00:00,18.429
2026-04-22T23:00:00,21.485
2026-04-23T00:00:00,19.998
2026-04-23T01:00:00,17.409
2026-04-23T02:00:00,16.638
2026-04-23T03:00:00,14.601
2026-04-23T04:00:00,13.862
2026-04-23T05:00:00,11.374
2026-04-23T06:00:00,11.166
2026-04-23T07:00:00,10.784
2026-04-23T08:00:00,10.239
2026-04-23T09:00:00,10.954
2026-04-23T10:00:00,11.199
2026-04-23T11:00:00,11.589
2026-04-23T12:00:00,13.424
2026-04-23T13:00:00,13.129
2026-04-23T14:00:00,17.620
2026-04-23T15:00:00,17.069
2026-04-23T16:00:00,19.463
2026-04-23T17:00:00,20.633
2026-04-23T18:00:00,20.042
2026-04-23T19:00:00,19.746
2026-04-23T20:00:00,22.477
2026-04-23T21:00:00,22.155
2026-04-23T22:00:00,20.894
2026-04-23T23:00:00,19.895
2026-04-24T00:00:00,19.681
2026-04-24T01:00:00,17.494
2026-04-24T02:00:00,17.077
2026-04-24T03:00:00,15.091
2026-04-24T04:00:00,13.674
2026-04-24T05:00:00,12.383
2026-04-24T06:00:00,11.697
2026-04-24T07:00:00,9.773
2026-04-24T08:00:00,10.610
2026-04-24T09:00:00,10.999
2026-04-24T10:00:00,10.669
2026-04-24T11:00:00,12.111
2026-04-24T12:00:00,13.730
2026-04-24T13:00:00,14.847
2026-04-24T14:00:00,16.144
2026-04-24T15:00:00,18.195
2026-04-24T16:00:00,18.876
2026-04-24T17:00:00,19.650
2026-04-24T18:00:00,20.286
2026-04-24T19:00:00,23.139
2026-04-24T20:00:00,22.090
2026-04-24T21:00:00,21.530
2026-04-24T22:00:00,20.207
2026-04-24T23:00:00,21.898
2026-04-25T00:00:00,17.268
2026-04-25T01:00:00,16.735
2026-04-25T02:00:00,15.964
2026-04-25T03:00:00,14.716
2026-04-25T04:00:00,12.647
2026-04-25T05:00:00,12.474
2026-04-25T06:00:00,11.636
2026-04-25T07:00:00,9.736
2026-04-25T08:00:00,10.686
2026-04-25T09:00:00,10.907
2026-04-25T10:00:00,10.065
2026-04-25T11:00:00,11.301
2026-04-25T12:00:00,12.865
2026-04-25T13:00:00,15.322
2026-04-25T14:00:00,17.634
2026-04-25T15:00:00,16.677
2026-04-25T16:00:00,18.238
2026-04-25T17:00:00,19.938
2026-04-25T18:00:00,22.416
2026-04-25T19:00:00,21.335
2026-04-25T20:00:00,21.719
2026-04-25T21:00:00,23.956
2026-04-25T22:00:00,20.245
2026-04-25T23:00:00,22.265
2026-04-26T00:00:00,19.353
2026-04-26T01:00:00,17.613
2026-04-26T02:00:00,17.584
2026-04-26T03:00:00,16.142
2026-04-26T04:00:00,12.961
2026-04-26T05:00:00,12.929
2026-04-26T06:00:00,11.518
2026-04-26T07:00:00,11.265
2026-04-26T08:00:00,11.089
2026-04-26T09:00:00,9.769
2026-04-26T10:00:00,12.073
2026-04-26T11:00:00,12.793
2026-04-26T12:00:00,13.221
2026-04-26T13:00:00,15.811
2026-04-26T14:00:00,15.370
2026-04-26T15:00:00,18.120
2026-04-26T16:00:00,20.404
2026-04-26T17:00:00,21.311
2026-04-26T18:00:00,22.720
2026-04-26T19:00:00,20.161
2026-04-26T20:00:00,21.137
2026-04-26T21:00:00,20.287
2026-04-26T22:00:00,20.196
2026-04-26T23:00:00,18.656
2026-04-27T00:00:00,17.915
2026-04-27T01:00:00,17.347
2026-04-27T02:00:00,14.666
2026-04-27T03:00:00,14.425
2026-04-27T04:00:00,13.591
2026-04-27T05:00:00,12.412
2026-04-27T06:00:00,12.940
2026-04-27T07:00:00,10.410
2026-04-27T08:00:00,11.179
2026-04-27T09:00:00,10.522
2026-04-27T10:00:00,13.077
2026-04-27T11:00:00,12.220
2026-04-27T12:00:00,12.977
2026-04-27T13:00:00,16.148
2026-04-27T14:00:00,14.579
2026-04-27T15:00:00,18.258
2026-04-27T16:00:00,18.514
2026-04-27T17:00:00,20.846
2026-04-27T18:00:00,20.596
2026-04-27T19:00:00,22.055
2026-04-27T20:00:00,20.688
2026-04-27T21:00:00,21.237
2026-04-27T22:00:00,22.501
2026-04-27T23:00:00,18.863
2026-04-28T00:00:00,19.591
2026-04-28T01:00:00,17.168
2026-04-28T02:00:00,16.398
2026-04-28T03:00:00,13.493
2026-04-28T04:00:00,13.502
2026-04-28T05:00:00,11.516
2026-04-28T06:00:00,10.597
2026-04-28T07:00:00,10.578
2026-04-28T08:00:00,10.990
2026-04-28T09:00:00,10.039
2026-04-28T10:00:00,11.277
2026-04-28T11:00:00,12.758
2026-04-28T12:00:00,12.948
2026-04-28T13:00:00,15.335
2026-04-28T14:00:00,15.297
2026-04-28T15:00:00,16.778
2026-04-28T16:00:00,18.714
2026-04-28T17:00:00,19.369
2026-04-28T18:00:00,22.639
2026-04-28T19:00:00,23.370
2026-04-28T20:00:00,20.367
2026-04-28T21:00:00,20.225
2026-04-28T22:00:00,21.205
2026-04-28T23:00:00,22.028
2026-04-29T00:00:00,20.906
2026-04-29T01:00:00,17.772
2026-04-29T02:00:00,15.413
2026-04-29T03:00:00,15.023
2026-04-29T04:00:00,13.353
2026-04-29T05:00:00,11.857
2026-04-29T06:00:00,10.515
2026-04-29T07:00:00,10.984
2026-04-29T08:00:00,11.175
2026-04-29T09:00:00,11.495
2026-04-29T10:00:00,11.513
2026-04-29T11:00:00,11.360
2026-04-29T12:00:00,12.626
2026-04-29T13:00:00,15.374
2026-04-29T14:00:00,14.368
2026-04-29T15:00:00,16.668
2026-04-29T16:00:00,17.288
2026-04-29T17:00:00,20.279
2026-04-29T18:00:00,20.497
2026-04-29T19:00:00,20.136
2026-04-29T20:00:00,22.116
2026-04-29T21:00:00,23.426
2026-04-29T22:00:00,23.315
2026-04-29T23:00:00,21.443
2026-04-30T00:00:00,19.534
2026-04-30T01:00:00,15.707
2026-04-30T02:00:00,17.449
2026-04-30T03:00:00,14.723
2026-04-30T04:00:00,12.404
2026-04-30T05:00:00,12.557
2026-04-30T06:00:00,11.124
2026-04-30T07:00:00,9.211
2026-04-30T08:00:00,10.510
2026-04-30T09:00:00,9.612
2026-04-30T10:00:00,10.508
2026-04-30T11:00:00,11.366
2026-04-30T12:00:00,13.629
2026-04-30T13:00:00,13.789
2026-04-30T14:00:00,16.106
2026-04-30T15:00:00,16.366
2026-04-30T16:00:00,19.424
2026-04-30T17:00:00,19.566
2026-04-30T18:00:00,21.481
2026-04-30T19:00:00,19.966
2026-04-30T20:00:00,20.991
2026-04-30T21:00:00,22.851
2026-04-30T22:00:00,21.936
2026-04-30T23:00:00,21.518
2026-05-01T00:00:00,19.420
2026-05-01T01:00:00,17.974
2026-05-01T02:00:00,15.602
2026-05-01T03:00:00,14.773
2026-05-01T04:00:00,13.947
2026-05-01T05:00:00,13.104
2026-05-01T06:00:00,13.260
2026-05-01T07:00:00,10.392
2026-05-01T08:00:00,10.704
2026-05-01T09:00:00,11.495
2026-05-01T10:00:00,11.151
2026-05-01T11:00:00,12.288
2026-05-01T12:00:00,12.282
2026-05-01T13:00:00,15.458
2026-05-01T14:00:00,16.250
2026-05-01T15:00:00,19.198
2026-05-01T16:00:00,20.217
2026-05-01T17:00:00,22.689
2026-05-01T18:00:00,19.542
2026-05-01T19:00:00,22.089
2026-05-01T20:00:00,23.751
2026-05-01T21:00:00,23.670
2026-05-01T22:00:00,23.827
2026-05-01T23:00:00,21.598
2026-05-02T00:00:00,20.541
2026-05-02T01:00:00,19.224
2026-05-02T02:00:00,17.064
2026-05-02T03:00:00,14.616
2026-05-02T04:00:00,14.250
2026-05-02T05:00:00,12.369
2026-05-02T06:00:00,11.659
2026-05-02T07:00:00,12.083
2026-05-02T08:00:00,10.847
2026-05-02T09:00:00,11.398
2026-05-02T10:00:00,10.658
2026-05-02T11:00:00,11.577
2026-05-02T12:00:00,14.936
2026-05-02T13:00:00,14.603
2026-05-02T14:00:00,17.408
2026-05-02T15:00:00,18.516
2026-05-02T16:00:00,18.974
2026-05-02T17:00:00,20.697
2026-05-02T18:00:00,21.754
2026-05-02T19:00:00,22.519
2026-05-02T20:00:00,19.892
2026-05-02T21:00:00,21.855
2026-05-02T22:00:00,23.100
2026-05-02T23:00:00,20.530
2026-05-03T00:00:00,20.494
2026-05-03T01:00:00,17.350
2026-05-03T02:00:00,16.507
2026-05-03T03:00:00,14.589
2026-05-03T04:00:00,12.538
2026-05-03T05:00:00,12.913
2026-05-03T06:00:00,11.011
2026-05-03T07:00:00,11.313
2026-05-03T08:00:00,11.380
2026-05-03T09:00:00,11.066
2026-05-03T10:00:00,11.587
2026-05-03T11:00:00,12.960
2026-05-03T12:00:00,14.184
2026-05-03T13:00:00,15.200
2026-05-03T14:00:00,16.337
2026-05-03T15:00:00,16.669
2026-05-03T16:00:00,20.699
2026-05-03T17:00:00,21.242
2026-05-03T18:00:00,21.640
2026-05-03T19:00:00,24.384
2026-05-03T20:00:00,22.383
2026-05-03T21:00:00,23.556
2026-05-03T22:00:00,22.779
2026-05-03T23:00:00,20.095
2026-05-04T00:00:00,19.291
2026-05-04T01:00:00,18.903
2026-05-04T02:00:00,19.077
2026-05-04T03:00:00,14.559
2026-05-04T04:00:00,12.663
2026-05-04T05:00:00,12.640
2026-05-04T06:00:00,10.968
2026-05-04T07:00:00,10.550
2026-05-04T08:00:00,11.218
2026-05-04T09:00:00,11.500
2026-05-04T10:00:00,11.091
2026-05-04T11:00:00,11.847
2026-05-04T12:00:00,14.449
2026-05-04T13:00:00,16.454
2026-05-04T14:00:00,15.496
2026-05-04T15:00:00,18.649
2026-05-04T16:00:00,18.709
2026-05-04T17:00:00,20.905
2026-05-04T18:00:00,22.892
2026-05-04T19:00:00,23.053
2026-05-04T20:00:00,23.888
2026-05-04T21:00:00,21.307
2026-05-04T22:00:00,20.156
2026-05-04T23:00:00,21.883
2026-05-05T00:00:00,18.629
2026-05-05T01:00:00,18.217
2026-05-05T02:00:00,18.083
2026-05-05T03:00:00,14.362
2026-05-05T04:00:00,14.367
2026-05-05T05:00:00,12.826
2026-05-05T06:00:00,12.233
2026-05-05T07:00:00,10.502
2026-05-05T08:00:00,11.836
2026-05-05T09:00:00,11.003
2026-05-05T10:00:00,12.496
2026-05-05T11:00:00,12.226
2026-05-05T12:00:00,12.411
2026-05-05T13:00:00,14.232
2026-05-05T14:00:00,17.342
2026-05-05T15:00:00,19.980
2026-05-05T16:00:00,19.796
2026-05-05T17:00:00,22.489
2026-05-05T18:00:00,21.268
2026-05-05T19:00:00,22.173
2026-05-05T20:00:00,21.510
2026-05-05T21:00:00,21.755
2026-05-05T22:00:00,21.658
2026-05-05T23:00:00,21.039
2026-05-06T00:00:00,19.398
2026-05-06T01:00:00,18.544
2026-05-06T02:00:00,16.561
2026-05-06T03:00:00,14.242
2026-05-06T04:00:00,14.113
2026-05-06T05:00:00,13.559
2026-05-06T06:00:00,11.176
2026-05-06T07:00:00,11.677
2026-05-06T08:00:00,10.173
2026-05-06T09:00:00,10.327
2026-05-06T10:00:00,11.595
2026-05-06T11:00:00,12.891
2026-05-06T12:00:00,13.483
2026-05-06T13:00:00,14.923
2026-05-06T14:00:00,16.105
2026-05-06T15:00:00,16.058
2026-05-06T16:00:00,17.348
2026-05-06T17:00:00,18.835
2026-05-06T18:00:00,19.388
2026-05-06T19:00:00,22.695
2026-05-06T20:00:00,22.860
2026-05-06T21:00:00,22.536
2026-05-06T22:00:00,21.177
2026-05-06T23:00:00,20.913
2026-05-07T00:00:00,23.232
2026-05-07T01:00:00,17.429
2026-05-07T02:00:00,18.102
2026-05-07T03:00:00,14.619
2026-05-07T04:00:00,13.185
2026-05-07T05:00:00,13.500
2026-05-07T06:00:00,10.479
2026-05-07T07:00:00,10.960
2026-05-07T08:00:00,10.665
2026-05-07T09:00:00,9.674
2026-05-07T10:00:00,12.743
2026-05-07T11:00:00,14.385
2026-05-07T12:00:00,13.660
2026-05-07T13:00:00,14.529
2026-05-07T14:00:00,18.431
2026-05-07T15:00:00,17.985
2026-05-07T16:00:00,18.730
2026-05-07T17:00:00,18.510
2026-05-07T18:00:00,22.071
2026-05-07T19:00:00,21.476
2026-05-07T20:00:00,22.460
2026-05-07T21:00:00,23.975
2026-05-07T22:00:00,22.390
2026-05-07T23:00:00,20.082
2026-05-08T00:00:00,20.568
2026-05-08T01:00:00,18.167
2026-05-08T02:00:00,15.786
2026-05-08T03:00:00,15.375
2026-05-08T04:00:00,13.578
2026-05-08T05:00:00,12.176
2026-05-08T06:00:00,11.363
2026-05-08T07:00:00,11.382
2026-05-08T08:00:00,10.815
2026-05-08T09:00:00,10.355
2026-05-08T10:00:00,10.631
2026-05-08T11:00:00,13.047
2026-05-08T12:00:00,13.122
2026-05-08T13:00:00,14.100
2026-05-08T14:00:00,16.632
2026-05-08T15:00:00,19.500
2026-05-08T16:00:00,18.697
2026-05-08T17:00:00,20.341
2026-05-08T18:00:00,22.049
2026-05-08T19:00:00,24.770
2026-05-08T20:00:00,21.040
2026-05-08T21:00:00,24.752
2026-05-08T22:00:00,20.717
2026-05-08T23:00:00,21.573
2026-05-09T00:00:00,19.290
2026-05-09T01:00:00,16.047
2026-05-09T02:00:00,15.872
2026-05-09T03:00:00,13.945
2026-05-09T04:00:00,14.026
2026-05-09T05:00:00,12.291
2026-05-09T06:00:00,12.200
2026-05-09T07:00:00,10.188
2026-05-09T08:00:00,10.959
2026-05-09T09:00:00,11.078
2026-05-09T10:00:00,11.578
2026-05-09T11:00:00,12.823
2026-05-09T12:00:00,13.956
2026-05-09T13:00:00,15.447
2026-05-09T14:00:00,16.865
2026-05-09T15:00:00,17.798
2026-05-09T16:00:00,20.666
2026-05-09T17:00:00,19.529
2026-05-09T18:00:00,24.203
2026-05-09T19:00:00,24.025
2026-05-09T20:00:00,22.924
2026-05-09T21:00:00,21.555
2026-05-09T22:00:00,21.660
2026-05-09T23:00:00,20.930
2026-05-10T00:00:00,21.445
2026-05-10T01:00:00,20.200
2026-05-10T02:00:00,17.766
2026-05-10T03:00:00,14.652
2026-05-10T04:00:00,12.936
2026-05-10T05:00:00,13.860
2026-05-10T06:00:00,11.869
2026-05-10T07:00:00,10.524
2026-05-10T08:00:00,11.433
2026-05-10T09:00:00,12.333
2026-05-10T10:00:00,11.635
2026-05-10T11:00:00,12.167
2026-05-10T12:00:00,12.257
2026-05-10T13:00:00,15.954
2026-05-10T14:00:00,17.604
2026-05-10T15:00:00,19.089
2026-05-10T16:00:00,18.647
2026-05-10T17:00:00,22.161
2026-05-10T18:00:00,22.072
2026-05-10T19:00:00,23.342
2026-05-10T20:00:00,22.055
2026-05-10T21:00:00,22.824
2026-05-10T22:00:00,21.709
2026-05-10T23:00:00,20.272
2026-05-11T00:00:00,18.326
2026-05-11T01:00:00,17.977
2026-05-11T02:00:00,15.508
2026-05-11T03:00:00,14.189
2026-05-11T04:00:00,13.766
2026-05-11T05:00:00,11.726
2026-05-11T06:00:00,12.545
2026-05-11T07:00:00,12.227
2026-05-11T08:00:00,10.954
2026-05-11T09:00:00,10.197
2026-05-11T10:00:00,11.299
2026-05-11T11:00:00,12.685
2026-05-11T12:00:00,13.541
2026-05-11T13:00:00,16.061
2026-05-11T14:00:00,17.229
2026-05-11T15:00:00,17.520
2026-05-11T16:00:00,20.239
2026-05-11T17:00:00,20.784
2026-05-11T18:00:00,21.528
2026-05-11T19:00:00,20.817
2026-05-11T20:00:00,23.649
2026-05-11T21:00:00,23.124
2026-05-11T22:00:00,21.729
2026-05-11T23:00:00,18.038
2026-05-12T00:00:00,18.109
2026-05-12T01:00:00,18.429
2026-05-12T02:00:00,17.173
2026-05-12T03:00:00,14.611
2026-05-12T04:00:00,13.460
2026-05-12T05:00:00,12.785
2026-05-12T06:00:00,10.613
2026-05-12T07:00:00,11.470
2026-05-12T08:00:00,11.500
2026-05-12T09:00:00,10.954
2026-05-12T10:00:00,11.289
2026-05-12T11:00:00,13.214
2026-05-12T12:00:00,12.705
2026-05-12T13:00:00,14.966
2026-05-12T14:00:00,18.294
2026-05-12T15:00:00,19.510
2026-05-12T16:00:00,18.764
2026-05-12T17:00:00,19.173
2026-05-12T18:00:00,23.389
2026-05-12T19:00:00,23.931
2026-05-12T20:00:00,20.782
2026-05-12T21:00:00,23.050
2026-05-12T22:00:00,21.226
2026-05-12T23:00:00,20.828
2026-05-13T00:00:00,17.045
2026-05-13T01:00:00,17.377
2026-05-13T02:00:00,18.001
2026-05-13T03:00:00,17.548
2026-05-13T04:00:00,13.110
2026-05-13T05:00:00,13.410
2026-05-13T06:00:00,12.490
2026-05-13T07:00:00,10.829
2026-05-13T08:00:00,11.231
2026-05-13T09:00:00,10.636
2026-05-13T10:00:00,12.137
2026-05-13T11:00:00,12.253
2026-05-13T12:00:00,13.764
2026-05-13T13:00:00,14.036
2026-05-13T14:00:00,17.431
2026-05-13T15:00:00,17.357
2026-05-13T16:00:00,16.886
2026-05-13T17:00:00,22.476
2026-05-13T18:00:00,21.451
2026-05-13T19:00:00,22.786
2026-05-13T20:00:00,21.544
2026-05-13T21:00:00,23.774
2026-05-13T22:00:00,20.394
2026-05-13T23:00:00,20.418
2026-05-14T00:00:00,19.765
2026-05-14T01:00:00,19.196
2026-05-14T02:00:00,16.214
2026-05-14T03:00:00,14.244
2026-05-14T04:00:00,14.322
2026-05-14T05:00:00,13.475
2026-05-14T06:00:00,11.733
2026-05-14T07:00:00,11.137
2026-05-14T08:00:00,11.992
2026-05-14T09:00:00,10.379
2026-05-14T10:00:00,11.454
2026-05-14T11:00:00,11.860
2026-05-14T12:00:00,12.930
2026-05-14T13:00:00,15.537
2026-05-14T14:00:00,16.366
2026-05-14T15:00:00,17.156
2026-05-14T16:00:00,21.407
2026-05-14T17:00:00,20.143
2026-05-14T18:00:00,18.974
2026-05-14T19:00:00,21.587
2026-05-14T20:00:00,23.090
2026-05-14T21:00:00,22.878
2026-05-14T22:00:00,21.840
2026-05-14T23:00:00,17.780
2026-05-15T00:00:00,19.782
2026-05-15T01:00:00,18.957
2026-05-15T02:00:00,16.753
2026-05-15T03:00:00,14.735
2026-05-15T04:00:00,13.666
2026-05-15T05:00:00,11.310
2026-05-15T06:00:00,11.106
2026-05-15T07:00:00,10.650
2026-05-15T08:00:00,12.382
2026-05-15T09:00:00,11.857
2026-05-15T10:00:00,12.534
2026-05-15T11:00:00,11.398
2026-05-15T12:00:00,13.207
2026-05-15T13:00:00,15.238
2026-05-15T14:00:00,17.176
2026-05-15T15:00:00,18.888
2026-05-15T16:00:00,20.878
2026-05-15T17:00:00,20.023
2026-05-15T18:00:00,22.495
2026-05-15T19:00:00,21.591
2026-05-15T20:00:00,23.018
2026-05-15T21:00:00,21.265
2026-05-15T22:00:00,20.288
2026-05-15T23:00:00,20.925
2026-05-16T00:00:00,18.983
2026-05-16T01:00:00,19.665
2026-05-16T02:00:00,16.293
2026-05-16T03:00:00,14.256
2026-05-16T04:00:00,14.662
2026-05-16T05:00:00,12.732
2026-05-16T06:00:00,11.615
2026-05-16T07:00:00,10.865
2026-05-16T08:00:00,10.040
2026-05-16T09:00:00,10.376
2026-05-16T10:00:00,11.441
2026-05-16T11:00:00,12.681
2026-05-16T12:00:00,13.136
2026-05-16T13:00:00,15.766
2026-05-16T14:00:00,17.309
2026-05-16T15:00:00,18.650
2026-05-16T16:00:00,19.197
2026-05-16T17:00:00,19.255
2026-05-16T18:00:00,20.716
2026-05-16T19:00:00,23.619
2026-05-16T20:00:00,20.090
2026-05-16T21:00:00,24.544
2026-05-16T22:00:00,21.713
2026-05-16T23:00:00,19.119
2026-05-17T00:00:00,20.989
2026-05-17T01:00:00,17.696
2026-05-17T02:00:00,16.074
2026-05-17T03:00:00,15.070
2026-05-17T04:00:00,14.094
2026-05-17T05:00:00,13.361
2026-05-17T06:00:00,11.950
2026-05-17T07:00:00,10.799
2026-05-17T08:00:00,11.982
2026-05-17T09:00:00,10.556
2026-05-17T10:00:00,12.819
2026-05-17T11:00:00,12.984
2026-05-17T12:00:00,14.813
2026-05-17T13:00:00,15.222
2026-05-17T14:00:00,17.011
2026-05-17T15:00:00,17.843
2026-05-17T16:00:00,19.735
2026-05-17T17:00:00,18.907
2026-05-17T18:00:00,22.253
2026-05-17T19:00:00,19.168
2026-05-17T20:00:00,23.302
2026-05-17T21:00:00,21.006
2026-05-17T22:00:00,20.307
2026-05-17T23:00:00,23.234
2026-05-18T00:00:00,19.189
2026-05-18T01:00:00,18.477
2026-05-18T02:00:00,17.247
2026-05-18T03:00:00,14.875
2026-05-18T04:00:00,15.750
2026-05-18T05:00:00,14.633
2026-05-18T06:00:00,13.111
2026-05-18T07:00:00,11.458
2026-05-18T08:00:00,11.186
2026-05-18T09:00:00,10.599
2026-05-18T10:00:00,10.884
2026-05-18T11:00:00,12.485
2026-05-18T12:00:00,14.333
2026-05-18T13:00:00,13.909
2026-05-18T14:00:00,15.448
2026-05-18T15:00:00,19.786
2026-05-18T16:00:00,20.760
2026-05-18T17:00:00,21.654
2026-05-18T18:00:00,22.216
2026-05-18T19:00:00,22.346
2026-05-18T20:00:00,22.516
2026-05-18T21:00:00,19.629
2026-05-18T22:00:00,20.698
2026-05-18T23:00:00,21.659
2026-05-19T00:00:00,20.144
2026-05-19T01:00:00,18.523
2026-05-19T02:00:00,17.758
2026-05-19T03:00:00,13.974
2026-05-19T04:00:00,12.345
2026-05-19T05:00:00,10.915
2026-05-19T06:00:00,12.201
2026-05-19T07:00:00,10.970
2026-05-19T08:00:00,10.850
2026-05-19T09:00:00,11.340
2026-05-19T10:00:00,12.054
2026-05-19T11:00:00,10.545
2026-05-19T12:00:00,12.538
2026-05-19T13:00:00,14.908
2026-05-19T14:00:00,17.070
2026-05-19T15:00:00,19.560
2026-05-19T16:00:00,20.713
2026-05-19T17:00:00,19.863
2026-05-19T18:00:00,20.995
2026-05-19T19:00:00,21.486
2026-05-19T20:00:00,23.755
2026-05-19T21:00:00,21.800
2026-05-19T22:00:00,22.776
2026-05-19T23:00:00,22.333
2026-05-20T00:00:00,21.590
2026-05-20T01:00:00,17.812
2026-05-20T02:00:00,14.314
2026-05-20T03:00:00,14.719
2026-05-20T04:00:00,13.960
2026-05-20T05:00:00,12.234
2026-05-20T06:00:00,11.940
2026-05-20T07:00:00,11.794
2026-05-20T08:00:00,10.135
2026-05-20T09:00:00,10.877
2026-05-20T10:00:00,11.910
2026-05-20T11:00:00,13.189
2026-05-20T12:00:00,13.266
2026-05-20T13:00:00,15.068
2026-05-20T14:00:00,17.578
2026-05-20T15:00:00,18.153
2026-05-20T16:00:00,20.260
2026-05-20T17:00:00,21.916
2026-05-20T18:00:00,21.838
2026-05-20T19:00:00,22.390
2026-05-20T20:00:00,23.576
2026-05-20T21:00:00,20.062
2026-05-20T22:00:00,21.708
2026-05-20T23:00:00,20.698
2026-05-21T00:00:00,21.097
2026-05-21T01:00:00,17.440
2026-05-21T02:00:00,17.772
2026-05-21T03:00:00,14.551
2026-05-21T04:00:00,14.661
2026-05-21T05:00:00,13.170
2026-05-21T06:00:00,11.085
2026-05-21T07:00:00,11.342
2026-05-21T08:00:00,9.640
2026-05-21T09:00:00,10.808
2026-05-21T10:00:00,12.448
2026-05-21T11:00:00,13.433
2026-05-21T12:00:00,13.396
2026-05-21T13:00:00,14.477
2026-05-21T14:00:00,15.334
2026-05-21T15:00:00,17.673
2026-05-21T16:00:00,18.983
2026-05-21T17:00:00,20.322
2026-05-21T18:00:00,19.755
2026-05-21T19:00:00,23.258
2026-05-21T20:00:00,21.787
2026-05-21T21:00:00,22.421
2026-05-21T22:00:00,23.980
2026-05-21T23:00:00,21.229
2026-05-22T00:00:00,20.526
2026-05-22T01:00:00,18.134
2026-05-22T02:00:00,16.086
2026-05-22T03:00:00,14.038
2026-05-22T04:00:00,14.710
2026-05-22T05:00:00,12.764
2026-05-22T06:00:00,12.564
2026-05-22T07:00:00,10.784
2026-05-22T08:00:00,11.065
2026-05-22T09:00:00,10.760
2026-05-22T10:00:00,13.146
2026-05-22T11:00:00,12.537
2026-05-22T12:00:00,13.820
2026-05-22T13:00:00,15.495
2026-05-22T14:00:00,16.399
2026-05-22T15:00:00,18.704
2026-05-22T16:00:00,17.350
2026-05-22T17:00:00,23.613
2026-05-22T18:00:00,22.457
2026-05-22T19:00:00,22.962
2026-05-22T20:00:00,22.648
2026-05-22T21:00:00,22.020
2026-05-22T22:00:00,21.325
2026-05-22T23:00:00,20.992
2026-05-23T00:00:00,18.841
2026-05-23T01:00:00,18.450
2026-05-23T02:00:00,16.271
2026-05-23T03:00:00,16.643
2026-05-23T04:00:00,13.655
2026-05-23T05:00:00,12.638
2026-05-23T06:00:00,11.409
2026-05-23T07:00:00,10.947
2026-05-23T08:00:00,9.956
2026-05-23T09:00:00,11.250
2026-05-23T10:00:00,11.680
2026-05-23T11:00:00,13.197
2026-05-23T12:00:00,14.020
2026-05-23T13:00:00,14.170
2026-05-23T14:00:00,17.111
2026-05-23T15:00:00,19.319
2026-05-23T16:00:00,19.154
2026-05-23T17:00:00,20.725
2026-05-23T18:00:00,19.836
2026-05-23T19:00:00,19.855
2026-05-23T20:00:00,21.861
2026-05-23T21:00:00,21.513
2026-05-23T22:00:00,19.897
2026-05-23T23:00:00,21.873
2026-05-24T00:00:00,18.946
2026-05-24T01:00:00,19.472
2026-05-24T02:00:00,16.103
2026-05-24T03:00:00,15.068
2026-05-24T04:00:00,14.407
2026-05-24T05:00:00,13.717
2026-05-24T06:00:00,10.174
2026-05-24T07:00:00,12.268
2026-05-24T08:00:00,11.654
2026-05-24T09:00:00,9.923
2026-05-24T10:00:00,11.997
2026-05-24T11:00:00,12.395
2026-05-24T12:00:00,14.249
2026-05-24T13:00:00,14.002
2026-05-24T14:00:00,16.373
2026-05-24T15:00:00,20.312
2026-05-24T16:00:00,20.089
2026-05-24T17:00:00,20.257
2026-05-24T18:00:00,20.866
2026-05-24T19:00:00,22.071
2026-05-24T20:00:00,23.548
2026-05-24T21:00:00,22.138
2026-05-24T22:00:00,23.938
2026-05-24T23:00:00,20.278
2026-05-25T00:00:00,19.093
2026-05-25T01:00:00,16.948
2026-05-25T02:00:00,16.135
2026-05-25T03:00:00,14.339
2026-05-25T04:00:00,14.654
2026-05-25T05:00:00,13.100
2026-05-25T06:00:00,12.150
2026-05-25T07:00:00,10.736
2026-05-25T08:00:00,11.194
2026-05-25T09:00:00,9.731
2026-05-25T10:00:00,11.585
2026-05-25T11:00:00,12.317
2026-05-25T12:00:00,14.458
2026-05-25T13:00:00,15.932
2026-05-25T14:00:00,16.570
2026-05-25T15:00:00,18.132
2026-05-25T16:00:00,21.729
2026-05-25T17:00:00,20.731
2026-05-25T18:00:00,22.338
2026-05-25T19:00:00,22.526
2026-05-25T20:00:00,23.371
2026-05-25T21:00:00,23.694
2026-05-25T22:00:00,21.882
2026-05-25T23:00:00,20.779
2026-05-26T00:00:00,20.357
2026-05-26T01:00:00,17.943
2026-05-26T02:00:00,16.270
2026-05-26T03:00:00,15.956
2026-05-26T04:00:00,13.584
2026-05-26T05:00:00,12.203
2026-05-26T06:00:00,10.874
2026-05-26T07:00:00,11.508
2026-05-26T08:00:00,11.576
2026-05-26T09:00:00,11.036
2026-05-26T10:00:00,12.036
2026-05-26T11:00:00,13.237
2026-05-26T12:00:00,13.641
2026-05-26T13:00:00,16.606
2026-05-26T14:00:00,15.700
2026-05-26T15:00:00,19.220
2026-05-26T16:00:00,19.419
2026-05-26T17:00:00,21.020
2026-05-26T18:00:00,21.370
2026-05-26T19:00:00,19.391
2026-05-26T20:00:00,21.968
2026-05-26T21:00:00,22.023
2026-05-26T22:00:00,22.879
2026-05-26T23:00:00,21.220
2026-05-27T00:00:00,20.150
2026-05-27T01:00:00,19.730
2026-05-27T02:00:00,16.362
2026-05-27T03:00:00,15.692
2026-05-27T04:00:00,15.034
2026-05-27T05:00:00,12.066
2026-05-27T06:00:00,12.074
2026-05-27T07:00:00,10.301
2026-05-27T08:00:00,10.697
2026-05-27T09:00:00,11.301
2026-05-27T10:00:00,12.207
2026-05-27T11:00:00,12.555
2026-05-27T12:00:00,15.350
2026-05-27T13:00:00,15.142
2026-05-27T14:00:00,17.417
2026-05-27T15:00:00,17.567
2026-05-27T16:00:00,19.333
2026-05-27T17:00:00,17.565
2026-05-27T18:00:00,23.562
2026-05-27T19:00:00,23.000
2026-05-27T20:00:00,22.741
2026-05-27T21:00:00,22.530
2026-05-27T22:00:00,21.289
2026-05-27T23:00:00,21.366
2026-05-28T00:00:00,19.269
2026-05-28T01:00:00,19.690
2026-05-28T02:00:00,15.136
2026-05-28T03:00:00,13.996
2026-05-28T04:00:00,13.224
2026-05-28T05:00:00,12.530
2026-05-28T06:00:00,12.444
2026-05-28T07:00:00,10.096
2026-05-28T08:00:00,11.881
2026-05-28T09:00:00,10.440
2026-05-28T10:00:00,11.856
2026-05-28T11:00:00,11.256
2026-05-28T12:00:00,14.097
2026-05-28T13:00:00,16.326
2026-05-28T14:00:00,17.170
2026-05-28T15:00:00,19.110
2026-05-28T16:00:00,20.297
2026-05-28T17:00:00,20.536
2026-05-28T18:00:00,20.807
2026-05-28T19:00:00,24.924
2026-05-28T20:00:00,22.406
2026-05-28T21:00:00,22.374
2026-05-28T22:00:00,21.621
2026-05-28T23:00:00,21.951
2026-05-29T00:00:00,18.453
2026-05-29T01:00:00,18.076
2026-05-29T02:00:00,17.234
2026-05-29T03:00:00,13.932
2026-05-29T04:00:00,15.065
2026-05-29T05:00:00,11.842
2026-05-29T06:00:00,10.994
2026-05-29T07:00:00,11.138
2026-05-29T08:00:00,11.807
2026-05-29T09:00:00,12.490
2026-05-29T10:00:00,12.395
2026-05-29T11:00:00,13.717
2026-05-29T12:00:00,14.512
2026-05-29T13:00:00,14.904
2026-05-29T14:00:00,16.481
2026-05-29T15:00:00,17.118
2026-05-29T16:00:00,19.224
2026-05-29T17:00:00,19.104
2026-05-29T18:00:00,22.703
2026-05-29T19:00:00,22.068
2026-05-29T20:00:00,22.437
2026-05-29T21:00:00,22.379
2026-05-29T22:00:00,22.194
2026-05-29T23:00:00,21.468
2026-05-30T00:00:00,20.110
2026-05-30T01:00:00,19.899
2026-05-30T02:00:00,18.512
2026-05-30T03:00:00,17.291
2026-05-30T04:00:00,12.031
2026-05-30T05:00:00,12.767
2026-05-30T06:00:00,10.326
2026-05-30T07:00:00,11.168
2026-05-30T08:00:00,10.373
2026-05-30T09:00:00,11.225
2026-05-30T10:00:00,13.697
2026-05-30T11:00:00,13.212
2026-05-30T12:00:00,13.746
2026-05-30T13:00:00,14.492
2026-05-30T14:00:00,15.908
2026-05-30T15:00:00,17.510
2026-05-30T16:00:00,20.138
2026-05-30T17:00:00,21.726
2026-05-30T18:00:00,22.890
2026-05-30T19:00:00,21.946
2026-05-30T20:00:00,22.889
2026-05-30T21:00:00,24.108
2026-05-30T22:00:00,20.357
2026-05-30T23:00:00,21.582
2026-05-31T00:00:00,19.864
2026-05-31T01:00:00,17.425
2026-05-31T02:00:00,16.765
2026-05-31T03:00:00,15.722
2026-05-31T04:00:00,12.383
2026-05-31T05:00:00,11.830
2026-05-31T06:00:00,11.885
2026-05-31T07:00:00,11.369
2026-05-31T08:00:00,10.896
2026-05-31T09:00:00,11.294
2026-05-31T10:00:00,11.677
2026-05-31T11:00:00,11.845
2026-05-31T12:00:00,13.063
2026-05-31T13:00:00,15.752
2026-05-31T14:00:00,18.412
2026-05-31T15:00:00,18.819
2026-05-31T16:00:00,20.098
2026-05-31T17:00:00,19.768
2026-05-31T18:00:00,21.039
2026-05-31T19:00:00,21.280
2026-05-31T20:00:00,22.585
2026-05-31T21:00:00,23.081
2026-05-31T22:00:00,23.033
2026-05-31T23:00:00,19.408
2026-06-01T00:00:00,20.920
2026-06-01T01:00:00,18.830
2026-06-01T02:00:00,16.892
2026-06-01T03:00:00,14.873
2026-06-01T04:00:00,13.886
2026-06-01T05:00:00,13.130
2026-06-01T06:00:00,11.258
2026-06-01T07:00:00,11.155
2026-06-01T08:00:00,10.399
2026-06-01T09:00:00,10.412
2026-06-01T10:00:00,11.882
2026-06-01T11:00:00,12.671
2026-06-01T12:00:00,12.851
2026-06-01T13:00:00,14.006
2026-06-01T14:00:00,15.121
2026-06-01T15:00:00,17.288
2026-06-01T16:00:00,19.284
2026-06-01T17:00:00,22.331
2026-06-01T18:00:00,21.551
2026-06-01T19:00:00,21.321
2026-06-01T20:00:00,22.472
2026-06-01T21:00:00,21.761
2026-06-01T22:00:00,21.591
2026-06-01T23:00:00,22.564
2026-06-02T00:00:00,20.119
2026-06-02T01:00:00,17.124
2026-06-02T02:00:00,18.011
2026-06-02T03:00:00,15.313
2026-06-02T04:00:00,11.962
2026-06-02T05:00:00,12.654
2026-06-02T06:00:00,10.924
2026-06-02T07:00:00,9.494
2026-06-02T08:00:00,10.265
2026-06-02T09:00:00,10.189
2026-06-02T10:00:00,10.874
2026-06-02T11:00:00,12.937
2026-06-02T12:00:00,12.864
2026-06-02T13:00:00,14.500
2026-06-02T14:00:00,18.113
2026-06-02T15:00:00,17.302
2026-06-02T16:00:00,20.616
2026-06-02T17:00:00,23.040
2026-06-02T18:00:00,20.691
2026-06-02T19:00:00,22.468
2026-06-02T20:00:00,23.698
2026-06-02T21:00:00,20.472
2026-06-02T22:00:00,23.166
2026-06-02T23:00:00,20.894
2026-06-03T00:00:00,19.510
2026-06-03T01:00:00,19.480
2026-06-03T02:00:00,18.471
2026-06-03T03:00:00,14.224
2026-06-03T04:00:00,13.988
2026-06-03T05:00:00,10.944
2026-06-03T06:00:00,11.555
2026-06-03T07:00:00,11.265
2026-06-03T08:00:00,10.190
2026-06-03T09:00:00,10.663
2026-06-03T10:00:00,11.707
2026-06-03T11:00:00,12.219
2026-06-03T12:00:00,12.709
2026-06-03T13:00:00,14.973
2026-06-03T14:00:00,16.860
2026-06-03T15:00:00,17.431
2026-06-03T16:00:00,20.586
2026-06-03T17:00:00,22.453
2026-06-03T18:00:00,23.402
2026-06-03T19:00:00,23.471
2026-06-03T20:00:00,22.371
2026-06-03T21:00:00,22.685
2026-06-03T22:00:00,20.590
2026-06-03T23:00:00,22.297
2026-06-04T00:00:00,18.020
2026-06-04T01:00:00,18.344
2026-06-04T02:00:00,16.861
2026-06-04T03:00:00,14.912
2026-06-04T04:00:00,12.820
2026-06-04T05:00:00,12.190
2026-06-04T06:00:00,12.471
2026-06-04T07:00:00,11.372
2026-06-04T08:00:00,11.517
2026-06-04T09:00:00,10.044
2026-06-04T10:00:00,11.352
2026-06-04T11:00:00,11.332
2026-06-04T12:00:00,13.508
2026-06-04T13:00:00,14.751
2026-06-04T14:00:00,18.082
2026-06-04T15:00:00,18.958
2026-06-04T16:00:00,19.223
2026-06-04T17:00:00,19.731
2026-06-04T18:00:00,22.653
2026-06-04T19:00:00,22.335
2026-06-04T20:00:00,22.367
2026-06-04T21:00:00,19.039
2026-06-04T22:00:00,21.154
2026-06-04T23:00:00,21.824
2026-06-05T00:00:00,18.337
2026-06-05T01:00:00,18.047
2026-06-05T02:00:00,15.332
2026-06-05T03:00:00,14.894
2026-06-05T04:00:00,13.392
2026-06-05T05:00:00,12.427
2026-06-05T06:00:00,10.872
2026-06-05T07:00:00,10.737
2026-06-05T08:00:00,10.881
2026-06-05T09:00:00,11.538
2026-06-05T10:00:00,11.796
2026-06-05T11:00:00,12.354
2026-06-05T12:00:00,12.325
2026-06-05T13:00:00,14.647
2026-06-05T14:00:00,15.390
2026-06-05T15:00:00,19.402
2026-06-05T16:00:00,19.074
2026-06-05T17:00:00,19.580
2026-06-05T18:00:00,24.008
2026-06-05T19:00:00,22.132
2026-06-05T20:00:00,24.158
2026-06-05T21:00:00,22.834
2026-06-05T22:00:00,18.801
2026-06-05T23:00:00,21.374
2026-06-06T00:00:00,19.024
2026-06-06T01:00:00,16.816
2026-06-06T02:00:00,17.071
2026-06-06T03:00:00,14.292
2026-06-06T04:00:00,13.984
2026-06-06T05:00:00,11.973
2026-06-06T06:00:00,11.235
2026-06-06T07:00:00,10.334
2026-06-06T08:00:00,11.956
2026-06-06T09:00:00,10.593
2026-06-06T10:00:00,11.639
2026-06-06T11:00:00,12.027
2026-06-06T12:00:00,15.609
2026-06-06T13:00:00,15.160
2026-06-06T14:00:00,16.416
2026-06-06T15:00:00,19.267
2026-06-06T16:00:00,19.348
2026-06-06T17:00:00,22.977
2026-06-06T18:00:00,18.462
2026-06-06T19:00:00,21.741
2026-06-06T20:00:00,22.406
2026-06-06T21:00:00,19.762
2026-06-06T22:00:00,21.203
2026-06-06T23:00:00,18.863
2026-06-07T00:00:00,19.141
2026-06-07T01:00:00,17.497
2026-06-07T02:00:00,16.082
2026-06-07T03:00:00,14.702
2026-06-07T04:00:00,14.670
2026-06-07T05:00:00,12.120
2026-06-07T06:00:00,11.662
2026-06-07T07:00:00,10.704
2026-06-07T08:00:00,10.918
2026-06-07T09:00:00,10.634
2026-06-07T10:00:00,10.834
2026-06-07T11:00:00,12.464
2026-06-07T12:00:00,12.245
2026-06-07T13:00:00,15.188
2026-06-07T14:00:00,15.882
2026-06-07T15:00:00,18.624
2026-06-07T16:00:00,17.372
2026-06-07T17:00:00,20.371
2026-06-07T18:00:00,22.652
2026-06-07T19:00:00,20.949
2026-06-07T20:00:00,22.125
2026-06-07T21:00:00,22.089
2026-06-07T22:00:00,21.793
2026-06-07T23:00:00,21.145
2026-06-08T00:00:00,18.735
2026-06-08T01:00:00,18.559
2026-06-08T02:00:00,17.372
2026-06-08T03:00:00,15.389
2026-06-08T04:00:00,14.364
2026-06-08T05:00:00,12.949
2026-06-08T06:00:00,11.492
2026-06-08T07:00:00,10.880
2026-06-08T08:00:00,11.255
2026-06-08T09:00:00,12.225
2026-06-08T10:00:00,11.489
2026-06-08T11:00:00,13.441
2026-06-08T12:00:00,14.223
2026-06-08T13:00:00,14.271
2026-06-08T14:00:00,15.198
2026-06-08T15:00:00,18.732
2026-06-08T16:00:00,20.774
2026-06-08T17:00:00,21.447
2026-06-08T18:00:00,19.362
2026-06-08T19:00:00,20.253
2026-06-08T20:00:00,21.697
2026-06-08T21:00:00,22.275
2026-06-08T22:00:00,23.182
2026-06-08T23:00:00,20.883
2026-06-09T00:00:00,20.048
2026-06-09T01:00:00,17.938
2026-06-09T02:00:00,15.425
2026-06-09T03:00:00,16.426
2026-06-09T04:00:00,14.191
2026-06-09T05:00:00,12.107
2026-06-09T06:00:00,10.921
2026-06-09T07:00:00,10.681
2026-06-09T08:00:00,12.214
2026-06-09T09:00:00,10.331
2026-06-09T10:00:00,12.566
2026-06-09T11:00:00,11.776
2026-06-09T12:00:00,13.579
2026-06-09T13:00:00,13.329
2026-06-09T14:00:00,15.109
2026-06-09T15:00:00,19.717
2026-06-09T16:00:00,19.134
2026-06-09T17:00:00,19.649
2026-06-09T18:00:00,20.515
2026-06-09T19:00:00,21.755
2026-06-09T20:00:00,20.853
2026-06-09T21:00:00,22.356
2026-06-09T22:00:00,21.194
2026-06-09T23:00:00,19.913
2026-06-10T00:00:00,20.894
2026-06-10T01:00:00,17.212
2026-06-10T02:00:00,16.072
2026-06-10T03:00:00,15.499
2026-06-10T04:00:00,14.478
2026-06-10T05:00:00,11.208
2026-06-10T06:00:00,11.175
2026-06-10T07:00:00,11.086
2026-06-10T08:00:00,11.108
2026-06-10T09:00:00,10.326
2026-06-10T10:00:00,10.992
2026-06-10T11:00:00,12.352
2026-06-10T12:00:00,13.106
2026-06-10T13:00:00,14.312
2026-06-10T14:00:00,17.586
2026-06-10T15:00:00,20.136
2026-06-10T16:00:00,20.051
2026-06-10T17:00:00,20.413
2026-06-10T18:00:00,21.179
2026-06-10T19:00:00,21.861
2026-06-10T20:00:00,23.330
2026-06-10T21:00:00,23.663
2026-06-10T22:00:00,21.448
2026-06-10T23:00:00,19.807
2026-06-11T00:00:00,20.159
2026-06-11T01:00:00,17.571
2026-06-11T02:00:00,16.526
2026-06-11T03:00:00,13.898
2026-06-11T04:00:00,12.679
2026-06-11T05:00:00,11.756
2026-06-11T06:00:00,12.649
2026-06-11T07:00:00,11.050
2026-06-11T08:00:00,10.923
2026-06-11T09:00:00,10.698
2026-06-11T10:00:00,11.415
2026-06-11T11:00:00,12.783
2026-06-11T12:00:00,12.865
2026-06-11T13:00:00,15.816
2026-06-11T14:00:00,18.182
2026-06-11T15:00:00,17.389
2026-06-11T16:00:00,18.408
2026-06-11T17:00:00,21.810
2026-06-11T18:00:00,22.317
2026-06-11T19:00:00,23.124
2026-06-11T20:00:00,23.532
2026-06-11T21:00:00,20.609
2026-06-11T22:00:00,20.709
2026-06-11T23:00:00,20.075
2026-06-12T00:00:00,18.823
2026-06-12T01:00:00,16.763
2026-06-12T02:00:00,15.443
2026-06-12T03:00:00,12.895
2026-06-12T04:00:00,14.442
2026-06-12T05:00:00,12.010
2026-06-12T06:00:00,10.212
2026-06-12T07:00:00,10.271
2026-06-12T08:00:00,10.035
2026-06-12T09:00:00,11.548
2026-06-12T10:00:00,10.752
2026-06-12T11:00:00,10.993
2026-06-12T12:00:00,13.271
2026-06-12T13:00:00,13.927
2026-06-12T14:00:00,16.034
2026-06-12T15:00:00,17.980
2026-06-12T16:00:00,20.018
2026-06-12T17:00:00,18.237
2026-06-12T18:00:00,22.898
2026-06-12T19:00:00,20.420
2026-06-12T20:00:00,19.263
2026-06-12T21:00:00,21.637
2026-06-12T22:00:00,19.851
2026-06-12T23:00:00,19.947
2026-06-13T00:00:00,18.744
2026-06-13T01:00:00,18.284
2026-06-13T02:00:00,16.574
2026-06-13T03:00:00,13.768
2026-06-13T04:00:00,14.079
2026-06-13T05:00:00,12.691
2026-06-13T06:00:00,10.170
2026-06-13T07:00:00,11.005
2026-06-13T08:00:00,10.862
2026-06-13T09:00:00,10.590
2026-06-13T10:00:00,11.740
2026-06-13T11:00:00,12.706
2026-06-13T12:00:00,13.066
2026-06-13T13:00:00,15.364
2026-06-13T14:00:00,15.788
2026-06-13T15:00:00,17.582
2026-06-13T16:00:00,20.084
2026-06-13T17:00:00,18.567
2026-06-13T18:00:00,20.778
2026-06-13T19:00:00,21.166
2026-06-13T20:00:00,22.203
2026-06-13T21:00:00,22.291
2026-06-13T22:00:00,19.491
2026-06-13T23:00:00,18.502
2026-06-14T00:00:00,19.460
2026-06-14T01:00:00,15.660
2026-06-14T02:00:00,16.709
2026-06-14T03:00:00,16.021
2026-06-14T04:00:00,13.366
2026-06-14T05:00:00,12.232
2026-06-14T06:00:00,11.206
2026-06-14T07:00:00,10.436
2026-06-14T08:00:00,12.390
2026-06-14T09:00:00,10.971
2026-06-14T10:00:00,11.336
2026-06-14T11:00:00,12.069
2026-06-14T12:00:00,13.617
2026-06-14T13:00:00,15.671
2026-06-14T14:00:00,16.645
2026-06-14T15:00:00,19.453
2026-06-14T16:00:00,21.039
2026-06-14T17:00:00,19.849
2026-06-14T18:00:00,20.841
2026-06-14T19:00:00,23.815
2026-06-14T20:00:00,21.359
2026-06-14T21:00:00,24.991
2026-06-14T22:00:00,22.562
2026-06-14T23:00:00,20.459
2026-06-15T00:00:00,17.186
2026-06-15T01:00:00,18.524
2026-06-15T02:00:00,16.693
2026-06-15T03:00:00,15.019
2026-06-15T04:00:00,13.022
2026-06-15T05:00:00,12.546
2026-06-15T06:00:00,11.412
2026-06-15T07:00:00,10.601
2026-06-15T08:00:00,10.751
2026-06-15T09:00:00,10.441
2026-06-15T10:00:00,11.401
2026-06-15T11:00:00,12.567
2026-06-15T12:00:00,13.932
2026-06-15T13:00:00,14.820
2026-06-15T14:00:00,16.246
2026-06-15T15:00:00,16.965
2026-06-15T16:00:00,19.993
2026-06-15T17:00:00,20.097
2026-06-15T18:00:00,21.721
2026-06-15T19:00:00,22.985
2026-06-15T20:00:00,20.838
2026-06-15T21:00:00,21.788
2026-06-15T22:00:00,22.893
2026-06-15T23:00:00,20.069
2026-06-16T00:00:00,21.274
2026-06-16T01:00:00,16.859
2026-06-16T02:00:00,16.805
2026-06-16T03:00:00,14.271
2026-06-16T04:00:00,13.794
2026-06-16T05:00:00,11.964
2026-06-16T06:00:00,10.772
2026-06-16T07:00:00,11.464
2026-06-16T08:00:00,10.572
2026-06-16T09:00:00,11.352
2026-06-16T10:00:00,12.471
2026-06-16T11:00:00,11.564
2026-06-16T12:00:00,14.498
2026-06-16T13:00:00,15.368
2026-06-16T14:00:00,15.114
2026-06-16T15:00:00,16.162
2026-06-16T16:00:00,19.634
2026-06-16T17:00:00,20.629
2026-06-16T18:00:00,22.174
2026-06-16T19:00:00,22.621
2026-06-16T20:00:00,19.299
2026-06-16T21:00:00,23.698
2026-06-16T22:00:00,22.760
2026-06-16T23:00:00,21.601
2026-06-17T00:00:00,19.692
2026-06-17T01:00:00,16.287
2026-06-17T02:00:00,16.208
2026-06-17T03:00:00,14.095
2026-06-17T04:00:00,13.160
2026-06-17T05:00:00,12.029
2026-06-17T06:00:00,11.415
2026-06-17T07:00:00,10.768
2026-06-17T08:00:00,10.883
2026-06-17T09:00:00,10.708
2026-06-17T10:00:00,11.386
2026-06-17T11:00:00,13.192
2026-06-17T12:00:00,13.130
2026-06-17T13:00:00,15.948
2026-06-17T14:00:00,16.115
2026-06-17T15:00:00,18.221
2026-06-17T16:00:00,21.729
2026-06-17T17:00:00,19.641
2026-06-17T18:00:00,22.083
2026-06-17T19:00:00,23.451
2026-06-17T20:00:00,22.042
2026-06-17T21:00:00,21.763
2026-06-17T22:00:00,22.169
2026-06-17T23:00:00,19.170
2026-06-18T00:00:00,20.514
2026-06-18T01:00:00,17.415
2026-06-18T02:00:00,14.994
2026-06-18T03:00:00,15.608
2026-06-18T04:00:00,13.528
2026-06-18T05:00:00,12.337
2026-06-18T06:00:00,11.128
2026-06-18T07:00:00,11.147
2026-06-18T08:00:00,10.022
2026-06-18T09:00:00,10.983
2026-06-18T10:00:00,11.391
2026-06-18T11:00:00,11.982
2026-06-18T12:00:00,14.649
2026-06-18T13:00:00,15.174
2026-06-18T14:00:00,15.026
2026-06-18T15:00:00,18.583
2026-06-18T16:00:00,19.029
2026-06-18T17:00:00,18.792
2026-06-18T18:00:00,20.644
2026-06-18T19:00:00,21.025
2026-06-18T20:00:00,22.770
2026-06-18T21:00:00,21.946
2026-06-18T22:00:00,20.849
2026-06-18T23:00:00,21.338
2026-06-19T00:00:00,19.551
2026-06-19T01:00:00,18.628
2026-06-19T02:00:00,16.345
2026-06-19T03:00:00,15.221
2026-06-19T04:00:00,13.947
2026-06-19T05:00:00,12.596
2026-06-19T06:00:00,10.692
2026-06-19T07:00:00,10.644
2026-06-19T08:00:00,9.661
2026-06-19T09:00:00,12.659
2026-06-19T10:00:00,11.713
2026-06-19T11:00:00,11.864
2026-06-19T12:00:00,13.249
2026-06-19T13:00:00,15.330
2026-06-19T14:00:00,15.249
2026-06-19T15:00:00,17.762
2026-06-19T16:00:00,20.220
2026-06-19T17:00:00,20.869
2026-06-19T18:00:00,22.197
2026-06-19T19:00:00,23.340
2026-06-19T20:00:00,21.799
2026-06-19T21:00:00,23.791
2026-06-19T22:00:00,20.916
2026-06-19T23:00:00,19.568
2026-06-20T00:00:00,20.196
2026-06-20T01:00:00,18.135
2026-06-20T02:00:00,14.932
2026-06-20T03:00:00,15.724
2026-06-20T04:00:00,14.404
2026-06-20T05:00:00,11.306
2026-06-20T06:00:00,11.440
2026-06-20T07:00:00,12.645
2026-06-20T08:00:00,11.152
2026-06-20T09:00:00,12.130
2026-06-20T10:00:00,10.469
2026-06-20T11:00:00,13.551
2026-06-20T12:00:00,12.720
2026-06-20T13:00:00,15.733
2026-06-20T14:00:00,18.741
2026-06-20T15:00:00,18.606
2026-06-20T16:00:00,19.424
2026-06-20T17:00:00,20.773
2026-06-20T18:00:00,20.133
2026-06-20T19:00:00,23.690
2026-06-20T20:00:00,20.996
2026-06-20T21:00:00,23.581
2026-06-20T22:00:00,22.410
2026-06-20T23:00:00,20.577
2026-06-21T00:00:00,19.273
2026-06-21T01:00:00,18.141
2026-06-21T02:00:00,13.956
2026-06-21T03:00:00,16.398
2026-06-21T04:00:00,12.675
2026-06-21T05:00:00,11.961
2026-06-21T06:00:00,10.479
2026-06-21T07:00:00,10.804
2026-06-21T08:00:00,10.176
2026-06-21T09:00:00,10.440
2026-06-21T10:00:00,11.553
2026-06-21T11:00:00,13.674
2026-06-21T12:00:00,11.714
2026-06-21T13:00:00,15.644
2026-06-21T14:00:00,16.209
2026-06-21T15:00:00,17.836
2026-06-21T16:00:00,19.897
2026-06-21T17:00:00,19.622
2026-06-21T18:00:00,22.147
2026-06-21T19:00:00,23.654
2026-06-21T20:00:00,24.660
2026-06-21T21:00:00,19.468
2026-06-21T22:00:00,21.961
2026-06-21T23:00:00,21.779
2026-06-22T00:00:00,20.597
2026-06-22T01:00:00,18.611
2026-06-22T02:00:00,16.771
2026-06-22T03:00:00,15.418
2026-06-22T04:00:00,13.847
2026-06-22T05:00:00,12.034
2026-06-22T06:00:00,11.220
2026-06-22T07:00:00,10.418
2026-06-22T08:00:00,11.817
2026-06-22T09:00:00,11.488
2026-06-22T10:00:00,10.168
2026-06-22T11:00:00,13.131
2026-06-22T12:00:00,12.849
2026-06-22T13:00:00,15.649
2026-06-22T14:00:00,16.576
2026-06-22T15:00:00,18.898
2026-06-22T16:00:00,20.280
2026-06-22T17:00:00,19.427
2026-06-22T18:00:00,22.406
2026-06-22T19:00:00,21.716
2026-06-22T20:00:00,22.317
2026-06-22T21:00:00,22.013
2026-06-22T22:00:00,20.868
2026-06-22T23:00:00,21.361
2026-06-23T00:00:00,18.356
2026-06-23T01:00:00,18.669
2026-06-23T02:00:00,17.065
2026-06-23T03:00:00,14.993
2026-06-23T04:00:00,11.736
2026-06-23T05:00:00,11.868
2026-06-23T06:00:00,10.852
2026-06-23T07:00:00,10.724
2026-06-23T08:00:00,11.509
2026-06-23T09:00:00,11.489
2026-06-23T10:00:00,11.223
2026-06-23T11:00:00,11.851
2026-06-23T12:00:00,13.297
2026-06-23T13:00:00,14.976
2026-06-23T14:00:00,16.296
2026-06-23T15:00:00,19.910
2026-06-23T16:00:00,19.789
2026-06-23T17:00:00,20.265
2026-06-23T18:00:00,20.797
2026-06-23T19:00:00,20.949
2026-06-23T20:00:00,25.787
2026-06-23T21:00:00,22.799
2026-06-23T22:00:00,21.400
2026-06-23T23:00:00,21.250
2026-06-24T00:00:00,19.612
2026-06-24T01:00:00,15.293
2026-06-24T02:00:00,16.701
2026-06-24T03:00:00,14.150
2026-06-24T04:00:00,13.014
2026-06-24T05:00:00,11.476
2026-06-24T06:00:00,12.108
2026-06-24T07:00:00,11.593
2026-06-24T08:00:00,11.528
2026-06-24T09:00:00,10.714
2026-06-24T10:00:00,10.597
2026-06-24T11:00:00,12.485
2026-06-24T12:00:00,14.067
2026-06-24T13:00:00,14.617
2026-06-24T14:00:00,15.514
2026-06-24T15:00:00,18.480
2026-06-24T16:00:00,19.644
2026-06-24T17:00:00,19.671
2026-06-24T18:00:00,19.346
2026-06-24T19:00:00,21.008
2026-06-24T20:00:00,22.762
2026-06-24T21:00:00,21.912
2026-06-24T22:00:00,21.324
2026-06-24T23:00:00,19.314
2026-06-25T00:00:00,19.258
2026-06-25T01:00:00,18.534
2026-06-25T02:00:00,14.961
2026-06-25T03:00:00,15.704
2026-06-25T04:00:00,13.582
2026-06-25T05:00:00,12.006
2026-06-25T06:00:00,11.435
2026-06-25T07:00:00,10.693
2026-06-25T08:00:00,10.981
2026-06-25T09:00:00,10.110
2026-06-25T10:00:00,11.866
2026-06-25T11:00:00,11.846
2026-06-25T12:00:00,14.395
2026-06-25T13:00:00,15.518
2026-06-25T14:00:00,16.882
2026-06-25T15:00:00,17.011
2026-06-25T16:00:00,16.385
2026-06-25T17:00:00,21.115
2026-06-25T18:00:00,23.769
2026-06-25T19:00:00,21.718
2026-06-25T20:00:00,25.532
2026-06-25T21:00:00,22.038
2026-06-25T22:00:00,22.941
2026-06-25T23:00:00,20.678
2026-06-26T00:00:00,17.785
2026-06-26T01:00:00,17.390
2026-06-26T02:00:00,15.993
2026-06-26T03:00:00,16.058
2026-06-26T04:00:00,14.590
2026-06-26T05:00:00,12.323
2026-06-26T06:00:00,10.885
2026-06-26T07:00:00,9.964
2026-06-26T08:00:00,10.875
2026-06-26T09:00:00,10.357
2026-06-26T10:00:00,12.334
2026-06-26T11:00:00,12.886
2026-06-26T12:00:00,14.140
2026-06-26T13:00:00,16.307
2026-06-26T14:00:00,16.889
2026-06-26T15:00:00,17.336
2026-06-26T16:00:00,19.448
2026-06-26T17:00:00,18.743
2026-06-26T18:00:00,22.826
2026-06-26T19:00:00,20.791
2026-06-26T20:00:00,22.887
2026-06-26T21:00:00,21.351
2026-06-26T22:00:00,20.330
2026-06-26T23:00:00,20.390
2026-06-27T00:00:00,18.973
2026-06-27T01:00:00,18.037
2026-06-27T02:00:00,15.897
2026-06-27T03:00:00,16.105
2026-06-27T04:00:00,15.864
2026-06-27T05:00:00,11.947
2026-06-27T06:00:00,11.743
2026-06-27T07:00:00,11.059
2026-06-27T08:00:00,10.979
2026-06-27T09:00:00,10.991
2026-06-27T10:00:00,13.116
2026-06-27T11:00:00,12.535
2026-06-27T12:00:00,12.764
2026-06-27T13:00:00,14.279
2026-06-27T14:00:00,17.109
2026-06-27T15:00:00,18.162
2026-06-27T16:00:00,18.977
2026-06-27T17:00:00,20.928
2026-06-27T18:00:00,23.110
2026-06-27T19:00:00,21.781
2026-06-27T20:00:00,23.614
2026-06-27T21:00:00,22.046
2026-06-27T22:00:00,20.336
2026-06-27T23:00:00,19.953
2026-06-28T00:00:00,17.554
2026-06-28T01:00:00,18.400
2026-06-28T02:00:00,15.293
2026-06-28T03:00:00,14.272
2026-06-28T04:00:00,12.732
2026-06-28T05:00:00,12.403
2026-06-28T06:00:00,11.910
2026-06-28T07:00:00,11.115
2026-06-28T08:00:00,10.369
2026-06-28T09:00:00,10.795
2026-06-28T10:00:00,10.981
2026-06-28T11:00:00,12.960
2026-06-28T12:00:00,12.618
2026-06-28T13:00:00,16.998
2026-06-28T14:00:00,14.819
2026-06-28T15:00:00,17.648
2026-06-28T16:00:00,18.244
2026-06-28T17:00:00,21.334
2026-06-28T18:00:00,19.989
2026-06-28T19:00:00,23.265
2026-06-28T20:00:00,21.628
2026-06-28T21:00:00,22.912
2026-06-28T22:00:00,24.390
2026-06-28T23:00:00,19.548
2026-06-29T00:00:00,18.741
2026-06-29T01:00:00,19.234
2026-06-29T02:00:00,17.745
2026-06-29T03:00:00,14.963
2026-06-29T04:00:00,14.255
2026-06-29T05:00:00,12.169
2026-06-29T06:00:00,11.526
2026-06-29T07:00:00,11.227
2026-06-29T08:00:00,10.543
2026-06-29T09:00:00,10.893
2026-06-29T10:00:00,12.651
2026-06-29T11:00:00,12.798
2026-06-29T12:00:00,12.500
2026-06-29T13:00:00,13.870
2026-06-29T14:00:00,18.255
2026-06-29T15:00:00,18.148
2026-06-29T16:00:00,21.080
2026-06-29T17:00:00,19.437
2026-06-29T18:00:00,21.104
2026-06-29T19:00:00,20.548
2026-06-29T20:00:00,21.649
2026-06-29T21:00:00,21.320
2026-06-29T22:00:00,20.235
2026-06-29T23:00:00,20.155
2026-06-30T00:00:00,19.915
2026-06-30T01:00:00,16.852
2026-06-30T02:00:00,17.430
2026-06-30T03:00:00,16.356
2026-06-30T04:00:00,14.305
2026-06-30T05:00:00,12.684
2026-06-30T06:00:00,12.120
2026-06-30T07:00:00,11.423
2026-06-30T08:00:00,9.882
2026-06-30T09:00:00,10.959
2026-06-30T10:00:00,12.434
2026-06-30T11:00:00,11.799
2026-06-30T12:00:00,14.496
2026-06-30T13:00:00,14.644
2026-06-30T14:00:00,16.319
2026-06-30T15:00:00,16.946
2026-06-30T16:00:00,18.467
2026-06-30T17:00:00,18.941
2026-06-30T18:00:00,21.510
2026-06-30T19:00:00,21.014
2026-06-30T20:00:00,24.176
2026-06-30T21:00:00,20.799
2026-06-30T22:00:00,18.845
2026-06-30T23:00:00,21.802
2026-07-01T00:00:00,16.277
2026-07-01T01:00:00,16.566
2026-07-01T02:00:00,15.836
2026-07-01T03:00:00,15.790
2026-07-01T04:00:00,13.060
2026-07-01T05:00:00,11.299
2026-07-01T06:00:00,11.760
2026-07-01T07:00:00,9.844
2026-07-01T08:00:00,9.970
2026-07-01T09:00:00,10.054
2026-07-01T10:00:00,11.792
2026-07-01T11:00:00,12.305
2026-07-01T12:00:00,10.147
2026-07-01T13:00:00,13.783
2026-07-01T14:00:00,14.840
2026-07-01T15:00:00,15.913
2026-07-01T16:00:00,17.490
2026-07-01T17:00:00,19.425
2026-07-01T18:00:00,18.515
2026-07-01T19:00:00,20.773
2026-07-01T20:00:00,20.638
2026-07-01T21:00:00,20.770
2026-07-01T22:00:00,22.460
2026-07-01T23:00:00,19.706
2026-07-02T00:00:00,17.678
2026-07-02T01:00:00,16.053
2026-07-02T02:00:00,15.137
2026-07-02T03:00:00,13.710
2026-07-02T04:00:00,13.476
2026-07-02T05:00:00,11.239
2026-07-02T06:00:00,10.179
2026-07-02T07:00:00,9.589
2026-07-02T08:00:00,9.368
2026-07-02T09:00:00,10.338
2026-07-02T10:00:00,9.724
2026-07-02T11:00:00,10.245
2026-07-02T12:00:00,13.664
2026-07-02T13:00:00,13.794
2026-07-02T14:00:00,15.137
2026-07-02T15:00:00,15.774
2026-07-02T16:00:00,18.800
2026-07-02T17:00:00,18.720
2026-07-02T18:00:00,19.701
2026-07-02T19:00:00,22.625
2026-07-02T20:00:00,20.915
2026-07-02T21:00:00,18.879
2026-07-02T22:00:00,18.608
2026-07-02T23:00:00,17.518
2026-07-03T00:00:00,17.464
2026-07-03T01:00:00,16.784
2026-07-03T02:00:00,16.059
2026-07-03T03:00:00,13.724
2026-07-03T04:00:00,11.878
2026-07-03T05:00:00,11.918
2026-07-03T06:00:00,10.435
2026-07-03T07:00:00,10.001
2026-07-03T08:00:00,11.000
2026-07-03T09:00:00,10.366
2026-07-03T10:00:00,10.286
2026-07-03T11:00:00,11.170
2026-07-03T12:00:00,13.987
2026-07-03T13:00:00,13.434
2026-07-03T14:00:00,14.233
2026-07-03T15:00:00,16.389
2026-07-03T16:00:00,16.683
2026-07-03T17:00:00,20.281
2026-07-03T18:00:00,20.526
2026-07-03T19:00:00,20.881
2026-07-03T20:00:00,20.201
2026-07-03T21:00:00,21.561
2026-07-03T22:00:00,20.292
2026-07-03T23:00:00,18.002
2026-07-04T00:00:00,18.772
2026-07-04T01:00:00,17.740
2026-07-04T02:00:00,14.381
2026-07-04T03:00:00,14.734
2026-07-04T04:00:00,12.992
2026-07-04T05:00:00,11.933
2026-07-04T06:00:00,10.258
2026-07-04T07:00:00,9.066
2026-07-04T08:00:00,10.530
2026-07-04T09:00:00,9.543
2026-07-04T10:00:00,10.902
2026-07-04T11:00:00,10.926
2026-07-04T12:00:00,13.115
2026-07-04T13:00:00,13.327
2026-07-04T14:00:00,15.570
2026-07-04T15:00:00,14.791
2026-07-04T16:00:00,16.120
2026-07-04T17:00:00,18.256
2026-07-04T18:00:00,20.854
2026-07-04T19:00:00,20.137
2026-07-04T20:00:00,19.726
2026-07-04T21:00:00,22.294
2026-07-04T22:00:00,18.194
2026-07-04T23:00:00,19.331
2026-07-05T00:00:00,16.715
2026-07-05T01:00:00,16.554
2026-07-05T02:00:00,14.657
2026-07-05T03:00:00,12.955
2026-07-05T04:00:00,12.755
2026-07-05T05:00:00,11.283
2026-07-05T06:00:00,10.574
2026-07-05T07:00:00,10.286
2026-07-05T08:00:00,10.404
2026-07-05T09:00:00,9.391
2026-07-05T10:00:00,9.823
2026-07-05T11:00:00,11.766
2026-07-05T12:00:00,12.644
2026-07-05T13:00:00,14.341
2026-07-05T14:00:00,17.097
2026-07-05T15:00:00,18.191
2026-07-05T16:00:00,19.534
2026-07-05T17:00:00,18.807
2026-07-05T18:00:00,21.677
2026-07-05T19:00:00,19.661
2026-07-05T20:00:00,20.084
2026-07-05T21:00:00,21.104
2026-07-05T22:00:00,20.055
2026-07-05T23:00:00,19.421
2026-07-06T00:00:00,17.832
2026-07-06T01:00:00,16.184
2026-07-06T02:00:00,15.844
2026-07-06T03:00:00,12.923
2026-07-06T04:00:00,11.787
2026-07-06T05:00:00,11.555
2026-07-06T06:00:00,10.824
2026-07-06T07:00:00,9.855
2026-07-06T08:00:00,9.921
2026-07-06T09:00:00,9.973
2026-07-06T10:00:00,10.193
2026-07-06T11:00:00,12.511
2026-07-06T12:00:00,13.582
2026-07-06T13:00:00,14.424
2026-07-06T14:00:00,14.809
2026-07-06T15:00:00,16.129
2026-07-06T16:00:00,20.110
2026-07-06T17:00:00,20.124
2026-07-06T18:00:00,18.545
2026-07-06T19:00:00,22.773
2026-07-06T20:00:00,21.031
2026-07-06T21:00:00,20.803
2026-07-06T22:00:00,19.530
2026-07-06T23:00:00,19.893
2026-07-07T00:00:00,18.591
2026-07-07T01:00:00,15.353
2026-07-07T02:00:00,14.626
2026-07-07T03:00:00,13.557
2026-07-07T04:00:00,12.589
2026-07-07T05:00:00,11.597
2026-07-07T06:00:00,9.819
2026-07-07T07:00:00,9.562
2026-07-07T08:00:00,10.847
2026-07-07T09:00:00,10.384
2026-07-07T10:00:00,10.935
2026-07-07T11:00:00,11.351
2026-07-07T12:00:00,11.861
2026-07-07T13:00:00,13.382
2026-07-07T14:00:00,15.334
2026-07-07T15:00:00,15.767
2026-07-07T16:00:00,16.575
2026-07-07T17:00:00,18.290
2026-07-07T18:00:00,18.668
2026-07-07T19:00:00,20.956
2026-07-07T20:00:00,20.276
2026-07-07T21:00:00,19.554
2026-07-07T22:00:00,18.440
2026-07-07T23:00:00,19.012
2026-07-08T00:00:00,14.568
2026-07-08T01:00:00,17.132
2026-07-08T02:00:00,15.173
2026-07-08T03:00:00,14.183
2026-07-08T04:00:00,12.586
2026-07-08T05:00:00,11.306
2026-07-08T06:00:00,11.086
2026-07-08T07:00:00,9.556
2026-07-08T08:00:00,9.859
2026-07-08T09:00:00,10.124
2026-07-08T10:00:00,12.034
2026-07-08T11:00:00,11.796
2026-07-08T12:00:00,10.982
2026-07-08T13:00:00,14.184
2026-07-08T14:00:00,16.348
2026-07-08T15:00:00,15.150
2026-07-08T16:00:00,18.840
2026-07-08T17:00:00,19.159
2026-07-08T18:00:00,20.915
2026-07-08T19:00:00,20.270
2026-07-08T20:00:00,19.409
2026-07-08T21:00:00,21.741
2026-07-08T22:00:00,21.084
2026-07-08T23:00:00,18.566
2026-07-09T00:00:00,17.489
2026-07-09T01:00:00,15.421
2026-07-09T02:00:00,17.256
2026-07-09T03:00:00,13.227
2026-07-09T04:00:00,12.776
2026-07-09T05:00:00,10.978
2026-07-09T06:00:00,10.427
2026-07-09T07:00:00,10.449
2026-07-09T08:00:00,10.047
2026-07-09T09:00:00,10.823
2026-07-09T10:00:00,9.943
2026-07-09T11:00:00,12.186
2026-07-09T12:00:00,13.208
2026-07-09T13:00:00,14.254
2026-07-09T14:00:00,14.797
2026-07-09T15:00:00,16.969
2026-07-09T16:00:00,15.313
2026-07-09T17:00:00,19.421
2026-07-09T18:00:00,19.143
2026-07-09T19:00:00,20.935
2026-07-09T20:00:00,21.189
2026-07-09T21:00:00,19.849
2026-07-09T22:00:00,20.360
2026-07-09T23:00:00,17.923
2026-07-10T00:00:00,17.319
2026-07-10T01:00:00,16.571
2026-07-10T02:00:00,14.793
2026-07-10T03:00:00,14.606
2026-07-10T04:00:00,13.925
2026-07-10T05:00:00,11.982
2026-07-10T06:00:00,11.162
2026-07-10T07:00:00,10.814
2026-07-10T08:00:00,10.234
2026-07-10T09:00:00,10.253
2026-07-10T10:00:00,10.094
2026-07-10T11:00:00,11.553
2026-07-10T12:00:00,11.530
2026-07-10T13:00:00,14.068
2026-07-10T14:00:00,15.036
2026-07-10T15:00:00,16.217
2026-07-10T16:00:00,17.219
2026-07-10T17:00:00,18.682
2026-07-10T18:00:00,19.958
2026-07-10T19:00:00,20.935
2026-07-10T20:00:00,20.305
2026-07-10T21:00:00,17.722
2026-07-10T22:00:00,22.227
2026-07-10T23:00:00,17.582
2026-07-11T00:00:00,17.037
2026-07-11T01:00:00,16.788
2026-07-11T02:00:00,14.477
2026-07-11T03:00:00,13.760
2026-07-11T04:00:00,13.402
2026-07-11T05:00:00,11.677
2026-07-11T06:00:00,9.215
2026-07-11T07:00:00,9.681
2026-07-11T08:00:00,8.798
2026-07-11T09:00:00,10.307
2026-07-11T10:00:00,10.580
2026-07-11T11:00:00,10.899
2026-07-11T12:00:00,11.997
2026-07-11T13:00:00,13.990
2026-07-11T14:00:00,15.070
2026-07-11T15:00:00,15.891
2026-07-11T16:00:00,16.797
2026-07-11T17:00:00,17.966
2026-07-11T18:00:00,19.815
2026-07-11T19:00:00,19.150
2026-07-11T20:00:00,20.659
2026-07-11T21:00:00,20.684
2026-07-11T22:00:00,19.566
2026-07-11T23:00:00,17.240
2026-07-12T00:00:00,17.619
2026-07-12T01:00:00,17.483
2026-07-12T02:00:00,15.014
2026-07-12T03:00:00,13.767
2026-07-12T04:00:00,10.985
2026-07-12T05:00:00,9.065
2026-07-12T06:00:00,9.828
2026-07-12T07:00:00,9.138
2026-07-12T08:00:00,9.856
2026-07-12T09:00:00,10.266
2026-07-12T10:00:00,9.160
2026-07-12T11:00:00,11.196
2026-07-12T12:00:00,13.241
2026-07-12T13:00:00,13.053
2026-07-12T14:00:00,15.496
2026-07-12T15:00:00,16.109
2026-07-12T16:00:00,19.444
2026-07-12T17:00:00,20.355
2026-07-12T18:00:00,19.921
2026-07-12T19:00:00,21.046
2026-07-12T20:00:00,20.703
2026-07-12T21:00:00,22.461
2026-07-12T22:00:00,22.257
2026-07-12T23:00:00,20.422
2026-07-13T00:00:00,17.949
2026-07-13T01:00:00,14.841
2026-07-13T02:00:00,15.707
2026-07-13T03:00:00,12.890
2026-07-13T04:00:00,12.650
2026-07-13T05:00:00,12.479
2026-07-13T06:00:00,11.515
2026-07-13T07:00:00,10.300
2026-07-13T08:00:00,9.705
2026-07-13T09:00:00,9.966
2026-07-13T10:00:00,10.287
2026-07-13T11:00:00,11.861
2026-07-13T12:00:00,12.440
2026-07-13T13:00:00,15.284
2026-07-13T14:00:00,14.490
2026-07-13T15:00:00,17.770
2026-07-13T16:00:00,18.206
2026-07-13T17:00:00,20.681
2026-07-13T18:00:00,19.879
2026-07-13T19:00:00,19.928
2026-07-13T20:00:00,20.336
2026-07-13T21:00:00,20.397
2026-07-13T22:00:00,19.770
2026-07-13T23:00:00,20.161
2026-07-14T00:00:00,17.495
2026-07-14T01:00:00,18.211
2026-07-14T02:00:00,15.334
2026-07-14T03:00:00,13.731
2026-07-14T04:00:00,11.374
2026-07-14T05:00:00,9.420
2026-07-14T06:00:00,10.470
2026-07-14T07:00:00,10.458
2026-07-14T08:00:00,9.063
2026-07-14T09:00:00,10.806
2026-07-14T10:00:00,11.080
2026-07-14T11:00:00,12.784
2026-07-14T12:00:00,12.297
2026-07-14T13:00:00,14.327
2026-07-14T14:00:00,15.831
2026-07-14T15:00:00,18.255
2026-07-14T16:00:00,16.724
2026-07-14T17:00:00,18.150
2026-07-14T18:00:00,19.827
2026-07-14T19:00:00,18.191
2026-07-14T20:00:00,18.228
2026-07-14T21:00:00,20.168
2026-07-14T22:00:00,20.672
2026-07-14T23:00:00,19.513
2026-07-15T00:00:00,17.891
2026-07-15T01:00:00,18.265
2026-07-15T02:00:00,14.619
2026-07-15T03:00:00,15.389
2026-07-15T04:00:00,12.551
2026-07-15T05:00:00,10.540
2026-07-15T06:00:00,11.424
2026-07-15T07:00:00,9.946
2026-07-15T08:00:00,9.294
2026-07-15T09:00:00,9.890
2026-07-15T10:00:00,10.059
2026-07-15T11:00:00,12.048
2026-07-15T12:00:00,13.906
2026-07-15T13:00:00,13.795
2026-07-15T14:00:00,16.992
2026-07-15T15:00:00,15.367
2026-07-15T16:00:00,18.896
2026-07-15T17:00:00,19.449
2026-07-15T18:00:00,19.013
2026-07-15T19:00:00,19.976
2026-07-15T20:00:00,22.412
2026-07-15T21:00:00,22.043
2026-07-15T22:00:00,20.813
2026-07-15T23:00:00,20.079
2026-07-16T00:00:00,16.619
2026-07-16T01:00:00,13.527
2026-07-16T02:00:00,14.976
2026-07-16T03:00:00,11.771
2026-07-16T04:00:00,11.792
2026-07-16T05:00:00,10.387
2026-07-16T06:00:00,11.805
2026-07-16T07:00:00,10.359
2026-07-16T08:00:00,10.178
2026-07-16T09:00:00,10.410
2026-07-16T10:00:00,10.358
2026-07-16T11:00:00,11.008
2026-07-16T12:00:00,12.783
2026-07-16T13:00:00,14.186
2026-07-16T14:00:00,16.032
2026-07-16T15:00:00,17.102
2026-07-16T16:00:00,18.703
2026-07-16T17:00:00,20.171
2026-07-16T18:00:00,20.224
2026-07-16T19:00:00,20.211
2026-07-16T20:00:00,20.992
2026-07-16T21:00:00,20.821
2026-07-16T22:00:00,19.085
2026-07-16T23:00:00,18.239
2026-07-17T00:00:00,17.699
2026-07-17T01:00:00,18.288
2026-07-17T02:00:00,15.107
2026-07-17T03:00:00,13.740
2026-07-17T04:00:00,12.064
2026-07-17T05:00:00,11.907
2026-07-17T06:00:00,9.636
2026-07-17T07:00:00,10.011
2026-07-17T08:00:00,9.622
2026-07-17T09:00:00,10.990
2026-07-17T10:00:00,10.683
2026-07-17T11:00:00,11.709
2026-07-17T12:00:00,11.681
2026-07-17T13:00:00,14.848
2026-07-17T14:00:00,14.743
2026-07-17T15:00:00,16.567
2026-07-17T16:00:00,17.857
2026-07-17T17:00:00,18.194
2026-07-17T18:00:00,19.846
2026-07-17T19:00:00,21.109
2026-07-17T20:00:00,19.344
2026-07-17T21:00:00,21.096
2026-07-17T22:00:00,21.789
2026-07-17T23:00:00,18.538
2026-07-18T00:00:00,16.888
2026-07-18T01:00:00,16.828
2026-07-18T02:00:00,16.094
2026-07-18T03:00:00,13.815
2026-07-18T04:00:00,13.235
2026-07-18T05:00:00,11.835
2026-07-18T06:00:00,10.486
2026-07-18T07:00:00,9.606
2026-07-18T08:00:00,9.896
2026-07-18T09:00:00,9.607
2026-07-18T10:00:00,11.034
2026-07-18T11:00:00,11.843
2026-07-18T12:00:00,12.544
2026-07-18T13:00:00,13.555
2026-07-18T14:00:00,15.814
2026-07-18T15:00:00,17.214
2026-07-18T16:00:00,18.056
2026-07-18T17:00:00,18.830
2026-07-18T18:00:00,21.245
2026-07-18T19:00:00,18.589
2026-07-18T20:00:00,18.892
2026-07-18T21:00:00,21.294
2026-07-18T22:00:00,21.101
2026-07-18T23:00:00,20.412
2026-07-19T00:00:00,16.941
2026-07-19T01:00:00,16.596
2026-07-19T02:00:00,15.252
2026-07-19T03:00:00,13.618
2026-07-19T04:00:00,12.285
2026-07-19T05:00:00,10.431
2026-07-19T06:00:00,10.739
2026-07-19T07:00:00,9.598
2026-07-19T08:00:00,10.330
2026-07-19T09:00:00,9.775
2026-07-19T10:00:00,11.159
2026-07-19T11:00:00,12.325
2026-07-19T12:00:00,12.642
2026-07-19T13:00:00,15.702
2026-07-19T14:00:00,14.194
2026-07-19T15:00:00,18.844
2026-07-19T16:00:00,17.642
2026-07-19T17:00:00,20.138
2026-07-19T18:00:00,20.683
2026-07-19T19:00:00,19.773
2026-07-19T20:00:00,21.071
2026-07-19T21:00:00,19.306
2026-07-19T22:00:00,20.167
2026-07-19T23:00:00,19.643
2026-07-20T00:00:00,18.442
2026-07-20T01:00:00,17.617
2026-07-20T02:00:00,16.451
2026-07-20T03:00:00,15.226
2026-07-20T04:00:00,12.600
2026-07-20T05:00:00,11.173
2026-07-20T06:00:00,10.217
2026-07-20T07:00:00,9.641
2026-07-20T08:00:00,10.343
2026-07-20T09:00:00,10.586
2026-07-20T10:00:00,10.423
2026-07-20T11:00:00,12.137
2026-07-20T12:00:00,11.374
2026-07-20T13:00:00,13.704
2026-07-20T14:00:00,16.539
2026-07-20T15:00:00,15.093
2026-07-20T16:00:00,18.202
2026-07-20T17:00:00,19.273
2026-07-20T18:00:00,20.417
2026-07-20T19:00:00,18.081
2026-07-20T20:00:00,21.237
2026-07-20T21:00:00,17.148
2026-07-20T22:00:00,19.177
2026-07-20T23:00:00,19.575
